Rk,Player,Nation,Pos,Squad,Age,Born,90s,CrdY,CrdR,2CrdY,Fls,Fld,Off,Crs,Int,TklW,PKwon,PKcon,OG,Matches1,Yunis Abdelhamid\Yunis-Abdelhamid,ma MAR,DF,Dijon,28,1987,14.6,3,0,0,21,8,1,1,42,36,0,1,0,Matches2,Mehdi Abeid\Mehdi-Abeid,dz ALG,MF,Dijon,23,1992,26.4,8,0,0,56,41,0,56,46,67,0,0,0,Matches3,Geoffrey Acheampong\Geoffrey-Acheampong,gh GHA,MF,Bastia,19,1997,0.1,0,0,0,1,0,1,0,0,1,0,0,0,Matches4,Jordan Adéoti\Jordan-Adeoti,bj BEN,DF,Caen,27,1989,23.6,3,0,0,27,22,0,12,54,37,0,2,0,Matches5,Youssef Aït Bennasser\Youssef-Ait-Bennasser,ma MAR,MF,Nancy,20,1996,21.4,3,0,0,25,27,1,10,32,31,0,0,0,Matches6,Jean-Daniel Akpa-Akpro\Jean-Daniel-Akpa-Akpro,ci CIV,DFMF,Toulouse,23,1992,0.8,1,0,0,4,3,0,2,0,4,0,0,0,Matches7,Alexis Alegue\Alexis-Alegue,fr FRA,FW,Nantes,19,1996,0.2,0,0,0,0,2,0,1,0,0,0,0,0,Matches8,Romain Alessandrini\Romain-Alessandrini,fr FRA,FWMF,Marseille,27,1989,2.7,1,0,0,3,1,1,17,1,1,0,0,0,Matches9,Jérémie Aliadière\Jeremie-Aliadiere,fr FRA,FW,Lorient,33,1983,5.4,0,0,0,10,5,8,18,2,2,0,0,0,Matches10,Júnior Alonso\Junior-Alonso,py PAR,DF,Lille,23,1993,10.7,1,0,0,12,3,1,1,26,11,0,0,1,Matches11,Ibrahim Amadou\Ibrahim-Amadou,fr FRA,MF,Lille,23,1993,32.8,4,0,0,39,21,0,8,60,58,0,0,0,Matches12,Morgan Amalfitano\Morgan-Amalfitano,fr FRA,MFFW,Lille,31,1985,8.1,0,0,0,10,9,0,27,8,5,0,0,0,Matches13,Morgan Amalfitano\Morgan-Amalfitano,fr FRA,MF,Rennes,31,1985,4.5,0,0,0,7,4,0,29,7,4,0,0,0,Matches14,Romain Amalfitano\Romain-Amalfitano,fr FRA,MF,Dijon,26,1989,15.8,2,0,0,18,17,1,21,37,30,0,0,0,Matches15,Kelvin Amian\Kelvin-Amian,fr FRA,DF,Toulouse,18,1998,19.7,1,0,0,16,10,1,45,26,36,0,1,0,Matches16,Benjamin André\Benjamin-Andre,fr FRA,MF,Rennes,25,1990,35.7,6,0,0,58,63,2,18,72,85,0,2,0,Matches17,Yoann Andreu\Yoann-Andreu,fr FRA,DF,Angers,27,1989,15.2,3,0,0,11,13,2,41,33,19,0,0,0,Matches18,Benjamin Angoua\Benjamin-Angoua,ci CIV,DF,Guingamp,29,1986,6,0,0,0,12,4,0,1,13,6,0,0,0,Matches19,Houssem Aouar\Houssem-Aouar,fr FRA,FW,Lyon,18,1998,1.4,0,0,0,0,1,0,0,2,1,0,0,0,Matches20,Mauro Arambarri\Mauro-Arambarri,uy URU,MF,Bordeaux,20,1995,0.4,0,0,0,1,1,0,0,2,1,0,0,0,Matches21,Alphonse Areola\Alphonse-Areola,fr FRA,GK,Paris S-G,23,1993,14.4,0,0,0,0,2,0,0,3,2,0,0,0,Matches22,Fernando Aristeguieta\Fernando-Aristeguieta,ve VEN,FW,Nantes,24,1992,0.6,0,0,0,1,0,0,0,2,1,0,0,0,Matches23,Sylvain Armand\Sylvain-Armand,fr FRA,DF,Rennes,35,1980,0.7,0,0,0,0,0,0,0,5,0,0,0,0,Matches24,Benoît Assou-Ekotto\Benoit-Assou-Ekotto,cm CMR,DF,Metz,32,1984,16.4,1,3,1,17,20,2,38,46,14,0,1,0,Matches25,Jean-Kévin Augustin\Jean-Kevin-Augustin,fr FRA,FW,Paris S-G,19,1997,2.2,0,0,0,2,2,4,1,2,0,0,0,0,Matches26,Serge Aurier\Serge-Aurier,ci CIV,DF,Paris S-G,23,1992,20.3,4,2,1,19,19,6,110,36,33,1,1,1,Matches27,Ludovic Baal\Ludovic-Baal,gf GUF,DFMF,Rennes,30,1986,32,3,1,0,32,19,4,69,50,70,1,0,0,Matches28,Loic Badiashile\Loic-Badiashile,fr FRA,GK,Monaco,18,1998,0.5,0,0,0,0,0,0,0,0,0,0,0,0,Matches29,Tobias Badila\Tobias-Badila,cg CGO,DF,Nancy,23,1993,25,7,0,0,30,17,3,38,64,57,0,0,1,Matches30,Dylan Bahamboula\Dylan-Bahamboula,cg CGO,FW,Dijon,21,1995,5.8,1,0,0,8,4,2,13,3,2,0,0,0,Matches31,Farès Bahlouli\Fares-Bahlouli,fr FRA,MF,Lille,21,1995,1.1,0,0,0,4,3,0,2,1,0,0,0,0,Matches32,Tiemoué Bakayoko\Tiemoue-Bakayoko,fr FRA,MF,Monaco,21,1994,24.7,2,1,0,56,53,0,5,58,56,0,1,0,Matches33,Iván Balliu\Ivan-Balliu,al ALB,DF,Metz,24,1992,25.9,4,0,0,27,31,1,90,63,41,0,0,1,Matches34,Florent Balmont\Florent-Balmont,fr FRA,MF,Dijon,36,1980,19,7,0,0,23,38,1,29,15,33,0,1,0,Matches35,Mario Balotelli\Mario-Balotelli,it ITA,FW,Nice,25,1990,19.3,6,4,1,57,66,20,6,9,6,1,0,0,Matches36,Abdoulaye Bamba\Abdoulaye-Bamba,ci CIV,DF,Angers,26,1990,6.6,2,0,0,6,2,0,16,12,8,0,0,1,Matches37,Jonathan Bamba\Jonathan-Bamba,fr FRA,FW,Angers,20,1996,9.3,0,0,0,8,21,1,18,6,11,0,0,0,Matches38,Yacine Bammou\Yacine-Bammou,ma MAR,FWMF,Nantes,24,1991,19.8,7,0,0,35,11,18,52,15,29,0,0,0,Matches39,Maxime Barthelmé\Maxime-Barthelme,fr FRA,FWMF,Lorient,27,1988,3.6,1,0,0,5,6,0,23,6,5,0,0,0,Matches40,Marko Ba_a\Marko-Basa,me MNE,DF,Lille,33,1982,21.7,0,0,0,15,26,1,1,45,15,0,0,0,Matches41,Nicolas Basin\Nicolas-Basin,fr FRA,DF,Metz,18,1998,0.3,0,0,0,0,0,0,0,1,2,0,0,0,Matches42,Amine Bassi\Amine-Bassi,fr FRA,MF,Nancy,18,1997,1,0,0,0,1,0,0,2,1,2,0,0,0,Matches43,Éric Bauthéac\Eric-Bautheac,fr FRA,MFFW,Lille,28,1987,8.1,4,0,0,16,21,2,58,7,6,0,0,0,Matches44,Paul Baysse\Paul-Baysse,fr FRA,DF,Nice,28,1988,20.6,1,0,0,8,20,5,0,36,29,0,0,0,Matches45,Hervé Bazile\Herve-Bazile,ht HAI,MFFW,Caen,26,1990,8.1,1,0,0,10,8,6,83,9,11,0,0,0,Matches46,Henri Bedimo\Henri-Bedimo,cm CMR,DF,Marseille,32,1984,13,2,0,0,8,20,2,31,20,9,0,0,0,Matches47,Jérémie Bela\Jeremie-Bela,ao ANG,MFFW,Dijon,23,1993,4.2,0,0,0,3,5,1,27,4,2,0,0,0,Matches48,Younès Belhanda\Younes-Belhanda,ma MAR,FWMF,Nice,26,1990,28.2,8,1,0,46,41,6,8,12,33,1,0,0,Matches49,François Bellugou\Francois-Bellugou,fr FRA,MFDF,Lorient,29,1987,15.8,5,1,0,39,7,2,4,31,29,0,0,0,Matches50,Anthony Belmonte\Anthony-Belmonte,fr FRA,MF,Dijon,20,1995,2.9,0,0,0,6,0,0,1,4,3,0,0,0,Matches51,Hatem Ben Arfa\Hatem-Ben-Arfa,fr FRA,MFFW,Paris S-G,29,1987,7.1,1,0,0,13,16,4,24,0,5,1,0,0,Matches52,Issam Ben Khémis\Issam-Ben-Khemis,tn TUN,MF,Lorient,20,1996,0.3,0,0,0,2,1,0,0,3,0,0,0,0,Matches53,Syam Ben Youssef\Syam-Ben-Youssef,tn TUN,DF,Caen,27,1989,14.4,6,0,0,22,5,1,3,62,24,0,2,0,Matches54,Nicolas Benezet\Nicolas-Benezet,fr FRA,FW,Guingamp,25,1991,1.9,0,0,0,3,3,1,9,3,4,0,0,0,Matches55,Pierre Bengtsson\Pierre-Bengtsson,se SWE,DFMF,Bastia,28,1988,29.2,0,0,0,11,14,3,127,42,29,0,0,1,Matches56,Walter Benítez\Walter-Benitez,ar ARG,GK,Nice,23,1993,2.4,0,0,0,0,0,0,0,0,0,0,0,0,Matches57,Ramy Bensebaini\Ramy-Bensebaini,dz ALG,DF,Rennes,21,1995,20.4,4,2,0,26,22,0,22,57,45,0,1,0,Matches58,Yassine Benzia\Yassine-Benzia,dz ALG,MF,Lille,21,1994,18.1,3,0,0,47,49,2,28,17,28,1,0,0,Matches59,Franck Béria\Franck-Beria,fr FRA,DF,Lille,33,1983,25.8,7,2,1,47,32,0,28,63,21,0,1,0,Matches60,Robert Beri_\Robert-Beric,si SVN,FW,Saint-Étienne,25,1991,16,0,0,0,13,28,24,3,4,5,1,0,0,Matches61,Kévin Bérigaud\Kevin-Berigaud,fr FRA,MFFW,Montpellier,28,1988,6.9,0,0,0,16,8,0,15,5,4,0,0,0,Matches62,Kévin Bérigaud\Kevin-Berigaud,fr FRA,FW,Angers,28,1988,5.2,1,0,0,9,10,0,13,5,4,0,0,0,Matches63,Quentin Bernard\Quentin-Bernard,fr FRA,DF,Dijon,27,1989,6.2,1,0,0,7,7,0,26,12,20,0,1,0,Matches64,Vincent Bessat\Vincent-Bessat,fr FRA,DFMF,Caen,30,1985,31.3,3,0,0,23,14,5,319,63,50,0,0,0,Matches65,Thievy Bifouma\Thievy-Bifouma,cg CGO,FWMF,Bastia,24,1992,7.9,3,0,0,15,16,5,10,8,10,1,0,0,Matches66,Milan Bi_evac\Milan-Bisevac,rs SRB,DF,Metz,32,1983,20.4,4,1,0,16,7,2,0,42,17,0,0,0,Matches67,Yves Bissouma\Yves-Bissouma,ml MLI,MFFW,Lille,19,1996,8.5,4,1,0,19,17,1,9,12,32,0,0,0,Matches68,Ludovic Blas\Ludovic-Blas,fr FRA,MF,Guingamp,18,1997,12.9,5,0,0,22,13,1,6,16,13,0,1,0,Matches69,Alexis Blin\Alexis-Blin,fr FRA,MF,Toulouse,19,1996,23.9,5,2,1,39,27,0,5,45,41,0,0,0,Matches70,Yann Bodiger\Yann-Bodiger,fr FRA,MF,Toulouse,21,1995,20.4,7,1,0,37,20,0,44,44,45,0,0,0,Matches71,Mathieu Bodmer\Mathieu-Bodmer,fr FRA,MFDF,Guingamp,33,1982,7.5,2,0,0,6,5,2,3,12,8,0,0,0,Matches72,Mathieu Bodmer\Mathieu-Bodmer,fr FRA,MF,Nice,33,1982,6.5,2,0,0,15,6,0,1,12,2,0,0,0,Matches73,Olivier Boscagli\Olivier-Boscagli,fr FRA,DF,Nice,18,1997,0.5,0,0,0,0,0,0,0,2,4,0,0,0,Matches74,Gabriel Boschilia\Gabriel-Boschilia,br BRA,MFFW,Monaco,20,1996,4.9,1,0,0,4,13,1,23,4,7,0,0,0,Matches75,Ryad Boudebouz\Ryad-Boudebouz,dz ALG,MFFW,Montpellier,26,1990,32.5,4,0,0,20,50,4,231,18,25,0,0,0,Matches76,Arnold Bouka Moutou\Arnold-Bouka-Moutou,cg CGO,DF,Dijon,27,1988,8.4,3,2,1,10,13,0,9,22,19,0,0,0,Matches77,Farid Boulaya\Farid-Boulaya,dz ALG,FW,Bastia,23,1993,0.2,0,0,0,0,1,0,2,0,0,0,0,0,Matches78,Grégory Bourillon\Gregory-Bourillon,fr FRA,DFMF,Angers,32,1984,3.8,1,0,0,3,1,0,1,5,5,0,0,0,Matches79,Martin Braithwaite\Martin-Braithwaite,dk DEN,FWMF,Toulouse,25,1991,32.7,7,0,0,51,56,10,32,17,12,2,0,0,Matches80,Jimmy Briand\Jimmy-Briand,fr FRA,FW,Guingamp,30,1985,32,2,0,0,34,71,12,33,17,22,0,0,0,Matches81,Patrick Burner\Patrick-Burner,fr FRA,MFDF,Nice,20,1996,2.8,0,0,0,3,2,0,3,3,3,0,0,0,Matches82,Alexis Busin\Alexis-Busin,fr FRA,MFFW,Nancy,20,1995,2.7,0,0,0,3,1,0,16,2,1,0,0,0,Matches83,Erick Cabaco\Erick-Cabaco,uy URU,DF,Nancy,21,1995,17.9,1,1,0,13,18,2,2,42,18,0,0,0,Matches84,Rémy Cabella\Remy-Cabella,fr FRA,FWMF,Marseille,26,1990,17.6,4,0,0,23,29,13,35,16,30,0,0,0,Matches85,Jimmy Cabot\Jimmy-Cabot,fr FRA,MFFW,Lorient,22,1994,14.2,1,0,0,13,16,1,137,13,27,0,0,0,Matches86,Jerson Cabral\Jerson-Cabral,nl NED,FW,Bastia,25,1991,0.8,0,0,0,3,2,0,6,0,2,0,0,0,Matches87,Mathieu Cafaro\Mathieu-Cafaro,fr FRA,FWMF,Toulouse,19,1997,0.7,1,0,0,3,3,0,4,0,5,0,0,0,Matches88,Cafú\Cafu,pt POR,MF,Lorient,23,1993,13.1,3,0,0,16,25,1,10,19,7,1,0,0,Matches89,Yannick Cahuzac\Yannick-Cahuzac,fr FRA,MF,Bastia,31,1985,27,8,7,3,51,35,2,8,98,48,0,1,0,Matches90,Lorenzo Callegari\Lorenzo-Callegari,fr FRA,MF,Paris S-G,18,1998,0,0,0,0,0,0,0,0,0,0,0,0,0,Matches91,Souleymane Camara\Souleymane-Camara,sn SEN,MFFW,Montpellier,33,1982,12.1,0,0,0,17,19,3,28,6,12,1,0,0,Matches92,Pierrick Capelle\Pierrick-Capelle,fr FRA,FWMF,Angers,29,1987,19.4,4,0,0,23,14,2,54,29,39,0,0,0,Matches93,Yoan Cardinale\Yoan-Cardinale,fr FRA,GK,Nice,22,1994,35.6,2,0,0,0,9,0,0,1,0,0,0,0,Matches94,Irvin Cardona\Irvin-Cardona,fr FRA,FW,Monaco,18,1997,0.2,0,0,0,2,0,0,1,0,0,0,0,0,Matches95,Diego Carlos\Diego-Carlos,br BRA,DF,Nantes,23,1993,32.8,8,0,0,50,12,2,2,44,52,0,2,0,Matches96,Cédric Carrasso\Cedric-Carrasso,fr FRA,GK,Bordeaux,34,1981,24,0,0,0,0,0,0,0,0,0,0,0,0,Matches97,Guido Carrillo\Guido-Carrillo,ar ARG,FW,Monaco,25,1991,6.6,0,0,0,12,3,1,2,1,5,0,0,0,Matches98,Ivan Cavaleiro\Ivan-Cavaleiro,pt POR,FW,Monaco,22,1993,1.1,0,0,0,1,1,0,1,1,0,0,0,0,Matches99,Edinson Cavani\Edinson-Cavani,uy URU,FW,Paris S-G,29,1987,32.9,5,0,0,28,12,62,15,15,18,2,0,0,Matches100,Dimitri Cavaré\Dimitri-Cavare,fr FRA,DF,Rennes,21,1995,1.2,0,0,0,0,1,0,0,5,3,0,0,0,Matches101,Julien Cétout\Julien-Cetout,fr FRA,MFDF,Nancy,28,1988,25.9,3,0,0,17,21,0,57,52,25,0,0,0,Matches102,Fouad Chafik\Fouad-Chafik,ma MAR,DF,Dijon,29,1986,26.6,2,0,0,29,25,0,62,72,74,0,3,0,Matches103,Kwon Chang-hoon\Kwon-Chang-hoon,kr KOR,FW,Dijon,22,1994,2.5,1,0,0,2,7,3,14,4,2,0,0,0,Matches104,Clément Chantôme\Clement-Chantome,fr FRA,MF,Rennes,28,1987,3.7,1,0,0,3,5,0,0,6,9,0,0,0,Matches105,Paul Charruau\Paul-Charruau,fr FRA,GK,Bastia,23,1993,0.5,0,0,0,0,0,0,0,0,0,0,0,0,Matches106,Sergei Chernik\Sergei-Chernik,by BLR,GK,Nancy,28,1988,15.3,0,0,0,0,3,0,0,0,1,0,1,0,Matches107,Michaël Chrétien\Michael-Chretien,ma MAR,DF,Nancy,32,1984,12.5,1,0,0,5,9,0,1,28,17,0,1,0,Matches108,Michaël Ciani\Michael-Ciani,fr FRA,DF,Lorient,32,1984,24.1,5,0,0,28,14,0,2,69,19,0,1,0,Matches109,Gilles Cioni\Gilles-Cioni,fr FRA,DF,Bastia,32,1984,22.9,7,0,0,21,20,1,37,42,38,0,0,1,Matches110,Issa Cissokho\Issa-Cissokho,sn SEN,DF,Angers,31,1985,12.9,2,1,0,11,10,0,25,27,16,0,0,0,Matches111,Renato Civelli\Renato-Civelli,ar ARG,DF,Lille,32,1983,12.2,4,0,0,11,8,0,0,19,14,0,0,0,Matches112,Jérémy Clément\Jeremy-Clement,fr FRA,MF,Saint-Étienne,31,1984,3.7,0,0,0,6,2,0,0,6,9,0,0,0,Matches113,Marcus Coco\Marcus-Coco,fr FRA,MFFW,Guingamp,20,1996,29,6,0,0,52,43,13,69,27,43,1,1,0,Matches114,Renaud Cohade\Renaud-Cohade,fr FRA,MF,Metz,31,1984,30.9,11,1,0,47,32,13,196,46,73,0,2,0,Matches115,Daniel Congré\Daniel-Congre,fr FRA,DF,Montpellier,31,1985,20.2,2,1,0,23,18,0,3,52,19,0,1,0,Matches116,Diego Contento\Diego-Contento,de GER,DF,Bordeaux,26,1990,23.4,3,0,0,33,40,0,51,62,44,0,0,1,Matches117,Sébastien Corchia\Sebastien-Corchia,fr FRA,DFMF,Lille,25,1990,38,4,0,0,31,64,1,163,77,66,3,0,0,Matches118,Benjamin Corgnet\Benjamin-Corgnet,fr FRA,FWMF,Saint-Étienne,29,1987,4.4,1,0,0,13,12,0,2,2,5,0,0,0,Matches119,Maxwel Cornet\Maxwel-Cornet,ci CIV,FWMF,Lyon,19,1996,21.1,1,0,0,21,24,11,42,11,29,0,0,1,Matches120,Benoît Costil\Benoit-Costil,fr FRA,GK,Rennes,29,1987,38,1,0,0,0,5,0,0,1,1,0,0,0,Matches121,Karim Coulibaly\Karim-Coulibaly,fr FRA,FWMF,Nancy,23,1993,6.2,0,0,0,8,3,0,27,7,7,0,0,0,Matches122,Lassana Coulibaly\Lassana-Coulibaly,ml MLI,MF,Bastia,20,1996,25.3,4,0,0,24,48,1,14,29,47,0,0,0,Matches123,Enzo Crivelli\Enzo-Crivelli,fr FRA,FW,Bastia,21,1995,23,7,2,1,41,39,12,0,6,14,0,0,0,Matches124,Joffrey Cuffaut\Joffrey-Cuffaut,fr FRA,DF,Nancy,28,1988,28.5,8,0,0,29,39,2,67,54,50,0,0,1,Matches125,Wylan Cyprien\Wylan-Cyprien,fr FRA,MF,Nice,21,1995,27,2,0,0,27,68,2,25,14,27,0,0,0,Matches126,Damien Da Silva\Damien-Da-Silva,fr FRA,DF,Caen,28,1988,35.2,4,3,1,34,33,0,6,79,61,0,1,1,Matches127,Bryan Dabo\Bryan-Dabo,bf BFA,MFDF,Saint-Étienne,24,1992,7.1,3,0,0,12,18,1,0,8,5,0,1,0,Matches128,Mouhamadou Dabo\Mouhamadou-Dabo,fr FRA,DF,Caen,29,1986,1.6,1,0,0,6,3,0,9,5,2,0,1,0,Matches129,Maurice Dalé\Maurice-Dale,fr FRA,FW,Nancy,31,1985,16.2,1,0,0,24,22,26,12,7,8,0,0,0,Matches130,Gaël Danic\Gael-Danic,fr FRA,MF,Bastia,34,1981,20.5,8,2,1,25,24,4,122,22,23,0,0,0,Matches131,Dante\Dante,br BRA,DF,Nice,32,1983,33,5,0,0,26,19,0,0,41,24,0,0,0,Matches132,Romain Danzé\Romain-Danze,fr FRA,DF,Rennes,30,1986,34.4,2,0,0,31,11,1,65,66,42,0,1,0,Matches133,Sergi Darder\Sergi-Darder,es ESP,MF,Lyon,22,1993,15.7,3,0,0,15,17,2,4,15,10,0,0,0,Matches134,Nill De Pauw\Nill-De-Pauw,cd COD,FWMF,Guingamp,26,1990,8.5,1,0,0,13,3,6,22,7,10,0,1,0,Matches135,Morgan De Sanctis\Morgan-De-Sanctis,it ITA,GK,Monaco,39,1977,1,0,0,0,0,0,0,0,0,0,0,0,0,Matches136,Lucas Deaux\Lucas-Deaux,fr FRA,MF,Guingamp,27,1988,34.2,4,0,0,69,26,4,29,53,62,0,1,0,Matches137,Jonathan Delaplace\Jonathan-Delaplace,fr FRA,MF,Caen,30,1986,29.3,3,0,0,35,37,2,52,42,53,2,0,0,Matches138,Paul Delecroix\Paul-Delecroix,fr FRA,GK,Lorient,27,1988,7,1,0,0,0,2,0,0,2,1,0,1,0,Matches139,Andy Delort\Andy-Delort,dz ALG,FW,Toulouse,24,1991,13.5,0,0,0,28,18,7,19,1,7,0,0,0,Matches140,Memphis Depay\Memphis-Depay,nl NED,MFFW,Lyon,22,1994,13.2,1,0,0,13,25,5,61,8,10,1,0,0,Matches141,Quentin Depehi\Quentin-Depehi,fr FRA,FW,Toulouse,19,1997,0.1,0,0,,1,,,,,,,,,Matches142,Mathieu Deplagne\Mathieu-Deplagne,fr FRA,DF,Montpellier,24,1991,12.5,5,0,0,23,14,0,25,17,21,0,1,0,Matches143,Ángel Di María\Angel-Di-Maria,ar ARG,FW,Paris S-G,28,1988,22.6,1,1,0,16,28,14,251,16,14,0,0,0,Matches144,Issiar Dia\Issiar-Dia,sn SEN,FW,Nancy,29,1987,22.2,3,0,0,22,49,16,45,16,10,0,1,0,Matches145,Cheick Diabaté\Cheick-Diabate,ml MLI,FW,Metz,28,1988,11.7,2,0,0,37,19,25,4,3,5,1,0,0,Matches146,Abou Diaby\Abou-Diaby,fr FRA,MF,Marseille,30,1986,1.4,1,0,0,2,2,0,0,2,0,0,0,0,Matches147,Fallou Diagne\Fallou-Diagne,sn SEN,MF,Metz,26,1989,11.1,3,1,0,19,7,1,6,24,9,0,1,0,Matches148,Modou Diagne\Modou-Diagne,sn SEN,DF,Nancy,22,1994,20.5,1,1,0,13,7,2,0,49,23,0,0,0,Matches149,Adama Diakhaby\Adama-Diakhaby,fr FRA,MF,Rennes,20,1996,8.1,2,0,0,4,16,2,16,9,13,0,0,0,Matches150,Mouctar Diakhaby\Mouctar-Diakhaby,fr FRA,DF,Lyon,19,1996,21.4,5,0,0,19,16,2,1,37,23,2,0,0,Matches151,Abdou Diallo\Abdou-Diallo,sn SEN,DF,Monaco,20,1996,4.3,0,0,0,7,3,1,1,13,8,0,1,0,Matches152,Habib Diallo\Habib-Diallo,sn SEN,FWMF,Metz,21,1995,9.2,0,0,0,14,10,8,5,3,4,1,0,0,Matches153,Mustapha Diallo\Mustapha-Diallo,sn SEN,MF,Guingamp,30,1986,19.4,8,2,1,54,43,14,4,35,27,0,2,1,Matches154,Sadio Diallo\Sadio-Diallo,gn GUI,MFFW,Bastia,25,1990,15.7,3,0,0,21,47,3,23,19,12,0,0,0,Matches155,Alou Diarra\Alou-Diarra,fr FRA,MF,Nancy,35,1981,14.3,7,0,0,33,12,1,1,36,32,0,2,0,Matches156,Lassana Diarra\Lassana-Diarra,fr FRA,MF,Marseille,31,1985,8.1,2,0,0,12,9,0,0,11,22,0,0,0,Matches157,Thomas Didillon\Thomas-Didillon,fr FRA,GK,Metz,20,1995,32,0,0,0,0,6,0,0,1,2,0,0,0,Matches158,Étienne Didot\Etienne-Didot,fr FRA,MF,Guingamp,33,1983,23.8,6,0,0,38,30,2,97,38,43,0,0,0,Matches159,Famara Diedhiou\Famara-Diedhiou,sn SEN,FW,Angers,23,1992,25.2,6,0,0,46,34,16,15,11,11,1,0,0,Matches160,Ismaël Diomandé\Ismael-Diomande,ci CIV,MFDF,Caen,23,1992,8.8,3,0,0,10,5,0,6,23,17,0,0,0,Matches161,Lois Diony\Lois-Diony,fr FRA,FW,Dijon,23,1992,31.2,2,1,0,47,54,22,77,4,14,0,0,0,Matches162,Issa Diop\Issa-Diop,fr FRA,DF,Toulouse,19,1997,30,9,0,0,24,23,1,1,54,37,0,1,0,Matches163,Nabil Dirar\Nabil-Dirar,ma MAR,MFDF,Monaco,30,1986,9.7,2,0,0,18,8,0,58,9,18,0,0,0,Matches164,Koffi Djidji\Koffi-Djidji,ci CIV,DFMF,Nantes,23,1992,27.7,7,0,0,37,10,2,2,61,41,0,2,0,Matches165,Alexander Djiku\Alexander-Djiku,gh GHA,DF,Bastia,21,1994,20.6,2,2,0,24,23,1,14,71,36,0,1,0,Matches166,Keagan Dolly\Keagan-Dolly,za RSA,MF,Montpellier,23,1993,5,0,0,0,2,3,0,10,12,5,0,0,0,Matches167,Anastasios Donis\Anastasios-Donis,gr GRE,FWMF,Nice,19,1996,5.1,1,0,0,10,5,6,7,4,6,0,0,0,Matches168,Férébory Doré\Ferebory-Dore,cg CGO,FW,Angers,27,1989,2,0,0,0,4,3,0,0,0,3,0,0,0,Matches169,Dória\Doria,br BRA,DF,Marseille,21,1994,15.2,4,0,0,18,7,1,4,33,15,0,0,0,Matches170,Gabriel Dos Santos\Gabriel-Dos-Santos,br BRA,DF,Lille,18,1997,0.1,0,0,0,0,0,0,0,0,0,0,0,0,Matches171,Cheick Doukouré\Cheick-Doukoure,ci CIV,MF,Metz,23,1992,25.1,7,3,1,43,11,1,11,65,69,0,0,0,Matches172,Tongo Doumbia\Tongo-Doumbia,ml MLI,MF,Toulouse,26,1989,5.3,2,0,0,12,3,0,6,8,15,0,0,0,Matches173,Julian Draxler\Julian-Draxler,de GER,FW,Paris S-G,22,1993,11.2,2,0,0,9,12,4,25,12,7,1,0,0,Matches174,Matthieu Dreyer\Matthieu-Dreyer,fr FRA,GK,Caen,27,1989,2,0,0,0,0,0,0,0,0,0,0,1,0,Matches175,Leo Dubois\Leo-Dubois,fr FRA,DF,Nantes,21,1994,34.8,2,0,0,22,25,0,160,65,59,1,0,1,Matches176,Maxime Dupé\Maxime-Dupe,fr FRA,GK,Nantes,23,1993,16,1,0,0,0,5,0,0,4,0,0,0,0,Matches177,Jimmy Durmaz\Jimmy-Durmaz,se SWE,MF,Toulouse,27,1989,16.9,5,0,0,25,27,3,73,17,13,0,0,0,Matches178,Éder\Eder,pt POR,FW,Lille,28,1987,27.4,3,0,0,57,53,22,27,6,8,2,0,0,Matches179,Odsonne Édouard\Odsonne-Edouard,fr FRA,FWMF,Toulouse,18,1998,6.4,0,0,0,2,8,2,6,4,4,0,0,0,Matches180,Vincent Enyeama\Vincent-Enyeama,ng NGA,GK,Lille,33,1982,31.7,4,0,0,0,5,0,1,4,1,0,1,0,Matches181,Kermit Erasmus\Kermit-Erasmus,za RSA,FW,Rennes,26,1990,1.9,0,0,0,1,3,0,0,0,0,0,0,0,Matches182,Mevlüt Erdinç\Mevlut-Erdinc,tr TUR,FW,Metz,29,1987,15.6,1,0,0,9,10,18,7,3,5,0,0,0,Matches183,Patrice Evra\Patrice-Evra,fr FRA,DF,Marseille,35,1981,9.6,3,0,0,17,13,3,21,17,19,0,0,0,Matches184,Valentin Eysseric\Valentin-Eysseric,fr FRA,FWMF,Nice,24,1992,23.1,4,0,0,22,44,1,23,12,29,1,0,0,Matches185,Fabinho\Fabinho,br BRA,MF,Monaco,22,1993,34.1,8,0,0,67,68,0,13,56,77,1,1,0,Matches186,Radamel Falcao\Radamel-Falcao,co COL,FW,Monaco,30,1986,21.4,2,0,0,27,26,12,4,10,12,1,0,0,Matches187,Simon Falette\Simon-Falette,gn GUI,DF,Metz,24,1992,34.3,7,0,0,38,32,0,5,98,15,1,0,0,Matches188,Rod Fanni\Rod-Fanni,fr FRA,DF,Marseille,34,1981,26.6,7,0,0,27,7,1,4,60,28,0,0,0,Matches189,Nabil Fekir\Nabil-Fekir,fr FRA,MFFW,Lyon,23,1993,24.5,5,1,0,53,60,24,120,2,17,2,0,0,Matches190,Julien Féret\Julien-Feret,fr FRA,MF,Caen,34,1982,34.6,1,0,0,17,38,0,135,62,42,1,0,0,Matches191,Gelson Fernandes\Gelson-Fernandes,ch SUI,MF,Rennes,29,1986,20.4,7,0,0,33,12,2,4,37,65,0,0,1,Matches192,Jordan Ferri\Jordan-Ferri,fr FRA,MF,Lyon,24,1992,11.7,4,0,0,24,15,3,16,7,9,1,0,0,Matches193,Afonso Figueiredo\Afonso-Figueiredo,pt POR,DF,Rennes,23,1993,2.9,0,0,0,1,6,0,12,5,5,0,0,0,Matches194,Moryké Fofana\Moryke-Fofana,ci CIV,MF,Lorient,24,1991,3.9,0,0,0,6,2,3,22,5,6,0,0,0,Matches195,Milan Gaji_\Milan-Gajic,rs SRB,DF,Bordeaux,20,1996,12.6,5,0,0,13,6,3,33,12,18,0,0,0,Matches196,Jordy Gaspar\Jordy-Gaspar,fr FRA,MFDF,Lyon,19,1997,1.9,1,0,0,5,2,1,5,3,1,0,1,0,Matches197,Johan Gastien\Johan-Gastien,fr FRA,MF,Dijon,28,1988,9.9,3,0,0,10,8,0,10,16,11,0,0,0,Matches198,Romain Genevois\Romain-Genevois,ht HAI,DF,Caen,28,1987,9.6,1,0,0,18,6,0,28,25,19,0,0,0,Matches199,Valère Germain\Valere-Germain,fr FRA,FW,Monaco,26,1990,24.7,0,0,0,10,19,8,28,14,16,1,0,0,Matches200,Anwar El Ghazi\Anwar-El-Ghazi,nl NED,MFFW,Lille,21,1995,7.8,2,0,0,12,6,8,14,8,6,0,0,0,Matches201,Lamine Ghezali\Lamine-Ghezali,fr FRA,MF,Saint-Étienne,17,1999,0,0,0,0,0,0,0,1,0,0,0,0,0,Matches202,Rachid Ghezzal\Rachid-Ghezzal,dz ALG,MFFW,Lyon,24,1992,15.3,2,2,1,24,26,4,58,13,15,2,0,0,Matches203,Guillaume Gillet\Guillaume-Gillet,be BEL,MF,Nantes,32,1984,37.4,5,0,0,34,32,1,8,74,66,0,0,0,Matches204,Thibault Giresse\Thibault-Giresse,fr FRA,MF,Guingamp,35,1981,4.8,0,0,0,3,7,0,30,2,5,0,0,0,Matches205,Kamil Glik\Kamil-Glik,pl POL,DF,Monaco,28,1988,36,6,0,0,35,19,3,4,64,16,0,0,0,Matches206,Joris Gnagnon\Joris-Gnagnon,fr FRA,DF,Rennes,19,1997,25.9,2,0,0,26,30,0,3,42,39,0,0,0,Matches207,Mauro Goicoechea\Mauro-Goicoechea,uy URU,GK,Toulouse,28,1988,2,0,0,0,0,0,0,0,0,0,0,0,0,Matches208,Bafétimbi Gomis\Bafetimbi-Gomis,fr FRA,FW,Marseille,30,1985,28.9,6,0,0,43,31,36,4,3,10,1,0,0,Matches209,Maxime Gonalons\Maxime-Gonalons,fr FRA,MF,Lyon,27,1989,28,7,1,0,44,57,0,1,69,86,1,2,0,Matches210,Mathieu Gorgelin\Mathieu-Gorgelin,fr FRA,GK,Lyon,25,1990,1,0,0,0,0,0,0,0,0,0,0,0,0,Matches211,Yoann Gourcuff\Yoann-Gourcuff,fr FRA,MFFW,Rennes,30,1986,25.4,3,0,0,18,39,5,78,13,27,0,0,0,Matches212,Clément Grenier\Clement-Grenier,fr FRA,MF,Lyon,25,1991,0.4,0,0,0,0,0,0,0,1,0,0,0,0,Matches213,Kamil Grosicki\Kamil-Grosicki,pl POL,MF,Rennes,28,1988,11,0,0,0,1,4,2,101,5,2,0,0,0,Matches214,Gonçalo Guedes\Goncalo-Guedes,pt POR,FW,Paris S-G,19,1996,1.6,0,0,0,6,4,1,2,2,0,0,0,0,Matches215,Mattéo Guendouzi\Matteo-Guendouzi,fr FRA,MF,Lorient,17,1999,4.7,2,0,0,9,6,0,2,12,8,0,0,0,Matches216,Diallo Guidileye\Diallo-Guidileye,mr MTN,MF,Nancy,26,1989,19.4,5,0,0,48,37,2,11,28,42,0,2,0,Matches217,Frederic Guilbert\Frederic-Guilbert,fr FRA,DFMF,Caen,21,1994,22.6,4,0,0,26,25,0,73,67,65,0,0,0,Matches218,Frederic Guilbert\Frederic-Guilbert,fr FRA,DF,Bordeaux,21,1994,2.5,0,0,0,2,1,0,0,5,2,0,0,0,Matches219,Théo Guivarch\Theo-Guivarch,fr FRA,GK,Guingamp,20,1995,0.6,0,0,0,0,0,0,0,0,0,0,0,0,Matches220,Oussama Haddadi\Oussama-Haddadi,tn TUN,DF,Dijon,24,1992,12,2,0,0,17,1,1,54,25,22,0,0,0,Matches221,Youssouf Hadji\Youssouf-Hadji,ma MAR,FW,Nancy,36,1980,14.4,1,0,0,12,21,20,12,4,5,0,0,0,Matches222,Pierre-Yves Hamel\Pierre-Yves-Hamel,fr FRA,FW,Lorient,22,1994,0.4,0,0,0,3,1,0,0,0,0,0,0,0,Matches223,Romain Hamouma\Romain-Hamouma,fr FRA,MFFW,Saint-Étienne,29,1987,21.9,2,0,0,22,35,15,107,13,18,4,1,0,Matches224,Amine Harit\Amine-Harit,ma MAR,MF,Nantes,19,1997,24.3,4,1,0,22,81,2,41,30,26,0,0,0,Matches225,Gauthier Hein\Gauthier-Hein,fr FRA,MF,Metz,19,1996,5.8,1,0,0,3,4,1,20,9,7,0,0,0,Matches226,Dalbert Henrique\Dalbert-Henrique,br BRA,DFMF,Nice,22,1993,31.9,7,0,0,26,45,2,94,50,67,1,2,0,Matches227,Pedro Henrique\Pedro-Henrique,br BRA,MF,Rennes,26,1990,3.7,3,0,0,12,2,3,16,6,6,0,0,0,Matches228,Vitorino Hilton\Vitorino-Hilton,br BRA,DF,Montpellier,38,1977,31.1,2,0,0,17,27,0,5,83,26,0,2,0,Matches229,Tomá_ Hubo_an\Tomas-Hubocan,sk SVK,DF,Marseille,30,1985,11.1,4,0,0,17,11,0,2,35,17,0,1,0,Matches230,Adrien Hunou\Adrien-Hunou,fr FRA,MF,Rennes,22,1994,12.7,2,0,0,10,20,5,11,9,20,0,0,0,Matches231,Didier Ibrahim Ndong\Didier-Ibrahim-Ndong,ga GAB,MF,Lorient,22,1994,1.3,0,1,0,3,1,0,0,4,2,0,0,0,Matches232,Jordan Ikoko\Jordan-Ikoko,cd COD,DF,Guingamp,22,1994,25.8,3,0,0,20,20,2,64,51,31,0,0,0,Matches233,Jonathan Ikone\Jonathan-Ikone,fr FRA,MFFW,Montpellier,18,1998,7.4,1,0,0,3,6,0,13,2,6,0,0,0,Matches234,Jonathan Ikone\Jonathan-Ikone,fr FRA,MFFW,Paris S-G,18,1998,1.5,0,0,0,2,0,1,1,2,0,0,0,0,Matches235,Jules Iloki\Jules-Iloki,fr FRA,MFFW,Nantes,24,1992,13.5,2,0,0,21,8,4,56,13,16,0,0,0,Matches236,Emmanuel Imorou\Emmanuel-Imorou,bj BEN,DF,Caen,27,1988,7.8,1,0,0,10,11,0,24,22,14,0,0,0,Matches237,Christophe Jallet\Christophe-Jallet,fr FRA,DF,Lyon,32,1983,12.2,0,0,0,9,4,1,42,12,29,0,0,0,Matches238,Nicolas Janvier\Nicolas-Janvier,fr FRA,MF,Rennes,17,1998,1,0,0,0,0,0,0,0,0,1,0,0,0,Matches239,Corentin Jean\Corentin-Jean,fr FRA,MF,Toulouse,21,1995,14,1,0,0,13,33,5,42,6,3,3,0,0,Matches240,Corentin Jean\Corentin-Jean,fr FRA,FW,Monaco,21,1995,1.1,1,0,0,3,2,0,1,0,1,1,0,0,Matches241,Benjamin Jeannot\Benjamin-Jeannot,fr FRA,FW,Lorient,24,1992,5.8,0,1,0,15,3,0,1,1,1,0,0,1,Matches242,Jemerson\Jemerson,br BRA,DF,Monaco,23,1992,34,8,2,1,44,15,1,0,54,51,1,0,0,Matches243,Jesé\Jese,es ESP,FW,Paris S-G,23,1993,3,0,0,0,3,3,2,5,6,1,0,0,0,Matches244,Karl-Johan Johnsson\Karl-Johan-Johnsson,se SWE,GK,Guingamp,26,1990,36.4,1,1,0,0,7,0,0,1,2,0,1,0,Matches245,Jorge\Jorge,br BRA,DF,Monaco,20,1996,1,0,0,0,0,0,0,2,4,2,0,0,0,Matches246,Jorginho\Jorginho,gw GNB,MF,Saint-Étienne,20,1995,2.9,1,2,1,7,2,0,10,4,2,0,0,0,Matches247,Yann Jouffre\Yann-Jouffre,fr FRA,MF,Metz,32,1984,14.3,1,0,0,15,15,2,62,8,19,0,0,0,Matches248,Geoffrey Jourdren\Geoffrey-Jourdren,fr FRA,GK,Montpellier,30,1986,13,0,0,0,0,0,0,0,1,0,0,1,0,Matches249,Vuka_in Jovanovi_\Vukasin-Jovanovic,rs SRB,DF,Bordeaux,20,1996,7.8,3,0,0,8,6,0,0,22,7,0,1,0,Matches250,Christopher Jullien\Christopher-Jullien,fr FRA,DF,Toulouse,23,1993,35,2,1,0,36,23,2,2,54,33,0,0,0,Matches251,Alexander Ka_anikli_\Alexander-Kacaniklic,se SWE,MFFW,Nantes,24,1991,7.8,2,0,0,8,7,5,11,5,13,0,0,0,Matches252,Aldo Kalulu\Aldo-Kalulu,fr FRA,FW,Lyon,20,1996,0.9,0,0,0,0,0,0,1,1,1,0,0,0,Matches253,Aldo Kalulu\Aldo-Kalulu,fr FRA,FWMF,Rennes,20,1996,4.7,1,0,0,3,2,4,4,3,2,0,0,0,Matches254,François Kamano\Francois-Kamano,gn GUI,FW,Bordeaux,20,1996,18.8,4,0,0,35,34,10,36,14,13,1,0,0,Matches255,Abdelhamid El Kaoutari\Abdelhamid-El-Kaoutari,ma MAR,DF,Bastia,26,1990,15,1,2,1,11,13,0,2,26,20,0,0,0,Matches256,Yann Karamoh\Yann-Karamoh,fr FRA,MFFW,Caen,18,1998,24.5,2,0,0,22,30,7,88,16,31,0,0,0,Matches257,Benjamin Karamoko\Benjamin-Karamoko,ml MLI,DF,Saint-Étienne,21,1995,0.7,1,0,0,2,1,0,0,3,1,0,0,0,Matches258,Eiji Kawashima\Eiji-Kawashima,jp JPN,GK,Metz,33,1983,5,0,0,0,0,1,0,0,0,0,0,0,0,Matches259,Abdoulaye Keita\Abdoulaye-Keita,ml MLI,DFMF,Bastia,22,1994,16.3,2,0,0,13,9,0,12,33,24,0,1,0,Matches260,Olivier Kemen\Olivier-Kemen,fr FRA,MF,Lyon,20,1996,0.7,0,0,0,1,0,0,6,1,2,0,0,0,Matches261,Christophe Kerbrat\Christophe-Kerbrat,fr FRA,DF,Guingamp,29,1986,34.8,4,0,0,17,33,1,5,78,41,0,3,0,Matches262,Billy Ketkeophomphone\Billy-Ketkeophomphone,fr FRA,FWMF,Angers,26,1990,3.2,2,2,1,10,4,0,25,7,11,0,0,0,Matches263,Hamidou Keyta\Hamidou-Keyta,fr FRA,MFFW,Saint-Étienne,21,1994,1.8,0,0,0,7,1,5,2,2,1,0,0,0,Matches264,Saîf-Eddine Khaoui\Saif-Eddine-Khaoui,tn TUN,MF,Marseille,21,1995,1.7,0,0,0,2,1,0,14,2,3,0,0,0,Matches265,Isaac Kiese Thelin\Isaac-Kiese-Thelin,se SWE,FW,Bordeaux,24,1992,2.6,1,0,0,6,1,5,0,1,1,0,0,0,Matches266,Presnel Kimpembe\Presnel-Kimpembe,fr FRA,DF,Paris S-G,20,1995,19,7,0,0,24,20,0,8,42,15,0,1,0,Matches267,Ricardo Kishna\Ricardo-Kishna,nl NED,MFFW,Lille,21,1995,5.6,0,0,0,7,4,1,22,3,8,0,0,0,Matches268,Erwin Koffi\Erwin-Koffi,fr FRA,DF,Lorient,21,1995,11.1,0,0,0,6,11,0,35,29,12,0,0,0,Matches269,Youssouf Koné\Youssouf-Kone,ml MLI,DF,Lille,21,1995,2,0,0,0,0,1,0,10,7,4,0,0,0,Matches270,Anthony Koura\Anthony-Koura,bf BFA,FWMF,Nancy,23,1993,8.5,1,0,0,13,9,14,9,3,11,0,0,0,Matches271,Vincent Koziello\Vincent-Koziello,fr FRA,MF,Nice,20,1995,18.5,4,0,0,24,30,0,2,26,31,0,1,0,Matches272,Grzegorz Krychowiak\Grzegorz-Krychowiak,pl POL,MF,Paris S-G,26,1990,7.3,2,0,0,14,11,0,0,18,13,0,0,0,Matches273,Layvin Kurzawa\Layvin-Kurzawa,fr FRA,DF,Paris S-G,23,1992,17,3,0,0,15,11,4,52,35,17,0,0,0,Matches274,Enock Kwateng\Enock-Kwateng,fr FRA,DF,Nantes,19,1997,4.8,2,0,0,8,4,1,9,21,13,0,1,0,Matches275,Gaëtan Laborde\Gaetan-Laborde,fr FRA,FW,Bordeaux,22,1994,22.6,3,0,0,38,25,13,43,8,20,0,0,0,Matches276,Alexandre Lacazette\Alexandre-Lacazette,fr FRA,FW,Lyon,25,1991,26.7,3,0,0,55,35,31,23,4,25,2,0,0,Matches277,Léo Lacroix\Leo-Lacroix,ch SUI,DF,Saint-Étienne,24,1992,18.7,6,0,0,25,7,2,1,43,14,0,0,0,Matches278,Alban Lafont\Alban-Lafont,fr FRA,GK,Toulouse,17,1999,36,5,0,0,0,9,0,0,3,1,0,3,0,Matches279,Ádám Lang\Adam-Lang,hu HUN,DF,Dijon,23,1993,18.1,4,0,0,20,5,0,5,26,16,0,1,1,Matches280,Paul Lasne\Paul-Lasne,fr FRA,MF,Montpellier,27,1989,16.5,1,0,0,12,30,0,84,22,19,0,0,0,Matches281,Wesley Lautoa\Wesley-Lautoa,nc NCL,MFDF,Lorient,28,1987,16.7,6,0,0,36,25,0,1,51,36,0,0,0,Matches282,Mickaël Le Bihan\Mickael-Le-Bihan,fr FRA,FW,Nice,26,1990,3.4,0,0,0,1,4,3,3,0,1,0,0,0,Matches283,Vincent Le Goff\Vincent-Le-Goff,fr FRA,DF,Lorient,26,1989,37.1,5,0,0,32,17,1,71,83,53,0,1,0,Matches284,Maxime Le Marchand\Maxime-Le-Marchand,fr FRA,DF,Nice,26,1989,7.9,1,0,0,9,5,0,2,13,7,0,0,1,Matches285,James Lea Siliki\James-Lea-Siliki,fr FRA,FWMF,Rennes,20,1996,0.1,0,0,0,0,2,0,1,1,0,0,0,0,Matches286,Jordan Leborgne\Jordan-Leborgne,fr FRA,DF,Caen,20,1995,2.8,0,0,0,1,4,0,7,13,9,0,0,0,Matches287,Jean-Louis Leca\Jean-Louis-Leca,fr FRA,GK,Bastia,30,1985,33.5,5,1,0,0,12,0,0,3,0,0,2,0,Matches288,Benjamin Lecomte\Benjamin-Lecomte,fr FRA,GK,Lorient,25,1991,31,0,0,0,0,5,0,0,2,1,0,0,0,Matches289,Pierre Lees-Melou\Pierre-Lees-Melou,fr FRA,MFFW,Dijon,23,1993,27.6,3,0,0,41,33,8,40,41,57,0,0,0,Matches290,Kevin Lejeune\Kevin-Lejeune,fr FRA,MF,Metz,31,1985,7.1,0,0,0,6,10,0,28,13,9,0,0,0,Matches291,Thomas Lemar\Thomas-Lemar,fr FRA,MF,Monaco,20,1995,29,1,0,0,22,47,7,222,29,39,1,0,0,Matches292,Fabien Lemoine\Fabien-Lemoine,fr FRA,MF,Saint-Étienne,29,1987,8.7,0,1,0,11,6,0,3,17,15,0,0,0,Matches293,Clément Lenglet\Clement-Lenglet,fr FRA,DF,Nancy,21,1995,18,4,0,0,23,24,0,0,50,31,1,1,0,Matches294,Ermir Lenjani\Ermir-Lenjani,al ALB,DFFW,Rennes,26,1989,0.3,0,0,0,0,0,0,0,1,0,0,0,0,Matches295,Benjamin Leroy\Benjamin-Leroy,fr FRA,GK,Dijon,27,1989,1,0,0,0,0,0,0,0,0,0,0,0,0,Matches296,Alexandre Letellier\Alexandre-Letellier,fr FRA,GK,Angers,25,1990,6,0,0,0,0,0,0,0,0,0,0,0,0,Matches297,Dorian Lévêque\Dorian-Leveque,fr FRA,DF,Guingamp,26,1989,1.8,1,0,0,2,5,0,3,7,6,0,0,0,Matches298,Igor Lewczuk\Igor-Lewczuk,pl POL,DF,Bordeaux,31,1985,23.5,3,0,0,31,12,6,1,39,30,1,0,0,Matches299,Aaron Leya Iseka\Aaron-Leya-Iseka,be BEL,MFFW,Marseille,18,1997,2.9,0,0,0,9,2,0,2,3,2,0,0,0,Matches300,Lucas Lima\Lucas-Lima,br BRA,DF,Nantes,24,1991,37.6,5,2,1,37,28,4,314,52,100,1,1,0,Matches301,Alexandre Llovet\Alexandre-Llovet,fr FRA,FW,Montpellier,18,1997,0.2,0,0,0,0,1,0,0,0,1,0,0,0,Matches302,Giovani Lo Celso\Giovani-Lo-Celso,ar ARG,MF,Paris S-G,20,1996,0.9,1,0,0,2,1,0,1,1,0,0,0,0,Matches303,Anthony Lopes\Anthony-Lopes,pt POR,GK,Lyon,25,1990,37,0,0,0,0,10,0,0,7,1,0,0,0,Matches304,Rony Lopes\Rony-Lopes,pt POR,MFFW,Lille,20,1995,20.7,2,0,0,26,32,4,82,8,23,0,1,0,Matches305,Maxime Lopez\Maxime-Lopez,fr FRA,MF,Marseille,18,1997,24.1,4,0,0,50,25,4,80,35,28,0,0,0,Matches306,Jordan Lotiès\Jordan-Loties,fr FRA,DF,Dijon,31,1984,22.7,5,2,1,41,14,1,5,69,27,0,3,0,Matches307,Jeff Louis\Jeff-Louis,ht HAI,MFFW,Caen,23,1992,2.6,0,0,0,2,6,3,3,2,3,0,0,0,Matches308,David Luiz\David-Luiz,br BRA,DF,Paris S-G,29,1987,2.7,1,0,0,4,2,0,0,5,1,0,1,0,Matches309,Dodi Lukebakio\Dodi-Lukebakio,be BEL,FWMF,Toulouse,18,1997,1,0,0,0,0,3,0,5,2,1,0,0,0,Matches310,Arnaud Lusamba\Arnaud-Lusamba,fr FRA,FWMF,Nice,19,1997,2.8,0,0,0,3,8,0,1,4,5,0,0,0,Matches311,Cheikh M'Bengue\Cheikh-MBengue,sn SEN,DFMF,Saint-Étienne,28,1988,13.1,4,0,0,18,7,3,34,32,13,0,0,0,Matches312,Zinédine Machach\Zinedine-Machach,fr FRA,MF,Marseille,20,1996,4.6,4,2,1,15,4,0,3,9,15,0,0,0,Matches313,Hicham Mahou\Hicham-Mahou,fr FRA,MF,Nice,17,1999,0.2,0,0,0,0,0,0,0,0,0,0,0,0,Matches314,Habib Maïga\Habib-Maiga,ci CIV,DFMF,Saint-Étienne,20,1996,3.3,0,0,0,7,0,0,10,9,2,0,1,0,Matches315,Mike Maignan\Mike-Maignan,fr FRA,GK,Lille,20,1995,6.3,0,0,0,0,1,0,0,0,0,0,0,0,Matches316,Anthony Maisonnial\Anthony-Maisonnial,fr FRA,GK,Saint-Étienne,18,1998,1.9,0,0,0,0,0,0,0,0,0,0,0,0,Matches317,Abdul Majeed Waris\Abdul-Majeed-Waris,gh GHA,FWMF,Lorient,24,1991,31.6,5,0,0,43,65,21,23,12,29,2,0,0,Matches318,Jean-Victor Makengo\Jean-Victor-Makengo,fr FRA,MF,Caen,18,1998,9.7,2,0,0,11,15,0,9,13,10,0,0,0,Matches319,Steed Malbranque\Steed-Malbranque,fr FRA,MF,Caen,36,1980,4.1,2,0,0,8,5,0,5,9,8,0,0,0,Matches320,Malcom\Malcom,br BRA,FWMF,Bordeaux,19,1997,30.3,2,0,0,18,56,9,171,18,24,1,0,0,Matches321,Kévin Malcuit\Kevin-Malcuit,ma MAR,DFMF,Saint-Étienne,25,1991,23.2,4,2,0,21,34,0,75,68,53,0,1,0,Matches322,Emanuel Mammana\Emanuel-Mammana,ar ARG,DF,Lyon,20,1996,16.8,3,0,0,15,5,0,1,39,31,0,0,0,Matches323,Vincent Manceau\Vincent-Manceau,fr FRA,DF,Angers,27,1989,31.8,5,0,0,21,29,2,64,55,51,0,0,0,Matches324,Christophe Mandanne\Christophe-Mandanne,fr FRA,FW,Nancy,31,1985,10.4,2,0,0,23,9,19,12,0,0,0,0,0,Matches325,Georges Mandjeck\Georges-Mandjeck,cm CMR,MF,Metz,27,1988,26,7,0,0,56,56,1,3,55,42,1,0,0,Matches326,Alexis Mané\Alexis-Mane,sn SEN,MF,Guingamp,19,1997,0.5,0,0,0,2,0,0,0,0,1,0,0,0,Matches327,Thomas Mangani\Thomas-Mangani,fr FRA,MF,Angers,29,1987,31.6,3,0,0,33,23,0,239,43,57,0,0,0,Matches328,Faitout Maouassa\Faitout-Maouassa,fr FRA,MFFW,Nancy,18,1998,11.5,4,2,1,24,15,4,34,11,13,0,1,0,Matches329,Mohamed Mara\Mohamed-Mara,gn GUI,MFFW,Lorient,19,1996,7,2,0,0,12,5,6,13,12,17,0,0,0,Matches330,Florian Marange\Florian-Marange,fr FRA,DF,Bastia,30,1986,16.1,3,1,0,21,4,0,13,41,17,0,0,0,Matches331,Fernando Marçal\Fernando-Marcal,br BRA,DF,Guingamp,27,1989,29.9,4,2,1,43,41,1,109,83,63,1,0,0,Matches332,Vincent Marcel\Vincent-Marcel,fr FRA,FWMF,Nice,19,1997,2.6,0,0,0,0,3,2,0,4,6,0,0,0,Matches333,Vincent Marchetti\Vincent-Marchetti,fr FRA,MF,Nancy,19,1997,10.9,3,0,0,26,14,1,18,22,23,0,0,0,Matches334,Jordan Marié\Jordan-Marie,fr FRA,MF,Dijon,24,1991,16,4,2,1,16,13,0,12,46,32,0,0,0,Matches335,Marquinhos\Marquinhos,br BRA,DF,Paris S-G,22,1994,27.8,1,0,0,10,12,3,4,41,34,0,0,0,Matches336,Marvin Martin\Marvin-Martin,fr FRA,FWMF,Dijon,28,1988,5.5,0,0,0,2,10,0,37,2,6,0,0,0,Matches337,Pablo Martinez\Pablo-Martinez,fr FRA,DF,Angers,27,1989,6.9,4,0,0,7,12,1,12,15,12,0,0,0,Matches338,Jonathan Martins Pereira\Jonathan-Martins-Pereira,fr FRA,DF,Guingamp,30,1986,11.2,4,2,1,19,9,2,30,22,22,0,0,0,Matches339,Joris Marveaux\Joris-Marveaux,mq MTQ,MF,Montpellier,33,1982,4.1,0,0,0,5,6,0,6,8,11,0,0,0,Matches340,Sylvain Marveaux\Sylvain-Marveaux,fr FRA,MFFW,Lorient,30,1986,21.2,1,0,0,11,23,4,94,8,11,0,0,0,Matches341,Jean-Philippe Mateta\Jean-Philippe-Mateta,fr FRA,FW,Lyon,19,1997,1,0,0,0,1,1,3,0,0,0,0,0,0,Matches342,Boris Mathis\Boris-Mathis,fr FRA,FW,Metz,18,1997,0.2,0,0,0,1,1,0,1,0,1,0,0,0,Matches343,Blaise Matuidi\Blaise-Matuidi,fr FRA,MF,Paris S-G,29,1987,26.8,4,0,0,48,36,11,51,40,42,1,0,0,Matches344,Rio Mavuba\Rio-Mavuba,fr FRA,MF,Lille,32,1984,12.4,4,1,0,19,20,0,6,13,15,0,0,0,Matches345,Maxwell\Maxwell,br BRA,DF,Paris S-G,34,1981,19,0,0,0,6,2,2,62,22,21,0,0,0,Matches346,Youssef Maziz\Youssef-Maziz,fr FRA,MF,Metz,18,1998,0.2,0,0,0,0,0,0,1,0,0,0,0,0,Matches347,Kylian Mbappé\Kylian-Mbappe,fr FRA,FWMF,Monaco,17,1998,16.6,2,0,0,8,22,24,28,3,7,3,0,0,Matches348,Isaac Mbenza\Isaac-Mbenza,be BEL,MF,Montpellier,20,1996,10.5,0,0,0,5,13,7,24,4,4,0,0,0,Matches349,Pedro Mendes\Pedro-Mendes,pt POR,DF,Rennes,25,1990,18.5,7,0,,18,,,,,,,,,Matches350,Ryan Mendes\Ryan-Mendes,cv CPV,MFFW,Lille,26,1990,2.6,0,0,0,3,7,1,12,1,4,0,0,0,Matches351,Alexandre Mendy\Alexandre-Mendy,gw GNB,FW,Guingamp,22,1994,9,2,0,0,9,9,14,9,0,1,0,0,0,Matches352,Benjamin Mendy\Benjamin-Mendy,fr FRA,DF,Monaco,22,1994,22.8,6,1,0,30,17,12,172,44,39,0,1,0,Matches353,Hamza Mendyl\Hamza-Mendyl,ma MAR,DF,Lille,18,1997,0.1,0,0,0,0,1,0,0,1,0,0,0,0,Matches354,Jérémy Ménez\Jeremy-Menez,fr FRA,FW,Bordeaux,29,1987,16.4,4,1,0,20,33,27,25,8,9,0,0,0,Matches355,Walid Mesloub\Walid-Mesloub,dz ALG,MF,Lorient,30,1985,13.1,2,1,0,13,26,1,36,10,14,0,0,0,Matches356,Thomas Meunier\Thomas-Meunier,be BEL,DF,Paris S-G,24,1991,18.8,3,0,0,24,7,0,78,29,36,0,0,0,Matches357,Mexer\Mexer,mz MOZ,DF,Rennes,27,1988,20.2,3,0,0,17,20,0,2,42,18,0,0,0,Matches358,Mathieu Michel\Mathieu-Michel,fr FRA,GK,Angers,24,1991,23,1,0,0,0,0,0,0,1,2,0,0,0,Matches359,Clément Michelin\Clement-Michelin,fr FRA,MFDF,Toulouse,19,1997,5.3,1,0,0,9,5,1,21,17,13,0,0,0,Matches360,Guido Milán\Guido-Milan,ar ARG,DF,Metz,29,1987,19.3,2,0,0,13,4,3,1,36,18,0,1,0,Matches361,Wilfried Moimbé\Wilfried-Moimbe,fr FRA,MF,Nantes,27,1988,1.9,0,0,0,3,3,1,8,1,5,0,0,0,Matches362,Florent Mollet\Florent-Mollet,fr FRA,MF,Metz,24,1991,9.9,4,0,0,19,24,2,47,16,9,0,0,0,Matches363,Cédric Mongongu\Cedric-Mongongu,cd COD,DF,Montpellier,27,1989,0.3,0,0,0,0,0,0,0,0,1,0,0,0,Matches364,Kévin Monnet-Paquet\Kevin-Monnet-Paquet,fr FRA,MFFW,Saint-Étienne,27,1988,26.3,0,0,0,25,29,16,62,26,32,0,0,0,Matches365,Steven Moreira\Steven-Moreira,fr FRA,DF,Lorient,21,1994,27.9,6,0,0,22,12,3,81,42,30,0,1,0,Matches366,Steven Moreira\Steven-Moreira,fr FRA,DF,Rennes,21,1994,1,0,0,0,0,0,0,2,2,3,0,0,0,Matches367,Jérémy Morel\Jeremy-Morel,mg MAD,DF,Lyon,32,1984,28.2,3,0,0,26,28,3,48,38,49,0,0,0,Matches368,Mehdi Mostefa\Mehdi-Mostefa,dz ALG,MF,Bastia,32,1983,26,9,0,0,44,19,1,5,41,38,0,0,0,Matches369,Thiago Motta\Thiago-Motta,it ITA,MF,Paris S-G,33,1982,24.8,7,1,0,37,15,0,0,34,33,1,0,0,Matches370,François Moubandje\Francois-Moubandje,ch SUI,DF,Toulouse,26,1990,33.7,4,0,0,30,24,0,70,71,37,1,3,0,Matches371,Benjamin Moukandjo\Benjamin-Moukandjo,cm CMR,FWMF,Lorient,27,1988,22.2,1,0,0,22,30,16,39,14,10,0,0,0,Matches372,Jessy Moulin\Jessy-Moulin,fr FRA,GK,Saint-Étienne,30,1986,5.1,0,1,0,0,1,0,0,0,1,0,0,0,Matches373,Steve Mounié\Steve-Mounie,bj BEN,FW,Montpellier,21,1994,31.4,5,2,1,59,41,34,10,7,13,0,0,0,Matches374,Lucas Moura\Lucas-Moura,br BRA,FWMF,Paris S-G,23,1992,26.9,0,0,0,32,37,5,168,31,28,1,0,0,Matches375,João Moutinho\Joao-Moutinho,pt POR,MF,Monaco,29,1986,19.8,0,0,0,22,18,0,59,42,40,0,0,0,Matches376,Ndombe Mubele\Ndombe-Mubele,cd COD,MFFW,Rennes,22,1994,12.9,0,0,0,13,33,9,34,5,9,1,0,0,Matches377,Nordi Mukiele\Nordi-Mukiele,fr FRA,DF,Montpellier,18,1997,16,2,0,0,11,25,1,40,55,37,0,0,0,Matches378,Vincent Muratori\Vincent-Muratori,fr FRA,DF,Nancy,28,1987,15.5,5,1,0,15,18,0,32,66,33,0,0,0,Matches379,Yrondu Musavu-King\Yrondu-Musavu-King,ga GAB,DF,Toulouse,24,1992,3,0,0,0,1,2,0,0,10,2,0,0,0,Matches380,Arnold Mvuemba\Arnold-Mvuemba,cd COD,MF,Lorient,31,1985,30.8,5,0,0,24,13,0,92,36,31,0,0,0,Matches381,Mamadou N'Diaye\Mamadou-NDiaye,sn SEN,MF,Montpellier,21,1995,1,0,0,0,1,1,1,5,0,4,0,0,0,Matches382,Kévin N'Doram\Kevin-NDoram,fr FRA,MF,Monaco,20,1996,3.6,0,0,0,3,7,0,0,13,6,0,0,0,Matches383,Cheikh N'Doye\Cheikh-NDoye,sn SEN,MF,Angers,30,1986,32.4,5,1,0,62,34,1,12,27,30,1,0,0,Matches384,Guy N'dy Assembé\Guy-Ndy-Assembe,cm CMR,GK,Nancy,30,1986,22.7,0,0,0,0,6,0,0,2,0,0,0,0,Matches385,Serge N'Guessan\Serge-NGuessan,ci CIV,MF,Nancy,22,1994,6.2,4,0,0,14,10,0,7,6,10,0,0,0,Matches386,Clinton N'Jie\Clinton-NJie,cm CMR,FWMF,Marseille,22,1993,11.4,1,0,0,20,6,15,16,3,8,0,0,0,Matches387,Mickael Nade\Mickael-Nade,fr FRA,DF,Saint-Étienne,17,1999,1,0,0,,2,,,,,,,,,Matches388,Préjuce Nakoulma\Prejuce-Nakoulma,bf BFA,FWMF,Nantes,29,1987,9,3,0,0,21,17,6,1,5,4,0,0,0,Matches389,Lenny Nangis\Lenny-Nangis,fr FRA,MFFW,Bastia,22,1994,15.4,8,0,0,41,25,2,27,18,25,0,0,0,Matches390,Axel Ngando\Axel-Ngando,fr FRA,MFFW,Bastia,23,1993,10.1,1,0,0,11,17,3,38,5,7,0,0,0,Matches391,Exaucé Ngassaki\Exauce-Ngassaki,cg CGO,FW,Caen,19,1997,0,0,0,0,1,2,0,0,0,0,0,0,0,Matches392,Opa Nguette\Opa-Nguette,sn SEN,MFFW,Metz,22,1994,24.7,4,0,0,42,44,3,25,26,47,1,0,0,Matches393,Casimir Ninga\Casimir-Ninga,td CHA,MFFW,Montpellier,23,1993,5.7,2,0,0,14,2,5,21,4,6,0,0,0,Matches394,Pavle Ninkov\Pavle-Ninkov,rs SRB,DF,Toulouse,31,1985,2.2,2,0,0,5,1,0,8,4,5,0,0,0,Matches395,Nicolas Nkoulou\Nicolas-Nkoulou,cm CMR,DF,Lyon,26,1990,13,2,0,0,13,19,0,0,32,11,0,2,0,Matches396,Christopher Nkunku\Christopher-Nkunku,fr FRA,MFFW,Paris S-G,18,1997,4.4,2,0,0,11,8,1,6,5,2,0,0,0,Matches397,Arnaud Nordin\Arnaud-Nordin,fr FRA,MFFW,Saint-Étienne,18,1998,6.8,1,0,0,2,16,1,32,2,6,0,0,0,Matches398,Paul-Georges Ntep\Paul-Georges-Ntep,cm CMR,MF,Rennes,24,1992,12.5,1,0,0,9,31,7,68,4,11,1,0,0,Matches399,Dickson Nwakaeme\Dickson-Nwakaeme,ng NGA,FW,Angers,30,1986,1,1,0,0,3,0,0,2,0,0,0,0,1,Matches400,Mounir Obbadi\Mounir-Obbadi,ma MAR,MF,Lille,33,1983,3.7,2,0,0,9,3,0,3,3,5,0,0,0,Matches401,Mounir Obbadi\Mounir-Obbadi,ma MAR,MF,Nice,33,1983,3.4,2,0,0,7,9,0,1,7,8,0,0,0,Matches402,David Oberhauser\David-Oberhauser,fr FRA,GK,Metz,25,1990,1,0,0,0,0,0,0,0,0,0,0,0,0,Matches403,Sérgio Oliveira\Sergio-Oliveira,pt POR,MF,Nantes,24,1992,1.3,1,0,0,4,0,1,7,0,5,0,0,0,Matches404,Prince Oniangué\Prince-Oniangue,cg CGO,MFFW,Bastia,27,1988,12.4,2,0,0,12,8,1,6,11,13,0,0,0,Matches405,Adam Ounas\Adam-Ounas,dz ALG,MFFW,Bordeaux,19,1996,13.6,5,1,0,10,31,2,57,20,16,0,0,0,Matches406,Vincent Pajot\Vincent-Pajot,fr FRA,MF,Saint-Étienne,25,1990,15.2,2,0,0,38,25,0,7,40,26,0,0,0,Matches407,Nicolas Pallois\Nicolas-Pallois,fr FRA,DF,Bordeaux,28,1987,31,9,3,1,24,22,3,3,44,55,1,1,0,Matches408,Julian Palmieri\Julian-Palmieri,fr FRA,DFMF,Lille,29,1986,16.9,4,2,1,22,23,0,51,62,31,0,0,0,Matches409,Felipe Pardo\Felipe-Pardo,co COL,MF,Nantes,25,1990,6.5,3,0,0,10,3,3,44,1,7,0,0,0,Matches410,Bryan Passi\Bryan-Passi,fr FRA,DF,Montpellier,18,1997,1.6,1,0,0,1,4,0,0,5,0,0,0,0,Matches411,Javier Pastore\Javier-Pastore,ar ARG,MFFW,Paris S-G,27,1989,9.6,0,0,0,7,10,2,24,6,11,1,0,0,Matches412,Mateo Pavlovi_\Mateo-Pavlovic,ba BIH,DFFW,Angers,26,1990,9.5,2,1,0,15,6,1,3,11,5,0,0,0,Matches413,Dimitri Payet\Dimitri-Payet,fr FRA,FW,Marseille,29,1987,13.8,3,0,0,12,23,0,74,12,12,0,0,0,Matches414,Benoît Pedretti\Benoit-Pedretti,fr FRA,MF,Nancy,35,1980,20.8,7,1,0,41,24,1,106,35,38,0,0,0,Matches415,Yohann Pelé\Yohann-Pele,fr FRA,GK,Marseille,33,1982,38,3,0,0,0,6,0,0,1,0,0,0,0,Matches416,Théo Pellenard\Theo-Pellenard,fr FRA,DF,Bordeaux,22,1994,5.1,1,0,0,9,2,0,7,7,10,0,0,0,Matches417,Nicolas Pépé\Nicolas-Pepe,ci CIV,FW,Angers,21,1995,14.7,2,0,0,24,28,6,36,16,30,1,0,0,Matches418,Ricardo Pereira\Ricardo-Pereira,pt POR,MFDF,Nice,22,1993,22.8,2,0,0,28,42,1,33,33,48,0,0,0,Matches419,Loïc Perrin\Loic-Perrin,fr FRA,DF,Saint-Étienne,30,1985,24.9,1,0,0,16,23,3,4,62,38,1,0,0,Matches420,Denis Petri_\Denis-Petric,rs SRB,GK,Angers,28,1988,9,1,0,0,0,0,0,0,0,0,0,1,0,Matches421,Mathieu Peybernes\Mathieu-Peybernes,fr FRA,DF,Bastia,25,1990,18.2,0,0,0,9,30,0,1,49,30,0,1,0,Matches422,Mathieu Peybernes\Mathieu-Peybernes,fr FRA,DF,Lorient,25,1990,17,5,0,0,17,19,0,2,44,18,0,0,0,Matches423,Romain Philippoteaux\Romain-Philippoteaux,fr FRA,MF,Lorient,28,1988,17.3,3,0,0,20,19,6,57,24,18,1,0,0,Matches424,Chris Philipps\Chris-Philipps,lu LUX,MFDF,Metz,22,1994,9.1,4,0,0,22,6,0,0,22,20,0,0,0,Matches425,Jessy Pi\Jessy-Pi,fr FRA,MF,Toulouse,22,1993,4.8,1,0,0,9,5,1,6,6,11,0,0,0,Matches426,Ronaël Pierre-Gabriel\Ronael-Pierre-Gabriel,fr FRA,DF,Saint-Étienne,18,1998,10.7,4,0,0,11,11,0,27,31,37,0,0,0,Matches427,Laurent Pionnier\Laurent-Pionnier,fr FRA,GK,Montpellier,34,1982,25,0,0,0,0,4,0,0,4,0,0,0,0,Matches428,Jaroslav Pla_il\Jaroslav-Plasil,cz CZE,MF,Bordeaux,34,1982,26.7,2,0,0,24,45,4,20,42,55,0,0,0,Matches429,Alassane Pléa\Alassane-Plea,fr FRA,FW,Nice,23,1993,20.4,1,0,0,33,36,19,13,10,12,1,0,0,Matches430,Morgan Poaty\Morgan-Poaty,cg CGO,DF,Montpellier,19,1997,0.6,0,1,0,2,1,0,3,2,1,0,0,0,Matches431,Florentin Pogba\Florentin-Pogba,gn GUI,DF,Saint-Étienne,25,1990,15.1,1,0,0,15,9,2,34,48,25,0,0,0,Matches432,Luká_ Pokorn_\Lukas-Pokorny,cz CZE,DF,Montpellier,23,1993,12.1,2,0,0,9,5,1,0,19,10,0,0,0,Matches433,Pierre-Yves Polomat\Pierre-Yves-Polomat,fr FRA,DFMF,Saint-Étienne,22,1993,7.2,2,0,0,8,9,1,27,14,10,0,0,0,Matches434,Maxime Poundjé\Maxime-Poundje,fr FRA,DF,Bordeaux,23,1992,6.5,0,0,0,6,7,1,17,11,6,0,0,0,Matches435,Sanjin Prci_\Sanjin-Prcic,ba BIH,MF,Rennes,22,1993,20.6,3,2,1,51,14,0,47,38,21,0,0,0,Matches436,Nicolas de Préville\Nicolas-de-Preville,fr FRA,MFFW,Lille,25,1991,22.9,2,0,0,31,40,9,66,17,21,1,0,0,Matches437,Jérôme Prior\Jerome-Prior,fr FRA,GK,Bordeaux,20,1995,14,0,0,0,0,1,0,0,0,0,0,0,1,Matches438,Sloan Privat\Sloan-Privat,fr FRA,FW,Guingamp,27,1989,9.8,1,0,0,18,13,14,1,4,3,0,0,0,Matches439,Loïc Puyo\Loic-Puyo,fr FRA,FW,Nancy,27,1988,15.9,3,0,0,16,18,4,88,25,19,0,0,0,Matches440,Antoine Rabillard\Antoine-Rabillard,fr FRA,FW,Marseille,20,1995,0.2,0,0,0,0,0,0,0,1,0,0,0,0,Matches441,Adrien Rabiot\Adrien-Rabiot,fr FRA,MF,Paris S-G,21,1995,21.5,2,0,0,17,33,0,14,38,46,1,0,0,Matches442,Rafael\Rafael,br BRA,DFMF,Lyon,26,1990,23.9,7,2,1,41,41,5,58,39,45,0,0,0,Matches443,Andrea Raggi\Andrea-Raggi,it ITA,DF,Monaco,32,1984,10.7,0,0,0,6,5,4,23,14,11,0,0,0,Matches444,Florian Raspentino\Florian-Raspentino,fr FRA,FW,Bastia,27,1989,3.1,0,0,0,6,2,2,2,4,3,0,0,0,Matches445,Karim Rekik\Karim-Rekik,nl NED,DF,Marseille,21,1994,8.5,0,0,0,11,5,0,14,16,8,0,0,0,Matches446,William Rémy\William-Remy,fr FRA,DFMF,Montpellier,25,1991,10.5,1,1,0,8,13,1,9,20,16,0,1,0,Matches447,Paul Reulet\Paul-Reulet,fr FRA,GK,Caen,22,1994,2.2,0,0,0,0,1,0,0,0,0,0,0,0,Matches448,Baptiste Reynet\Baptiste-Reynet,fr FRA,GK,Dijon,25,1990,37,1,0,0,0,17,0,0,5,2,0,0,0,Matches449,Rémy Riou\Remy-Riou,fr FRA,GK,Nantes,28,1987,22,0,0,0,0,7,0,0,2,1,0,0,0,Matches450,Yohann Rivière\Yohann-Riviere,fr FRA,FW,Dijon,31,1984,1.7,2,0,0,16,5,5,3,0,1,0,0,0,Matches451,Jonathan Rivierez\Jonathan-Rivierez,fr FRA,DF,Metz,27,1989,13.9,3,0,0,16,4,0,27,36,27,0,1,0,Matches452,Antony Robic\Antony-Robic,fr FRA,FWMF,Nancy,30,1986,12.9,3,0,0,21,26,9,78,17,18,0,0,0,Matches453,Kenny Rocha Santos\Kenny-Rocha-Santos,cv CPV,MF,Saint-Étienne,16,2000,0.7,0,0,0,2,4,0,4,1,1,0,0,0,Matches454,Ronny Rodelin\Ronny-Rodelin,fr FRA,MFFW,Caen,26,1989,32.8,4,0,0,22,49,15,81,26,32,1,0,0,Matches455,Diego Rolán\Diego-Rolan,uy URU,FW,Bordeaux,23,1993,19.6,3,1,0,24,42,11,19,12,23,0,0,0,Matches456,Rolando\Rolando,pt POR,DF,Marseille,30,1985,29.1,2,0,0,20,17,0,1,56,40,1,0,0,Matches457,Valentin Rongier\Valentin-Rongier,fr FRA,MF,Nantes,21,1994,24,1,0,0,39,19,0,8,48,95,0,0,0,Matches458,Lindsay Rose\Lindsay-Rose,mu MRI,DF,Lorient,24,1992,3,0,0,0,4,1,0,0,6,4,0,1,0,Matches459,Lindsay Rose\Lindsay-Rose,mu MRI,DF,Bastia,24,1992,7.7,1,0,0,6,9,0,2,7,7,0,1,0,Matches460,Valentin Rosier\Valentin-Rosier,fr FRA,DF,Dijon,19,1996,3,0,0,0,6,2,0,3,8,2,0,0,0,Matches461,Jérôme Roussillon\Jerome-Roussillon,fr FRA,DF,Montpellier,23,1993,30.4,3,0,0,21,34,0,116,44,43,0,0,0,Matches462,Nolan Roux\Nolan-Roux,fr FRA,FW,Saint-Étienne,28,1988,13.6,2,0,0,12,30,9,17,4,8,0,0,0,Matches463,Stéphane Ruffier\Stephane-Ruffier,fr FRA,GK,Saint-Étienne,29,1986,31,0,0,0,0,1,0,0,1,1,0,0,0,Matches464,Vincent Rüfli\Vincent-Rufli,ch SUI,DFMF,Dijon,28,1988,16.4,8,0,0,21,30,0,28,37,51,1,0,0,Matches465,Maciej Rybus\Maciej-Rybus,pl POL,DFMF,Lyon,26,1989,13.7,1,0,0,20,16,3,45,29,25,0,0,0,Matches466,Youssouf Sabaly\Youssouf-Sabaly,sn SEN,DF,Bordeaux,23,1993,29.4,3,0,0,32,43,1,91,74,63,2,0,0,Matches467,Wesley Saïd\Wesley-Said,fr FRA,MFFW,Rennes,21,1995,11.5,1,0,0,17,20,1,20,4,10,0,0,0,Matches468,Jamel Saihi\Jamel-Saihi,tn TUN,MF,Angers,29,1987,2.6,0,0,0,5,3,0,0,3,5,0,0,0,Matches469,Jamel Saihi\Jamel-Saihi,tn TUN,MF,Montpellier,29,1987,0.7,0,0,0,1,1,0,0,2,1,0,0,0,Matches470,Dylan Saint-Louis\Dylan-Saint-Louis,cg CGO,MF,Saint-Étienne,21,1995,0.9,0,0,0,0,0,0,4,3,1,0,0,0,Matches471,Allan Saint-Maximin\Allan-Saint-Maximin,fr FRA,MFFW,Bastia,19,1997,30,1,1,0,20,64,8,109,10,17,0,0,0,Matches472,Nicolas Saint-Ruf\Nicolas-Saint-Ruf,fr FRA,DF,Montpellier,23,1992,6.9,0,0,0,4,8,1,0,13,6,0,0,0,Matches473,Nicolas Saint-Ruf\Nicolas-Saint-Ruf,fr FRA,DF,Bastia,23,1992,3.5,1,3,1,6,6,0,0,4,6,0,1,0,Matches474,Henri Saivet\Henri-Saivet,sn SEN,MF,Saint-Étienne,25,1990,19.6,3,0,0,13,25,2,33,21,17,0,0,0,Matches475,Hiroki Sakai\Hiroki-Sakai,jp JPN,DF,Marseille,26,1990,33.5,6,0,0,47,20,2,75,65,73,0,0,0,Matches476,Emiliano Sala\Emiliano-Sala,ar ARG,FW,Nantes,25,1990,28.5,6,0,0,67,49,32,14,13,23,1,0,0,Matches477,Yannis Salibur\Yannis-Salibur,fr FRA,MFFW,Guingamp,25,1991,31.2,2,0,0,26,79,11,205,22,28,2,1,0,Matches478,Romain Salin\Romain-Salin,fr FRA,GK,Guingamp,32,1984,1,0,0,0,0,1,0,0,1,0,0,0,0,Matches479,Frédéric Sammaritano\Frederic-Sammaritano,fr FRA,MFFW,Dijon,30,1986,21.8,3,0,0,13,32,4,145,14,24,0,0,0,Matches480,Pape Sané\Pape-Sane,sn SEN,FW,Caen,24,1991,3.8,0,0,0,8,4,2,1,1,2,0,0,0,Matches481,Ibrahim Sangaré\Ibrahim-Sangare,ci CIV,MF,Toulouse,18,1997,2.9,1,0,0,6,5,0,1,7,17,0,0,0,Matches482,Younousse Sankharé\Younousse-Sankhare,sn SEN,MF,Lille,26,1989,17.5,3,2,1,38,18,0,3,23,27,0,0,0,Matches483,Younousse Sankharé\Younousse-Sankhare,sn SEN,MF,Bordeaux,26,1989,15.5,2,0,0,20,16,4,2,14,33,0,1,0,Matches484,Baissama Sankoh\Baissama-Sankoh,gn GUI,MFDF,Guingamp,24,1992,11.6,3,0,0,19,19,0,4,27,18,0,0,0,Matches485,Killian Sanson\Killian-Sanson,fr FRA,MF,Montpellier,19,1997,0.2,0,0,0,1,0,0,0,0,0,0,0,0,Matches486,Morgan Sanson\Morgan-Sanson,fr FRA,MF,Montpellier,21,1994,19.4,2,0,0,21,35,4,99,32,27,0,0,0,Matches487,Morgan Sanson\Morgan-Sanson,fr FRA,MF,Marseille,21,1994,15.1,1,0,0,18,27,4,32,11,21,0,0,0,Matches488,Baptiste Santamaria\Baptiste-Santamaria,fr FRA,MF,Angers,21,1995,34.1,2,0,0,47,53,1,16,75,73,0,0,1,Matches489,Ivan Santini\Ivan-Santini,hr CRO,FW,Caen,27,1989,31.9,7,0,0,82,74,12,2,9,11,2,1,0,Matches490,Bouna Sarr\Bouna-Sarr,gn GUI,MFFW,Marseille,24,1992,10.5,1,0,0,15,14,8,39,14,18,1,0,0,Matches491,Ismaila Sarr\Ismaila-Sarr,sn SEN,MF,Metz,18,1998,21.6,2,0,0,26,56,5,71,26,20,4,0,0,Matches492,Malang Sarr\Malang-Sarr,fr FRA,DF,Nice,17,1999,24.5,4,0,0,19,14,0,3,55,26,0,1,0,Matches493,Faïz Selemani\Faiz-Selemani,km COM,FWMF,Lorient,22,1993,0.7,2,0,0,3,1,0,3,3,1,0,1,0,Matches494,Ole Selnæs\Ole-Selnaes,no NOR,MF,Saint-Étienne,22,1994,23,4,0,0,26,14,0,8,49,40,0,0,0,Matches495,Jean Seri\Jean-Seri,ci CIV,MF,Nice,25,1991,33.1,4,0,0,24,42,1,136,31,25,1,0,0,Matches496,Grégory Sertic\Gregory-Sertic,fr FRA,DFMF,Marseille,26,1989,7.3,0,0,0,6,6,1,2,23,10,0,0,1,Matches497,Grégory Sertic\Gregory-Sertic,fr FRA,MFDF,Bordeaux,26,1989,15.2,2,0,0,16,13,1,12,18,15,0,0,0,Matches498,Stéphane Sessègnon\Stephane-Sessegnon,bj BEN,MF,Montpellier,32,1984,25.7,4,2,1,19,48,2,42,17,22,0,0,0,Matches499,Nicolas Seube\Nicolas-Seube,fr FRA,MF,Caen,36,1979,11.5,3,0,0,9,15,0,12,25,20,0,0,0,Matches500,Moussa Seydi\Moussa-Seydi,sn SEN,FW,Metz,19,1996,0.2,0,0,0,1,0,0,0,0,0,0,1,0,Matches501,Djibril Sidibé\Djibril-Sidibe,fr FRA,DF,Monaco,24,1992,25.8,7,0,0,42,27,5,116,47,52,0,1,0,Matches502,Franck Signorino\Franck-Signorino,fr FRA,DF,Metz,34,1981,16.4,3,0,0,14,12,0,30,45,24,0,0,0,Matches503,Kolbeinn Sig_órsson\Kolbeinn-Sigthorsson,is ISL,FW,Nantes,26,1990,1.7,0,0,0,3,1,4,0,0,2,0,0,0,Matches504,Bernardo Silva\Bernardo-Silva,pt POR,MF,Monaco,21,1994,30.9,3,0,0,26,57,3,116,29,33,2,0,0,Matches505,Thiago Silva\Thiago-Silva,br BRA,DF,Paris S-G,31,1984,26.5,1,0,0,16,25,2,0,51,28,0,0,0,Matches506,Giovanni Sio\Giovanni-Sio,ci CIV,FW,Rennes,27,1989,29.8,6,0,0,69,34,32,46,4,12,0,0,0,Matches507,Pantxi Sirieix\Pantxi-Sirieix,fr FRA,MF,Toulouse,35,1980,0.5,0,0,0,0,0,0,1,0,0,0,0,0,Matches508,Ellyes Skhiri\Ellyes-Skhiri,tn TUN,MF,Montpellier,21,1995,36.5,3,0,0,44,24,2,8,105,70,0,2,1,Matches509,Naïm Sliti\Naim-Sliti,tn TUN,MFFW,Lille,24,1992,10.6,1,0,0,11,25,1,53,14,18,1,0,0,Matches510,Somália\Somalia,br BRA,MFDF,Toulouse,27,1988,20.1,2,1,0,29,27,0,24,33,37,0,0,0,Matches511,Jérémy Sorbon\Jeremy-Sorbon,fr FRA,DF,Guingamp,32,1983,32.7,1,0,0,20,22,1,2,57,21,0,0,0,Matches512,Adama Soumaoro\Adama-Soumaoro,fr FRA,DF,Lille,24,1992,25.8,1,1,0,28,16,1,0,52,15,0,2,0,Matches513,Arnaud Souquet\Arnaud-Souquet,fr FRA,DFMF,Nice,24,1992,26,3,0,0,24,36,4,41,41,45,1,1,0,Matches514,Sébastien Squillaci\Sebastien-Squillaci,fr FRA,DF,Bastia,35,1980,9.5,2,0,0,8,12,0,0,19,5,0,0,0,Matches515,Bassem Srarfi\Bassem-Srarfi,tn TUN,FWMF,Nice,19,1997,0.5,0,0,0,0,1,0,1,0,2,1,0,0,Matches516,Mariusz St_pi_ski\Mariusz-Stepinski,pl POL,FW,Nantes,21,1995,13,1,0,0,28,20,15,15,5,8,1,0,0,Matches517,Danijel Suba_i_\Danijel-Subasic,hr CRO,GK,Monaco,31,1984,36,1,0,0,0,7,0,0,2,1,0,0,0,Matches518,Gilles Sunu\Gilles-Sunu,tg TOG,FW,Angers,25,1991,9,1,0,0,4,20,4,27,7,7,0,0,0,Matches519,Stoppila Sunzu\Stoppila-Sunzu,zm ZAM,DF,Lille,27,1989,2.2,0,0,0,0,0,1,0,5,4,0,1,0,Matches520,Seydou Sy\Seydou-Sy,sn SEN,GK,Monaco,20,1995,0.5,0,0,0,0,0,0,0,0,0,0,0,0,Matches521,Issiaga Sylla\Issiaga-Sylla,gn GUI,MFDF,Toulouse,22,1994,18.6,6,0,0,38,17,4,66,34,41,0,0,0,Matches522,Yacouba Sylla\Yacouba-Sylla,ml MLI,MF,Montpellier,25,1990,12,4,0,0,26,9,0,13,22,34,0,0,0,Matches523,Alexander Søderlund\Alexander-Soderlund,no NOR,FW,Saint-Étienne,28,1987,10,2,0,0,24,8,6,1,3,9,0,0,0,Matches524,Mehdi Tahrat\Mehdi-Tahrat,dz ALG,MF,Angers,26,1990,3.3,2,0,0,6,7,0,1,12,8,0,0,0,Matches525,Flavien Tait\Flavien-Tait,fr FRA,FWMF,Angers,23,1993,4.9,1,0,0,6,7,1,14,14,11,0,0,0,Matches526,Oussama Tannane\Oussama-Tannane,ma MAR,FWMF,Saint-Étienne,22,1994,14.2,3,2,1,36,35,3,79,12,25,0,0,0,Matches527,Júlio Tavares\Julio-Tavares,cv CPV,FW,Dijon,27,1988,30.7,3,0,0,32,42,30,19,21,12,2,1,0,Matches528,Jordan Tell\Jordan-Tell,fr FRA,FW,Caen,19,1997,0.7,0,0,0,2,0,1,0,1,2,0,0,0,Matches529,Martin Terrier\Martin-Terrier,fr FRA,MF,Lille,19,1997,2.8,0,0,0,8,6,0,8,2,5,0,0,0,Matches530,Florian Thauvin\Florian-Thauvin,fr FRA,FWMF,Marseille,23,1993,32.8,2,0,0,33,43,11,204,20,31,1,0,0,Matches531,Alexis Thébaux\Alexis-Thebaux,fr FRA,GK,Bastia,31,1985,1,0,0,0,0,0,0,0,0,0,0,0,0,Matches532,Kévin Théophile-Catherine\Kevin-Theophile-Catherine,fr FRA,DF,Saint-Étienne,26,1989,30.3,3,0,0,32,20,2,21,69,26,0,0,0,Matches533,Vincent Thill\Vincent-Thill,lu LUX,MF,Metz,16,2000,0.1,0,0,0,3,0,0,0,0,0,0,0,0,Matches534,Romain Thomas\Romain-Thomas,fr FRA,DF,Angers,28,1988,35.6,5,1,0,26,13,2,4,59,33,0,1,0,Matches535,Adrien Thomasson\Adrien-Thomasson,fr FRA,MF,Nantes,22,1993,21.5,5,1,0,41,33,4,39,24,39,0,0,0,Matches536,Nicolaj Thomsen\Nicolaj-Thomsen,dk DEN,MFFW,Nantes,23,1993,8.3,1,0,0,13,3,3,22,6,6,0,0,0,Matches537,Marcel Tisserand\Marcel-Tisserand,cd COD,DF,Monaco,23,1993,1,1,0,0,0,1,0,2,2,1,0,0,0,Matches538,Ola Toivonen\Ola-Toivonen,se SWE,MFFW,Toulouse,30,1986,20.1,9,0,0,44,33,8,4,8,14,2,0,0,Matches539,Karl Toko Ekambi\Karl-Toko-Ekambi,cm CMR,FW,Angers,23,1992,27,0,0,0,22,33,15,86,32,15,1,0,0,Matches540,Corentin Tolisso\Corentin-Tolisso,fr FRA,MF,Lyon,21,1994,28.6,1,1,0,29,40,2,14,34,37,0,0,0,Matches541,Jérémy Toulalan\Jeremy-Toulalan,fr FRA,MF,Bordeaux,32,1983,28.9,5,0,0,36,29,0,9,56,68,0,1,0,Matches542,Abdoulaye Touré\Abdoulaye-Toure,fr FRA,MF,Nantes,22,1994,4.2,1,0,0,9,4,0,0,8,7,0,0,0,Matches543,Almamy Touré\Almamy-Toure,ml MLI,DF,Monaco,20,1996,12,0,0,0,13,4,2,68,14,24,0,0,0,Matches544,Thomas Touré\Thomas-Toure,ci CIV,MF,Bordeaux,22,1993,4.1,2,0,0,5,7,0,16,2,8,0,0,0,Matches545,Zargo Touré\Zargo-Toure,sn SEN,DF,Lorient,26,1989,20.9,5,1,0,13,13,0,1,37,22,0,0,1,Matches546,Lucas Tousart\Lucas-Tousart,fr FRA,MF,Lyon,19,1997,18.2,1,0,0,18,23,0,6,38,37,0,0,0,Matches547,Abdou Traoré\Abdou-Traore,ml MLI,MF,Bordeaux,28,1988,1.1,0,0,0,1,2,1,1,0,3,0,0,0,Matches548,Adama Traoré\Adama-Traore,ml MLI,MF,Monaco,21,1995,3.1,1,0,0,7,7,0,0,7,3,0,0,0,Matches549,Ismaël Traoré\Ismael-Traore,ci CIV,DF,Angers,29,1986,31.2,3,0,0,21,6,0,7,65,30,0,0,1,Matches550,Kevin Trapp\Kevin-Trapp,de GER,GK,Paris S-G,26,1990,23.6,0,0,0,0,2,0,0,4,1,0,0,0,Matches551,Óscar Trejo\Oscar-Trejo,ar ARG,MF,Toulouse,28,1988,25.6,4,0,0,58,58,2,140,28,63,0,0,0,Matches552,Matthieu Udol\Matthieu-Udol,fr FRA,DF,Metz,20,1996,3,0,0,0,2,5,0,8,8,3,0,0,0,Matches553,Valentín Vada\Valentin-Vada,ar ARG,MF,Bordeaux,20,1996,20.9,4,0,0,27,26,2,76,25,37,0,0,0,Matches554,William Vainqueur\William-Vainqueur,fr FRA,MF,Marseille,27,1988,28.3,6,0,0,52,29,1,12,70,80,0,1,0,Matches555,Mathieu Valbuena\Mathieu-Valbuena,fr FRA,MFFW,Lyon,31,1984,17.3,6,0,0,29,41,3,102,10,13,0,1,0,Matches556,Anthony Vanden Borre\Anthony-Vanden-Borre,be BEL,DF,Montpellier,28,1987,8.8,2,0,0,16,5,0,11,14,23,0,0,1,Matches557,Cédric Varrault\Cedric-Varrault,fr FRA,DF,Dijon,36,1980,31,4,2,0,28,41,0,1,53,35,0,0,0,Matches558,Rémy Vercoutre\Remy-Vercoutre,fr FRA,GK,Caen,36,1980,33.8,2,0,0,0,7,0,0,5,0,0,0,0,Matches559,Jordan Veretout\Jordan-Veretout,fr FRA,MF,Saint-Étienne,23,1993,32.7,6,0,0,58,36,0,153,44,56,0,0,0,Matches560,Marco Verratti\Marco-Verratti,it ITA,MF,Paris S-G,23,1992,23.9,6,0,0,39,79,1,7,25,70,0,0,0,Matches561,Du_an Ve_kovac\Dusan-Veskovac,rs SRB,DF,Toulouse,30,1986,1,0,0,0,3,2,0,0,4,1,0,0,0,Matches562,Thomas Vincensini\Thomas-Vincensini,fr FRA,GK,Bastia,22,1993,3,0,0,0,0,2,0,0,0,0,0,0,0,Matches563,Thibaut Vion\Thibaut-Vion,fr FRA,FWMF,Metz,22,1993,5.9,2,0,0,9,9,3,12,2,0,0,0,0,Matches564,Oswaldo Vizcarrondo\Oswaldo-Vizcarrondo,ve VEN,DF,Nantes,32,1984,15.7,10,0,0,24,8,0,0,19,19,0,3,0,Matches565,Alhassan Wakaso\Alhassan-Wakaso,gh GHA,MF,Lorient,24,1992,7.6,2,0,0,12,9,0,3,15,17,0,0,0,Matches566,Anthony Walongwa\Anthony-Walongwa,cd COD,DF,Nantes,22,1993,2.8,1,0,0,6,3,0,0,6,5,0,0,0,Matches567,Rémi Walter\Remi-Walter,fr FRA,MF,Nice,21,1995,15.7,0,0,0,12,17,3,8,14,26,0,0,0,Matches568,Yoane Wissa\Yoane-Wissa,cd COD,FWMF,Angers,19,1996,0.3,0,0,0,2,0,0,1,0,0,0,0,0,Matches569,Xeka\Xeka,pt POR,MF,Lille,21,1994,12.4,2,0,0,18,19,1,2,19,14,0,0,0,Matches570,Steeve Yago\Steeve-Yago,bf BFA,DF,Toulouse,23,1992,20.7,13,0,0,35,25,0,12,51,38,1,1,0,Matches571,Alaeddine Yahia\Alaeddine-Yahia,tn TUN,DF,Caen,34,1981,28.3,7,0,0,33,38,3,5,60,33,0,0,1,Matches572,Mapou Yanga-Mbiwa\Mapou-Yanga-Mbiwa,fr FRA,DF,Lyon,27,1989,23.7,7,0,0,28,17,0,1,46,24,0,0,0,Matches573,Zaydou Youssouf\Zaydou-Youssouf,fr FRA,MF,Bordeaux,17,1999,0.8,0,0,0,2,0,0,0,0,2,0,0,0,Matches574,Andre-Frank Zambo Anguissa\Andre-Frank-Zambo-Anguissa,cm CMR,MF,Marseille,20,1995,21.9,3,0,0,40,28,2,7,57,38,0,0,0,Matches575,Mehdi Zeffane\Mehdi-Zeffane,dz ALG,MF,Rennes,24,1992,0.8,0,0,0,0,0,1,4,0,0,0,0,0,Matches