Rk,Player,Nation,Pos,Squad,Age,Born,90s,CrdY,CrdR,2CrdY,Fls,Fld,Off,Crs,Int,TklW,PKwon,PKcon,OG,Recov,Won,Lost,Won%,Matches
1,Aymen Abdennour\Aymen-Abdennour,tn TUN,DF,Marseille,27,1989,5.6,3,0,0,7,6,0,0,2,6,0,0,0,57,3,0,100,Matches
2,Mehdi Abeid\Mehdi-Abeid,dz ALG,MF,Dijon,24,1992,13.1,2,0,0,27,17,2,7,15,14,0,0,0,142,3,5,37.5,Matches
3,Khaled Adénon\Khaled-Adenon,bj BEN,DF,Amiens,32,1985,32.5,9,0,0,51,40,1,1,50,27,0,1,0,394,23,22,51.1,Matches
4,Ruben Aguilar\Ruben-Aguilar,fr FRA,DFMF,Montpellier,24,1993,27.3,2,0,0,28,49,3,83,33,27,0,0,0,211,9,14,39.1,Matches
5,Jean-Eudes Aholou\Jean-Eudes-Aholou,ci CIV,MF,Strasbourg,23,1994,33.4,4,0,0,43,49,1,1,71,42,0,0,0,405,20,14,58.8,Matches
6,Youssef Aït Bennasser\Youssef-Ait-Bennasser,ma MAR,MF,Caen,21,1996,22.8,4,0,0,24,26,0,9,37,28,0,0,0,298,6,13,31.6,Matches
7,David Alcibiade\David-Alcibiade,fr FRA,DF,Nantes,25,1991,2.3,0,0,0,2,2,1,5,4,1,0,0,0,25,1,1,50,Matches
8,Júnior Alonso\Junior-Alonso,py PAR,DF,Lille,24,1993,30.9,3,0,0,29,10,0,6,42,26,0,0,1,420,49,17,74.2,Matches
9,Dani Alves\Dani-Alves,br BRA,DF,Paris S-G,34,1983,22.9,7,1,0,40,35,4,73,28,52,0,0,0,231,9,8,52.9,Matches
10,Ibrahim Amadou\Ibrahim-Amadou,fr FRA,MFDF,Lille,24,1993,26.7,3,0,0,23,19,0,4,31,30,0,1,0,263,16,13,55.2,Matches
11,Morgan Amalfitano\Morgan-Amalfitano,fr FRA,MF,Rennes,32,1985,8.3,2,3,1,8,14,0,15,8,1,0,0,0,57,0,3,0,Matches
12,Romain Amalfitano\Romain-Amalfitano,fr FRA,MF,Dijon,27,1989,30,5,0,0,35,52,0,18,68,34,0,0,0,308,6,12,33.3,Matches
13,Jordan Amavi\Jordan-Amavi,fr FRA,DF,Marseille,23,1994,24.4,7,0,0,33,22,1,46,49,22,0,1,0,288,19,9,67.9,Matches
14,Kelvin Amian\Kelvin-Amian,fr FRA,DF,Toulouse,19,1998,35,3,1,0,30,17,0,31,36,24,0,0,0,298,14,18,43.8,Matches
15,Benjamin André\Benjamin-Andre,fr FRA,MF,Rennes,26,1990,33.5,11,2,1,67,51,1,21,66,50,0,0,0,448,80,87,47.9,Matches
16,Yoann Andreu\Yoann-Andreu,fr FRA,DF,Angers,28,1989,23,4,0,0,18,15,0,55,42,25,0,0,0,236,9,16,36,Matches
17,Houssem Aouar\Houssem-Aouar,fr FRA,MFFW,Lyon,19,1998,27,1,0,0,21,47,6,17,45,31,0,0,0,229,12,16,42.9,Matches
18,Luiz Araújo\Luiz-Araujo,br BRA,FWMF,Lille,21,1996,22.4,5,0,0,28,26,6,55,6,17,0,0,0,140,1,5,16.7,Matches
19,Alphonse Areola\Alphonse-Areola,fr FRA,GK,Paris S-G,24,1993,34,0,0,0,0,2,0,0,0,0,0,0,0,135,0,0,,Matches
20,Yoël Armougom\Yoel-Armougom,fr FRA,MFDF,Caen,19,1998,1.5,0,0,0,1,2,0,4,0,2,0,0,0,16,2,0,100,Matches
21,Benoît Assou-Ekotto\Benoit-Assou-Ekotto,cm CMR,DF,Metz,33,1984,11.7,2,3,1,10,9,1,11,33,10,0,0,0,124,0,4,0,Matches
22,Danilo Avelar\Danilo-Avelar,br BRA,DFFW,Amiens,28,1989,19.2,2,0,0,23,19,1,58,37,23,1,0,0,189,24,14,63.2,Matches
23,Durel Avounou\Durel-Avounou,cg CGO,MFDF,Caen,19,1997,7.2,1,0,0,9,5,2,12,12,5,0,0,0,79,1,4,20,Matches
24,Chidozie Awaziem\Chidozie-Awaziem,ng NGA,DF,Nantes,20,1997,16.8,2,1,0,19,11,0,2,19,22,0,0,0,193,14,9,60.9,Matches
25,Karim Azamoum\Karim-Azamoum,fr FRA,MF,Troyes,27,1990,25.3,5,1,0,55,17,0,34,23,46,0,1,0,269,37,26,58.7,Matches
26,Ludovic Baal\Ludovic-Baal,gf GUF,DF,Rennes,31,1986,12.9,0,0,0,11,15,1,22,16,22,0,0,0,150,11,4,73.3,Matches
27,Dylan Bahamboula\Dylan-Bahamboula,cg CGO,FWMF,Dijon,22,1995,0.3,0,0,0,2,0,0,0,0,0,0,0,0,2,1,0,100,Matches
28,Farès Bahlouli\Fares-Bahlouli,fr FRA,MFFW,Lille,22,1995,3.4,2,0,0,8,9,3,19,0,5,0,0,0,28,0,1,0,Matches
29,Stéphane Bahoken\Stephane-Bahoken,cm CMR,FW,Strasbourg,25,1992,18.5,5,0,0,39,21,20,22,12,9,0,1,0,70,13,19,40.6,Matches
30,Keita Baldé\Keita-Balde,sn SEN,FWMF,Monaco,22,1995,16.3,3,2,1,23,27,15,30,4,6,0,0,0,87,6,6,50,Matches
31,Iván Balliu\Ivan-Balliu,al ALB,DF,Metz,25,1992,21.7,6,0,0,23,36,2,37,23,13,0,0,0,210,4,8,33.3,Matches
32,Fodé Ballo-Touré\Fode-Ballo-Toure,sn SEN,DF,Lille,20,1997,22.8,5,1,0,30,19,8,35,19,21,0,2,1,203,11,13,45.8,Matches
33,Florent Balmont\Florent-Balmont,fr FRA,MF,Dijon,37,1980,9.6,3,0,0,10,16,0,8,7,6,0,0,0,111,0,1,0,Matches
34,Mario Balotelli\Mario-Balotelli,it ITA,FW,Nice,26,1990,25.2,11,1,0,57,72,23,12,5,4,1,0,0,66,10,13,43.5,Matches
35,Abdoulaye Bamba\Abdoulaye-Bamba,ci CIV,DF,Angers,27,1990,17,2,0,0,19,19,2,30,10,9,0,1,0,155,7,4,63.6,Matches
36,Jonathan Bamba\Jonathan-Bamba,fr FRA,FWMF,Saint-Étienne,21,1996,28.6,1,0,0,28,46,20,78,17,20,2,0,0,205,8,22,26.7,Matches
37,Yacine Bammou\Yacine-Bammou,ma MAR,MFFW,Nantes,25,1991,8.1,2,2,1,18,8,5,14,13,5,0,0,0,68,4,8,33.3,Matches
38,Sekou Baradji\Sekou-Baradji,fr FRA,MF,Amiens,33,1984,0.1,0,0,0,0,0,0,0,0,0,0,0,0,2,0,0,,Matches
39,Nicolas Basin\Nicolas-Basin,fr FRA,DF,Metz,19,1998,3.5,1,0,0,2,3,0,6,8,5,0,0,0,38,3,2,60,Matches
40,Gil Bastião Dias\Gil-Bastiao-Dias,pt POR,FW,Monaco,20,1996,0.1,0,0,0,0,0,0,0,0,1,0,0,0,0,0,0,,Matches
41,Paul Baysse\Paul-Baysse,fr FRA,DF,Bordeaux,29,1988,6.3,0,1,0,8,1,0,1,8,3,0,0,0,75,10,4,71.4,Matches
42,Hervé Bazile\Herve-Bazile,ht HAI,FWMF,Caen,27,1990,9.8,1,0,0,15,16,5,55,18,11,0,0,0,72,2,6,25,Matches
43,Henri Bedimo\Henri-Bedimo,cm CMR,DFMF,Marseille,33,1984,0.5,0,0,0,0,0,0,0,1,0,0,0,0,4,0,0,,Matches
44,François Bellugou\Francois-Bellugou,fr FRA,MF,Troyes,30,1987,24.2,6,1,0,28,13,0,2,38,27,0,0,0,260,19,18,51.4,Matches
45,Chaouki Ben Saada\Chaouki-Ben-Saada,tn TUN,FWMF,Troyes,33,1984,3.8,3,0,0,8,3,0,7,1,7,0,0,0,36,1,0,100,Matches
46,Diego Benaglio\Diego-Benaglio,ch SUI,GK,Monaco,33,1983,2.5,0,0,0,0,0,0,0,0,0,0,0,0,13,0,0,,Matches
47,Nicolas Benezet\Nicolas-Benezet,fr FRA,FWMF,Guingamp,26,1991,18.3,2,0,0,23,41,10,62,14,16,0,0,0,132,5,17,22.7,Matches
48,Walter Benítez\Walter-Benitez,ar ARG,GK,Nice,24,1993,28,3,0,0,3,2,0,0,0,0,0,0,0,125,0,0,,Matches
49,Ramy Bensebaini\Ramy-Bensebaini,dz ALG,DF,Rennes,22,1995,26,6,0,0,36,40,4,41,36,19,0,1,1,316,33,12,73.3,Matches
50,Yassine Benzia\Yassine-Benzia,dz ALG,MFFW,Lille,22,1994,25.4,8,0,0,59,55,2,52,20,38,0,0,0,177,5,6,45.5,Matches
51,Yuri Berchiche\Yuri-Berchiche,es ESP,DF,Paris S-G,27,1990,19.1,4,0,0,18,28,4,48,18,20,0,0,0,175,25,15,62.5,Matches
52,Robert Beri_\Robert-Beric,si SVN,FW,Saint-Étienne,26,1991,11.6,0,0,0,26,21,14,2,7,4,1,0,0,35,2,16,11.1,Matches
53,Kévin Bérigaud\Kevin-Berigaud,fr FRA,MFFW,Montpellier,29,1988,3,0,0,0,3,3,0,1,1,0,0,0,0,10,3,3,50,Matches
54,Vincent Bessat\Vincent-Bessat,fr FRA,DFMF,Caen,31,1985,17.4,2,0,0,15,6,2,89,19,19,0,1,0,165,2,12,14.3,Matches
55,Quentin Beunardeau\Quentin-Beunardeau,fr FRA,GK,Metz,23,1994,0.4,0,0,0,0,0,0,0,0,0,0,0,0,3,0,0,,Matches
56,Milan Bi_evac\Milan-Bisevac,rs SRB,DF,Metz,33,1983,7.9,1,0,0,4,3,1,1,2,7,0,1,0,82,2,3,40,Matches
57,Yves Bissouma\Yves-Bissouma,ml MLI,MFDF,Lille,20,1996,17.4,3,0,0,33,13,4,7,38,37,0,0,0,195,8,4,66.7,Matches
58,Ludovic Blas\Ludovic-Blas,fr FRA,MF,Guingamp,19,1997,19.9,3,2,1,27,34,4,12,21,16,0,0,0,194,9,16,36,Matches
59,Jérémy Blayac\Jeremy-Blayac,fr FRA,FWMF,Strasbourg,34,1983,10.2,2,0,0,11,23,16,9,2,3,1,0,0,37,42,27,60.9,Matches
60,Alexis Blin\Alexis-Blin,fr FRA,MF,Toulouse,20,1996,21,5,0,0,29,39,0,12,32,21,1,1,0,226,11,19,36.7,Matches
61,Yann Bodiger\Yann-Bodiger,fr FRA,MFFW,Toulouse,22,1995,2.5,0,0,0,4,3,0,3,4,1,0,0,0,24,4,0,100,Matches
62,Mathieu Bodmer\Mathieu-Bodmer,fr FRA,DFMF,Amiens,34,1982,4.4,2,0,0,7,3,0,1,4,2,0,0,0,49,3,7,30,Matches
63,Quentin Boisgard\Quentin-Boisgard,fr FRA,MFFW,Toulouse,20,1997,2,1,0,0,4,3,1,3,0,1,0,0,0,20,1,1,50,Matches
64,Landry Bonnefoi\Landry-Bonnefoi,fr FRA,GK,Strasbourg,33,1983,3,0,0,0,0,0,0,0,0,0,0,0,0,11,0,0,,Matches
65,Gabriel Boschilia\Gabriel-Boschilia,br BRA,FWMF,Monaco,21,1996,0.9,0,0,0,1,2,0,2,0,2,0,0,0,9,0,1,0,Matches
66,Jean-Christophe Bouet\Jean-Christophe-Bouet,fr FRA,GK,Amiens,34,1983,1,0,0,0,0,1,0,0,0,0,0,0,0,1,0,0,,Matches
67,Arnold Bouka Moutou\Arnold-Bouka-Moutou,cg CGO,DF,Dijon,28,1988,3.7,1,0,0,1,5,0,10,5,2,0,0,0,27,2,3,40,Matches
68,Farid Boulaya\Farid-Boulaya,dz ALG,FWMF,Metz,24,1993,2,0,0,0,3,3,0,4,1,1,0,0,0,15,1,0,100,Matches
69,Emmanuel Bourgaud\Emmanuel-Bourgaud,fr FRA,MFFW,Amiens,29,1987,6,0,0,0,5,10,0,12,9,4,0,0,0,65,4,7,36.4,Matches
70,Benjamin Bourigeaud\Benjamin-Bourigeaud,fr FRA,MFFW,Rennes,23,1994,34.5,3,0,0,37,15,2,148,50,24,0,1,0,289,5,11,31.3,Matches
71,Martin Braithwaite\Martin-Braithwaite,dk DEN,FW,Bordeaux,26,1991,10.2,3,0,0,11,7,4,7,3,2,0,0,0,40,9,9,50,Matches
72,Brandon\Brandon,es ESP,MFFW,Rennes,22,1995,4,0,0,0,11,8,2,5,6,6,0,0,0,27,1,3,25,Matches
73,Jimmy Briand\Jimmy-Briand,fr FRA,FW,Guingamp,31,1985,35.7,4,0,0,47,95,38,14,18,14,2,1,0,181,22,34,39.3,Matches
74,Patrick Burner\Patrick-Burner,fr FRA,DF,Nice,21,1996,10,2,0,0,10,14,0,10,11,7,0,1,0,73,5,3,62.5,Matches
75,Ludovic Butelle\Ludovic-Butelle,fr FRA,GK,Angers,34,1983,18.4,0,0,0,0,2,0,0,0,0,0,0,1,98,0,0,,Matches
76,Rémy Cabella\Remy-Cabella,fr FRA,MFFW,Saint-Étienne,27,1990,25.1,3,0,0,24,68,5,56,14,33,0,0,0,188,3,10,23.1,Matches
77,Rémy Cabella\Remy-Cabella,fr FRA,MF,Marseille,27,1990,0.7,0,0,0,1,2,0,1,1,4,0,0,0,4,0,0,,Matches
78,Cafú\Cafu,pt POR,MF,Metz,24,1993,7.5,2,0,0,12,8,1,0,9,7,0,0,1,64,5,6,45.5,Matches
79,Jonathan Cafu\Jonathan-Cafu,br BRA,FWMF,Bordeaux,26,1991,7,2,0,0,14,19,2,15,5,10,1,0,0,52,1,4,20,Matches
80,Yannick Cahuzac\Yannick-Cahuzac,fr FRA,MF,Toulouse,32,1985,16.9,5,0,0,27,28,0,2,25,20,0,0,0,206,10,13,43.5,Matches
81,Abdoul Camara\Abdoul-Camara,gn GUI,FWMF,Guingamp,27,1990,10.8,0,0,0,7,11,2,24,7,4,0,0,0,47,3,2,60,Matches
82,Souleymane Camara\Souleymane-Camara,sn SEN,FW,Montpellier,34,1982,10.4,1,0,0,13,19,12,9,2,3,0,0,0,28,13,17,43.3,Matches
83,Pierrick Capelle\Pierrick-Capelle,fr FRA,MFFW,Angers,30,1987,20.9,3,0,0,23,18,1,20,34,31,0,0,1,183,16,17,48.5,Matches
84,Yoan Cardinale\Yoan-Cardinale,fr FRA,GK,Nice,23,1994,10,2,0,0,0,1,0,0,0,0,0,0,0,29,0,0,,Matches
85,Diego Carlos\Diego-Carlos,br BRA,DF,Nantes,24,1993,25.5,7,1,1,31,18,2,5,24,36,0,0,0,291,26,11,70.3,Matches
86,Guido Carrillo\Guido-Carrillo,ar ARG,FWMF,Monaco,26,1991,4.7,0,0,0,6,8,0,0,1,1,1,0,0,19,13,11,54.2,Matches
87,Thomas Carrique\Thomas-Carrique,fr FRA,DF,Bordeaux,18,1999,1,0,0,0,1,0,0,2,2,0,0,0,0,5,3,3,50,Matches
88,Edinson Cavani\Edinson-Cavani,uy URU,FW,Paris S-G,30,1987,28.7,3,0,0,19,20,24,11,8,7,3,0,0,81,0,1,0,Matches
89,Fouad Chafik\Fouad-Chafik,ma MAR,DF,Dijon,30,1986,17.9,4,0,0,21,18,2,37,28,27,0,0,0,182,11,15,42.3,Matches
90,Kwon Chang-hoon\Kwon-Chang-hoon,kr KOR,FWMF,Dijon,23,1994,23.7,3,0,0,21,47,11,54,27,20,1,1,0,138,4,26,13.3,Matches
91,Charly Charrier\Charly-Charrier,fr FRA,MF,Amiens,31,1986,1.2,0,0,0,1,1,2,2,1,0,0,0,0,12,0,0,,Matches
92,Pape Cheikh Diop\Pape-Cheikh-Diop,sn SEN,MF,Lyon,19,1997,0.1,0,0,0,0,0,0,0,0,0,0,0,0,0,0,0,,Matches
93,Saliou Ciss\Saliou-Ciss,sn SEN,DFFW,Angers,27,1989,1.6,0,0,0,2,2,1,2,1,0,0,0,0,9,1,1,50,Matches
94,Issa Cissokho\Issa-Cissokho,sn SEN,DF,Amiens,32,1985,18.1,3,0,0,14,18,0,24,25,17,0,0,0,192,6,12,33.3,Matches
95,Marcus Coco\Marcus-Coco,fr FRA,FWMF,Guingamp,21,1996,17.6,5,0,0,41,28,4,39,19,20,1,0,0,130,19,20,48.7,Matches
96,Renaud Cohade\Renaud-Cohade,fr FRA,MF,Metz,32,1984,36.6,5,0,0,53,27,3,55,48,89,0,0,0,474,42,44,48.8,Matches
97,Racine Coly\Racine-Coly,sn SEN,DF,Nice,21,1995,6.9,3,0,0,14,8,1,12,15,8,0,0,0,54,4,3,57.1,Matches
98,Alois Confais\Alois-Confais,fr FRA,MF,Troyes,20,1996,6.8,1,0,0,7,7,0,9,4,4,0,0,0,66,2,6,25,Matches
99,Daniel Congré\Daniel-Congre,fr FRA,DF,Montpellier,32,1985,29.3,4,0,0,23,27,1,13,41,36,0,0,0,309,28,15,65.1,Matches
100,Diego Contento\Diego-Contento,de GER,DFFW,Bordeaux,27,1990,1.2,0,0,0,0,0,0,1,2,0,0,0,0,5,0,0,,Matches
101,Jérémy Cordoval\Jeremy-Cordoval,GPE,DF,Troyes,27,1990,10.2,1,0,0,6,8,0,15,13,16,0,0,0,86,1,4,20,Matches
102,Benjamin Corgnet\Benjamin-Corgnet,fr FRA,MFFW,Strasbourg,30,1987,15.3,2,0,0,24,34,1,24,14,20,0,0,0,106,26,28,48.1,Matches
103,Maxwel Cornet\Maxwel-Cornet,ci CIV,FWMF,Lyon,20,1996,14.1,1,0,0,14,21,3,27,10,12,1,0,0,100,5,15,25,Matches
104,Quentin Cornette\Quentin-Cornette,fr FRA,FWMF,Amiens,23,1994,5,1,0,0,9,10,0,5,7,6,0,0,0,37,0,2,0,Matches
105,Nuno da Costa\Nuno-da-Costa,cv CPV,FWMF,Strasbourg,26,1991,19.2,4,1,0,33,35,9,20,16,30,1,1,0,112,18,24,42.9,Matches
106,Benoît Costil\Benoit-Costil,fr FRA,GK,Bordeaux,30,1987,36,1,0,0,1,3,0,0,0,0,0,0,0,176,0,0,,Matches
107,Kalifa Coulibaly\Kalifa-Coulibaly,ml MLI,FW,Nantes,25,1991,3.8,0,0,0,7,2,3,6,2,3,0,0,0,16,10,12,45.5,Matches
108,Lassana Coulibaly\Lassana-Coulibaly,ml MLI,MF,Angers,21,1996,9.3,1,0,0,16,20,1,7,8,18,0,0,0,73,4,3,57.1,Matches
109,Nicolas Cozza\Nicolas-Cozza,fr FRA,DFMF,Montpellier,18,1999,6.4,2,0,0,7,6,0,14,9,13,1,1,0,69,3,2,60,Matches
110,Enzo Crivelli\Enzo-Crivelli,fr FRA,FW,Angers,22,1995,11.4,6,1,0,23,20,7,3,4,7,0,0,0,29,28,31,47.5,Matches
111,Enzo Crivelli\Enzo-Crivelli,fr FRA,FW,Caen,22,1995,8.1,2,0,0,16,11,3,1,1,1,1,0,0,34,13,19,40.6,Matches
112,Wylan Cyprien\Wylan-Cyprien,fr FRA,MF,Nice,22,1995,10.5,2,0,0,4,18,0,15,14,8,0,0,0,96,7,3,70,Matches
113,Damien Da Silva\Damien-Da-Silva,fr FRA,DF,Caen,29,1988,31.5,7,0,0,36,24,5,0,61,28,1,1,3,414,33,20,62.3,Matches
114,Kouadio-Yves Dabila\Kouadio-Yves-Dabila,ci CIV,DF,Lille,20,1997,10.5,1,0,0,13,1,0,5,13,10,0,0,0,91,1,6,14.3,Matches
115,Bryan Dabo\Bryan-Dabo,bf BFA,MFFW,Saint-Étienne,25,1992,14.3,10,0,0,28,39,2,9,14,12,1,0,0,123,10,9,52.6,Matches
116,Dante\Dante,br BRA,DF,Nice,33,1983,32.4,10,2,1,28,26,1,2,43,21,0,0,1,316,18,11,62.1,Matches
117,Romain Danzé\Romain-Danze,fr FRA,DF,Rennes,31,1986,7.6,2,0,0,6,1,0,10,13,6,0,0,0,71,6,4,60,Matches
118,Stéphane Darbion\Stephane-Darbion,fr FRA,FWMF,Troyes,33,1984,18.9,2,0,0,15,31,5,61,18,5,1,0,0,128,2,8,20,Matches
119,Sergi Darder\Sergi-Darder,es ESP,MF,Lyon,23,1993,2.3,2,2,1,3,0,0,0,0,3,0,0,0,23,3,0,100,Matches
120,Lucas Deaux\Lucas-Deaux,fr FRA,MF,Guingamp,28,1988,21.6,7,2,1,39,24,4,19,33,43,0,0,0,219,22,24,47.8,Matches
121,Mathieu Debuchy\Mathieu-Debuchy,fr FRA,DF,Saint-Étienne,32,1985,14.6,1,0,0,21,13,2,38,34,11,0,1,1,177,25,11,69.4,Matches
122,Jonathan Delaplace\Jonathan-Delaplace,fr FRA,MF,Caen,31,1986,6.5,3,0,0,9,9,0,6,9,3,0,0,0,77,3,6,33.3,Matches
123,Andy Delort\Andy-Delort,dz ALG,FW,Toulouse,25,1991,25.9,5,0,0,63,33,29,83,9,10,0,2,0,102,46,51,47.4,Matches
124,Jessy Deminguet\Jessy-Deminguet,fr FRA,MFFW,Caen,19,1998,5.9,2,0,0,6,9,3,25,6,11,0,0,0,52,4,3,57.1,Matches
125,Memphis Depay\Memphis-Depay,nl NED,FWMF,Lyon,23,1994,28.4,3,0,0,32,50,11,84,12,9,0,0,0,156,4,11,26.7,Matches
126,Mathieu Deplagne\Mathieu-Deplagne,fr FRA,DF,Troyes,25,1991,26.8,5,2,1,21,28,0,34,53,26,0,1,1,256,18,22,45,Matches
127,Ángel Di María\Angel-Di-Maria,ar ARG,FW,Paris S-G,29,1988,23.4,1,0,0,7,13,15,110,10,9,0,0,0,113,0,2,0,Matches
128,Fallou Diagne\Fallou-Diagne,sn SEN,DFMF,Metz,27,1989,24.9,8,2,0,27,6,2,1,18,25,0,0,0,341,28,12,70,Matches
129,Adama Diakhaby\Adama-Diakhaby,fr FRA,FWMF,Monaco,21,1996,9.5,2,1,0,14,13,10,21,16,11,0,0,0,44,5,9,35.7,Matches
130,Mouctar Diakhaby\Mouctar-Diakhaby,fr FRA,DF,Lyon,20,1996,8.1,2,0,0,8,7,0,0,10,3,0,0,0,76,7,4,63.6,Matches
131,Abdoulaye Diallo\Abdoulaye-Diallo,sn SEN,GK,Rennes,25,1992,3,0,0,0,0,0,0,0,0,0,0,0,0,13,0,0,,Matches
132,Habib Diallo\Habib-Diallo,sn SEN,FW,Metz,22,1995,0.2,0,0,0,0,0,0,0,0,0,0,0,0,0,1,0,100,Matches
133,Mustapha Diallo\Mustapha-Diallo,sn SEN,MF,Guingamp,31,1986,15.4,7,0,0,48,39,5,2,26,29,0,2,0,181,31,15,67.4,Matches
134,Lassana Diarra\Lassana-Diarra,fr FRA,MF,Paris S-G,32,1985,6.7,4,0,0,22,4,0,2,8,6,0,0,0,55,4,5,44.4,Matches
135,Bakaye Dibassy\Bakaye-Dibassy,ml MLI,DF,Amiens,27,1989,30.9,4,0,0,30,24,4,28,54,38,0,1,0,317,25,19,56.8,Matches
136,Thomas Didillon\Thomas-Didillon,fr FRA,GK,Metz,21,1995,9,0,0,0,0,3,0,0,0,0,0,0,0,47,0,0,,Matches
137,Étienne Didot\Etienne-Didot,fr FRA,MF,Guingamp,34,1983,18,4,0,0,25,18,1,17,22,26,0,0,0,240,6,9,40,Matches
138,Tristan Dingomé\Tristan-Dingome,cm CMR,MF,Troyes,26,1991,13,4,0,0,13,8,1,14,14,17,0,0,0,127,2,5,28.6,Matches
139,Ismaël Diomandé\Ismael-Diomande,ci CIV,DFMF,Caen,24,1992,7.9,1,1,0,8,2,0,2,11,6,0,1,0,55,2,3,40,Matches
140,Lois Diony\Lois-Diony,fr FRA,FW,Saint-Étienne,24,1992,10.4,0,0,0,13,17,6,10,1,2,3,0,0,33,5,15,25,Matches
141,Issa Diop\Issa-Diop,fr FRA,DF,Toulouse,20,1997,34,8,0,0,30,23,1,3,66,29,0,0,1,332,17,10,63,Matches
142,Assane Dioussé\Assane-Diousse,sn SEN,MF,Saint-Étienne,19,1997,14.9,4,0,0,27,16,3,5,19,21,0,0,0,164,3,3,50,Matches
143,Koffi Djidji\Koffi-Djidji,ci CIV,DF,Nantes,24,1992,26.8,2,0,0,23,9,0,18,32,23,0,0,0,258,22,10,68.8,Matches
144,Alexander Djiku\Alexander-Djiku,gh GHA,DF,Caen,22,1994,28,10,0,0,41,39,0,5,67,36,0,0,0,394,24,17,58.5,Matches
145,Papy Djilobodji\Papy-Djilobodji,sn SEN,DF,Dijon,28,1988,30,4,1,0,22,28,0,6,60,25,0,2,0,389,23,15,60.5,Matches
146,Keagan Dolly\Keagan-Dolly,za RSA,FWMF,Montpellier,24,1993,9.8,1,0,0,5,2,2,31,4,8,0,0,0,59,2,2,50,Matches
147,Jean-Luc Dompé\Jean-Luc-Dompe,fr FRA,MF,Amiens,21,1995,0.3,0,0,0,0,0,0,0,0,1,0,0,0,4,0,0,,Matches
148,Dória\Doria,br BRA,DF,Marseille,22,1994,0.9,0,0,0,0,0,0,0,1,1,0,0,0,7,0,0,,Matches
149,Gabriel Dos Santos\Gabriel-Dos-Santos,br BRA,FW,Troyes,19,1997,0.9,1,0,0,1,1,0,0,0,1,0,0,0,9,0,1,0,Matches
150,Mathieu Dossevi\Mathieu-Dossevi,tg TOG,FWMF,Metz,29,1988,27.9,2,0,0,27,37,5,159,33,23,0,0,0,163,5,5,50,Matches
151,Julian Draxler\Julian-Draxler,de GER,MFFW,Paris S-G,23,1993,18.9,1,0,0,18,10,2,24,27,10,0,0,0,112,3,2,60,Matches
152,Leo Dubois\Leo-Dubois,fr FRA,DF,Nantes,22,1994,33.6,6,0,0,22,31,2,156,47,24,1,1,0,342,18,11,62.1,Matches
153,Maxime Dupé\Maxime-Dupe,fr FRA,GK,Nantes,24,1993,1,0,0,0,0,0,0,0,0,0,0,0,0,2,0,0,,Matches
154,Jimmy Durmaz\Jimmy-Durmaz,se SWE,MFFW,Toulouse,28,1989,11.4,5,0,0,21,14,0,32,13,6,1,0,0,94,3,10,23.1,Matches
155,Félix Eboa Eboa\Felix-Eboa-Eboa,cm CMR,DF,Guingamp,20,1997,16.9,2,0,0,14,9,0,11,34,8,0,1,0,216,31,12,72.1,Matches
156,Patrice Evra\Patrice-Evra,fr FRA,DF,Marseille,36,1981,3.9,2,0,0,4,2,3,3,6,3,0,0,0,42,5,2,71.4,Matches
157,Valentin Eysseric\Valentin-Eysseric,fr FRA,FWMF,Nice,25,1992,1,0,0,0,2,0,1,4,6,0,0,0,0,1,0,1,0,Matches
158,Fabinho\Fabinho,br BRA,MF,Monaco,23,1993,34,8,0,0,59,67,1,9,39,61,1,0,0,476,28,18,60.9,Matches
159,Radamel Falcao\Radamel-Falcao,co COL,FW,Monaco,31,1986,23.6,1,0,0,42,50,10,7,13,7,0,0,1,85,15,23,39.5,Matches
160,Simon Falette\Simon-Falette,gn GUI,DF,Metz,25,1992,1,0,0,0,2,0,0,0,3,0,0,0,0,11,0,0,,Matches
161,Imad Faraj\Imad-Faraj,ma MAR,DFMF,Lille,18,1999,1.8,0,0,0,2,3,1,5,2,4,0,0,0,13,0,0,,Matches
162,Nabil Fekir\Nabil-Fekir,fr FRA,MFFW,Lyon,24,1993,27.5,8,0,0,68,106,17,60,11,34,1,0,0,169,8,12,40,Matches
163,Julien Féret\Julien-Feret,fr FRA,MF,Caen,35,1982,34,3,0,0,23,32,1,52,54,25,1,1,0,458,42,25,62.7,Matches
164,Brian Fernández\Brian-Fernandez,ar ARG,FW,Metz,22,1994,1.4,0,0,0,1,4,6,1,0,0,0,0,0,5,0,1,0,Matches
165,Jordan Ferri\Jordan-Ferri,fr FRA,MF,Lyon,25,1992,7.1,4,0,0,19,9,0,3,9,13,0,0,0,73,1,4,20,Matches
166,Afonso Figueiredo\Afonso-Figueiredo,pt POR,DFFW,Rennes,24,1993,2.5,1,0,0,3,7,0,3,2,1,0,0,0,26,1,1,50,Matches
167,Guessouma Fofana\Guessouma-Fofana,fr FRA,MF,Amiens,24,1992,8.3,3,1,0,18,8,0,7,8,13,0,0,0,70,8,11,42.1,Matches
168,Steven Fortes\Steven-Fortes,cv CPV,DF,Toulouse,25,1992,1.7,1,0,0,3,0,0,0,1,1,0,0,0,30,0,0,,Matches
169,Dimitri Foulquier\Dimitri-Foulquier,fr FRA,DF,Strasbourg,24,1993,13.8,2,0,0,16,7,1,21,19,16,0,0,0,115,3,3,50,Matches
170,Lilian Fournier\Lilian-Fournier,fr FRA,MF,Metz,19,1998,0.2,0,0,0,1,0,0,0,1,0,0,0,0,2,0,0,,Matches
171,Angelo Fulgini\Angelo-Fulgini,fr FRA,MFFW,Angers,20,1996,17,4,0,0,17,33,1,37,17,14,1,0,0,155,3,13,18.8,Matches
172,Milan Gaji_\Milan-Gajic,rs SRB,DF,Bordeaux,21,1996,4,0,0,0,9,0,1,5,5,0,0,0,0,25,0,1,0,Matches
173,Serge Gakpé\Serge-Gakpe,tg TOG,FWMF,Amiens,30,1987,20.6,1,0,0,18,15,8,20,10,7,0,0,0,114,7,19,26.9,Matches
174,Ignatius Ganago\Ignatius-Ganago,cm CMR,FWMF,Nice,18,1999,0.8,1,0,0,4,1,0,0,0,0,0,0,0,4,1,0,100,Matches
175,Najib Gandi\Najib-Gandi,fr FRA,MFFW,Nantes,23,1994,1.1,1,0,0,2,3,4,1,1,4,0,0,0,9,0,0,,Matches
176,Jérémy Gélin\Jeremy-Gelin,fr FRA,DFMF,Rennes,20,1997,25.7,2,0,0,29,16,1,5,35,14,0,0,0,265,16,14,53.3,Matches
177,Romain Genevois\Romain-Genevois,ht HAI,DF,Caen,29,1987,20.1,4,1,0,24,17,0,31,28,20,0,0,0,224,23,7,76.7,Matches
178,Valère Germain\Valere-Germain,fr FRA,FW,Marseille,27,1990,24.1,2,0,0,24,15,14,25,8,9,1,0,0,74,28,56,33.3,Matches
179,Willem Geubbels\Willem-Geubbels,fr FRA,FW,Lyon,15,2001,0.4,0,0,0,0,0,0,0,0,2,0,0,0,1,0,0,,Matches
180,Yassine El Ghanassy\Yassine-El-Ghanassy,be BEL,FWMF,Nantes,27,1990,7.2,1,0,0,8,19,0,23,8,3,0,0,0,48,0,3,0,Matches
181,Anwar El Ghazi\Anwar-El-Ghazi,nl NED,FWMF,Lille,22,1995,18.3,2,0,0,17,15,5,62,8,14,0,0,0,75,7,10,41.2,Matches
182,Rachid Ghezzal\Rachid-Ghezzal,dz ALG,FWMF,Monaco,25,1992,11,3,1,0,19,18,7,36,16,11,0,0,0,85,4,13,23.5,Matches
183,Guillaume Gillet\Guillaume-Gillet,be BEL,MF,Nantes,33,1984,0.2,1,0,0,1,0,0,0,1,0,0,0,0,3,0,0,,Matches
184,Jimmy Giraudon\Jimmy-Giraudon,fr FRA,DF,Troyes,25,1992,23.3,4,1,0,14,13,0,2,28,11,0,1,0,228,13,13,50,Matches
185,Thibault Giresse\Thibault-Giresse,fr FRA,MFFW,Guingamp,36,1981,0.3,0,0,0,0,1,0,1,1,1,0,0,0,3,0,0,,Matches
186,Andrei Girotto\Andrei-Girotto,br BRA,MF,Nantes,25,1992,16.9,8,0,0,35,20,0,8,18,29,1,1,0,202,18,11,62.1,Matches
187,Kamil Glik\Kamil-Glik,pl POL,DF,Monaco,29,1988,36,8,0,0,39,33,2,0,35,23,1,1,0,417,36,18,66.7,Matches
188,Joris Gnagnon\Joris-Gnagnon,fr FRA,DF,Rennes,20,1997,32.4,3,0,0,24,27,2,1,23,26,0,0,1,274,27,14,65.9,Matches
189,Anthony Gonçalves\Anthony-Goncalves,fr FRA,MFFW,Strasbourg,31,1986,19.5,5,0,0,45,18,2,97,20,30,0,0,0,183,11,9,55,Matches
190,Vagner Gonçalves\Vagner-Goncalves,cv CPV,FWMF,Saint-Étienne,21,1996,1.2,0,0,0,2,1,1,4,0,1,0,0,0,12,0,0,,Matches
191,Georges Gope-Fenepej\Georges-Gope-Fenepej,nc NCL,MFFW,Amiens,28,1988,0.5,0,0,0,1,0,0,0,0,0,0,0,0,1,0,1,0,Matches
192,Mathieu Gorgelin\Mathieu-Gorgelin,fr FRA,GK,Lyon,26,1990,4,0,0,0,0,2,0,0,0,0,0,0,0,14,0,0,,Matches
193,Prince-Désir Gouano\Prince-Desir-Gouano,fr FRA,DF,Amiens,23,1993,30.5,4,5,2,26,26,0,2,54,28,0,0,0,340,47,28,62.7,Matches
194,Lemouya Goudiaby\Lemouya-Goudiaby,sn SEN,DF,Metz,20,1997,0.9,0,0,0,1,2,0,8,2,0,0,0,0,5,0,0,,Matches
195,Amine Gouiri\Amine-Gouiri,fr FRA,FWMF,Lyon,17,2000,0.9,0,0,0,1,1,0,0,1,1,0,0,0,1,0,1,0,Matches
196,Yoann Gourcuff\Yoann-Gourcuff,fr FRA,MFFW,Rennes,31,1986,4.7,0,0,0,3,6,0,8,3,2,0,0,0,27,1,1,50,Matches
197,Max Gradel\Max-Gradel,ci CIV,FWMF,Toulouse,29,1987,26.8,6,1,0,39,48,10,135,17,29,2,0,0,203,4,22,15.4,Matches
198,Samuel Grandsir\Samuel-Grandsir,fr FRA,FWMF,Troyes,20,1996,28.9,3,0,0,52,45,13,69,22,30,0,0,0,208,4,22,15.4,Matches
199,Clément Grenier\Clement-Grenier,fr FRA,MF,Lyon,26,1991,0.1,0,0,0,1,2,0,0,0,1,0,0,0,0,0,0,,Matches
200,Clément Grenier\Clement-Grenier,fr FRA,MF,Guingamp,26,1991,13.4,2,0,0,20,16,1,45,11,17,0,0,0,103,8,9,47.1,Matches
201,Jérémy Grimm\Jeremy-Grimm,fr FRA,MF,Strasbourg,30,1987,9,3,0,0,17,15,0,4,19,18,0,0,0,118,10,3,76.9,Matches
202,Gonçalo Guedes\Goncalo-Guedes,pt POR,FW,Paris S-G,20,1996,0.1,0,0,0,0,0,0,0,0,0,0,0,0,0,0,0,,Matches
203,Frederic Guilbert\Frederic-Guilbert,fr FRA,DFMF,Caen,22,1994,36,12,0,0,56,37,1,95,89,69,0,0,0,400,43,23,65.2,Matches
204,Baptiste Guillaume\Baptiste-Guillaume,be BEL,FW,Angers,22,1995,5.1,3,0,0,14,6,4,2,2,3,0,0,0,15,5,9,35.7,Matches
205,Régis Gurtner\Regis-Gurtner,fr FRA,GK,Amiens,30,1986,37,2,0,0,3,9,0,0,0,0,0,1,0,196,0,0,,Matches
206,Luiz Gustavo\Luiz-Gustavo,br BRA,MFDF,Marseille,30,1987,33.5,10,1,0,59,40,1,15,43,52,0,0,0,356,15,8,65.2,Matches
207,Oussama Haddadi\Oussama-Haddadi,tn TUN,DF,Dijon,25,1992,27.8,6,1,0,43,16,3,64,36,33,0,2,0,291,5,7,41.7,Matches
208,Oualid El Hajjam\Oualid-El-Hajjam,ma MAR,DF,Amiens,26,1991,24.4,6,0,0,36,26,0,39,67,31,0,1,0,261,9,13,40.9,Matches
209,Romain Hamouma\Romain-Hamouma,fr FRA,FWMF,Saint-Étienne,30,1987,20.5,4,0,0,16,37,12,63,14,12,1,0,0,106,9,11,45,Matches
210,Gauthier Hein\Gauthier-Hein,fr FRA,FWMF,Metz,20,1996,0.9,0,0,0,1,1,0,1,1,1,0,0,0,8,0,1,0,Matches
211,Christophe Hérelle\Christophe-Herelle,mq MTQ,DF,Troyes,24,1992,32.9,7,1,0,29,27,1,0,61,11,0,0,0,351,26,19,57.8,Matches
212,Hernani\Hernani,br BRA,MFFW,Saint-Étienne,23,1994,6.1,2,3,1,16,4,1,18,5,10,0,0,0,52,8,5,61.5,Matches
213,Vitorino Hilton\Vitorino-Hilton,br BRA,DF,Montpellier,39,1977,27,5,0,0,22,25,2,3,51,28,0,2,0,368,26,10,72.2,Matches
214,Tomá_ Hubo_an\Tomas-Hubocan,sk SVK,DF,Marseille,31,1985,1,1,0,0,2,0,0,2,0,0,0,0,0,9,2,0,100,Matches
215,Adrien Hunou\Adrien-Hunou,fr FRA,FWMF,Rennes,23,1994,16.2,1,0,0,19,29,19,6,7,12,1,0,0,87,2,14,12.5,Matches
216,Suk Hyun-jun\Suk-Hyun-jun,kr KOR,FW,Troyes,26,1991,14,5,0,0,44,34,4,8,3,3,0,0,0,48,30,36,45.5,Matches
217,Edgar Ié\Edgar-Ie,pt POR,DF,Lille,23,1994,35,6,1,0,29,19,2,27,72,38,0,1,0,416,40,16,71.4,Matches
218,Julien Ielsch\Julien-Ielsch,fr FRA,MFDF,Amiens,34,1983,6.9,4,0,0,16,5,0,4,8,15,0,0,0,83,1,4,20,Matches
219,Jordan Ikoko\Jordan-Ikoko,cd COD,DF,Guingamp,23,1994,26.9,5,0,0,25,18,2,46,50,16,0,1,1,236,7,9,43.8,Matches
220,Jonathan Ikone\Jonathan-Ikone,fr FRA,FWMF,Montpellier,19,1998,11.1,0,0,0,11,7,1,20,4,9,0,0,0,48,1,5,16.7,Matches
221,Jules Iloki\Jules-Iloki,fr FRA,MFFW,Nantes,25,1992,15.7,1,0,0,12,13,5,74,14,3,0,0,0,107,2,2,50,Matches
222,Giannelli Imbula\Giannelli-Imbula,cd COD,MF,Toulouse,24,1992,24.9,4,0,0,21,52,1,17,16,16,0,0,0,220,7,5,58.3,Matches
223,Emmanuel Imorou\Emmanuel-Imorou,bj BEN,DF,Caen,28,1988,0.4,0,0,0,0,0,0,1,1,0,0,0,0,2,0,0,,Matches
224,Christophe Jallet\Christophe-Jallet,fr FRA,DF,Nice,33,1983,13,4,0,0,9,4,2,23,22,16,0,1,0,124,8,5,61.5,Matches
225,Ablie Jallow\Ablie-Jallow,gm GAM,MFFW,Metz,18,1998,1.4,0,0,0,2,3,0,1,0,1,0,0,0,14,0,0,,Matches
226,Saidy Janko\Saidy-Janko,ch SUI,DFMF,Saint-Étienne,21,1995,15.8,5,0,0,20,13,0,29,12,15,0,0,0,129,4,2,66.7,Matches
227,Nicolas Janvier\Nicolas-Janvier,fr FRA,MFFW,Rennes,18,1998,0.8,0,0,0,1,2,0,0,1,1,0,0,0,4,1,1,50,Matches
228,Corentin Jean\Corentin-Jean,fr FRA,MFFW,Toulouse,22,1995,18.8,3,0,0,14,39,7,54,11,6,2,0,0,104,9,13,40.9,Matches
229,Benjamin Jeannot\Benjamin-Jeannot,fr FRA,FWMF,Dijon,25,1992,15.6,4,0,0,25,17,14,10,9,5,0,0,0,54,17,29,37,Matches
230,Jemerson\Jemerson,br BRA,DF,Monaco,24,1992,31.7,7,1,0,36,18,0,1,32,28,0,0,0,275,24,23,51.1,Matches
231,Karl-Johan Johnsson\Karl-Johan-Johnsson,se SWE,GK,Guingamp,27,1990,38,0,0,0,0,7,0,0,0,0,0,0,0,174,0,0,,Matches
232,Jorge\Jorge,br BRA,DF,Monaco,21,1996,21.3,8,0,0,28,44,3,50,52,33,2,0,0,246,18,21,46.2,Matches
233,Yann Jouffre\Yann-Jouffre,fr FRA,MFFW,Metz,33,1984,3,0,0,0,2,4,1,11,2,5,0,0,0,21,0,0,,Matches
234,Vuka_in Jovanovi_\Vukasin-Jovanovic,rs SRB,DF,Bordeaux,21,1996,16,5,0,0,8,15,0,1,13,12,0,0,0,152,3,3,50,Matches
235,Stevan Joveti_\Stevan-Jovetic,me MNE,FW,Monaco,27,1989,8.4,1,0,0,16,11,8,3,6,4,0,0,0,38,7,12,36.8,Matches
236,Christopher Jullien\Christopher-Jullien,fr FRA,DF,Toulouse,24,1993,28.9,7,0,0,28,9,1,3,37,19,0,0,0,372,62,14,81.6,Matches
237,Alexander Ka_anikli_\Alexander-Kacaniklic,se SWE,MFFW,Nantes,25,1991,3.5,0,0,0,1,4,2,11,2,3,0,0,0,23,3,0,100,Matches
238,Gaël Kakuta\Gael-Kakuta,cd COD,MFFW,Amiens,26,1991,34.3,3,0,0,17,63,7,89,26,30,0,0,0,245,23,40,36.5,Matches
239,François Kamano\Francois-Kamano,gn GUI,FWMF,Bordeaux,21,1996,22.4,4,0,0,35,37,16,47,18,23,2,0,0,124,2,7,22.2,Matches
240,Bingourou Kamara\Bingourou-Kamara,sn SEN,GK,Strasbourg,20,1996,18.8,2,0,0,0,3,0,0,0,0,0,0,0,80,0,0,,Matches
241,Boubacar Kamara\Boubacar-Kamara,fr FRA,DFMF,Marseille,17,1999,5.1,1,0,0,9,4,0,1,4,9,0,0,0,56,9,5,64.3,Matches
242,Wilfried Kanga\Wilfried-Kanga,fr FRA,FWMF,Angers,19,1998,2,0,0,0,3,3,0,1,0,1,0,0,0,6,0,2,0,Matches
243,Eiji Kawashima\Eiji-Kawashima,jp JPN,GK,Metz,34,1983,28.6,0,1,0,1,5,0,0,0,0,0,0,0,143,0,0,,Matches
244,Joris Kayembe\Joris-Kayembe,be BEL,FWMF,Nantes,22,1994,1,0,0,0,1,1,1,4,0,1,0,0,0,7,0,0,,Matches
245,Christophe Kerbrat\Christophe-Kerbrat,fr FRA,DF,Guingamp,30,1986,36.9,4,0,0,10,29,0,5,68,37,0,0,0,395,17,18,48.6,Matches
246,Billy Ketkeophomphone\Billy-Ketkeophomphone,fr FRA,MFFW,Angers,27,1990,4.9,0,0,0,11,10,0,6,7,9,0,0,0,50,4,10,28.6,Matches
247,Driss Khalid\Driss-Khalid,ma MAR,FW,Toulouse,18,1999,0.3,0,0,0,0,0,0,0,0,0,0,0,0,2,1,0,100,Matches
248,Saîf-Eddine Khaoui\Saif-Eddine-Khaoui,tn TUN,MFFW,Troyes,22,1995,21.7,1,0,0,40,26,0,39,27,22,0,0,0,145,4,5,44.4,Matches
249,Wahbi Khazri\Wahbi-Khazri,tn TUN,FWMF,Rennes,26,1991,21.3,8,1,0,39,52,17,37,12,17,0,0,0,112,7,7,50,Matches
250,Presnel Kimpembe\Presnel-Kimpembe,fr FRA,DF,Paris S-G,21,1995,26.9,8,4,2,29,48,1,6,16,19,0,1,0,230,18,9,66.7,Matches
251,Hervé Koffi\Herve-Koffi,bf BFA,GK,Lille,20,1996,4,0,0,0,0,2,0,0,0,0,0,0,0,23,0,0,,Matches
252,Seybou Koita\Seybou-Koita,ne NIG,FWMF,Amiens,23,1994,2.4,0,0,0,2,2,2,2,1,3,0,0,0,13,1,4,20,Matches
253,Moussa Konaté\Moussa-Konate,sn SEN,FW,Amiens,24,1993,27.5,8,0,0,47,55,29,20,6,6,1,0,0,84,23,43,34.8,Matches
254,Bakary Koné\Bakary-Kone,bf BFA,DF,Strasbourg,29,1988,27.4,3,0,0,22,17,3,1,29,10,1,1,0,250,23,9,71.9,Matches
255,Terence Kongolo\Terence-Kongolo,nl NED,DF,Monaco,23,1994,2.8,0,0,0,2,4,0,8,3,5,0,0,0,36,4,0,100,Matches
256,Christian Kouakou\Christian-Kouakou,ci CIV,MFFW,Caen,26,1991,9.4,0,0,0,21,22,15,14,7,11,0,0,0,44,0,6,0,Matches
257,Rominigue Kouamé\Rominigue-Kouame,ml MLI,DFMF,Lille,20,1996,2.2,0,0,0,3,2,0,1,5,0,0,1,0,24,1,2,33.3,Matches
258,Tomá_ Koubek\Tomas-Koubek,cz CZE,GK,Rennes,24,1992,34,0,0,0,1,4,0,0,0,0,0,1,0,172,0,0,,Matches
259,Jules Koundé\Jules-Kounde,fr FRA,DF,Bordeaux,18,1998,17.7,1,0,0,9,6,1,1,16,8,0,0,0,195,22,10,68.8,Matches
260,Vincent Koziello\Vincent-Koziello,fr FRA,MF,Nice,21,1995,9,3,0,0,11,13,1,0,12,9,0,0,0,75,1,6,14.3,Matches
261,Rene Krhin\Rene-Krhin,si SVN,MF,Nantes,27,1990,14.6,5,0,0,18,24,1,1,18,10,0,0,0,154,16,16,50,Matches
262,Layvin Kurzawa\Layvin-Kurzawa,fr FRA,DF,Paris S-G,24,1992,18.9,1,0,0,28,12,0,36,23,26,0,0,0,132,21,14,60,Matches
263,Enock Kwateng\Enock-Kwateng,fr FRA,DF,Nantes,20,1997,1,0,0,0,0,1,0,0,3,2,0,0,0,10,0,0,,Matches
264,Brighton Labeau\Brighton-Labeau,fr FRA,FW,Amiens,21,1996,0.3,1,0,0,1,0,0,0,0,0,0,0,0,1,0,0,,Matches
265,Gaëtan Laborde\Gaetan-Laborde,fr FRA,FW,Bordeaux,23,1994,10.6,1,0,0,17,17,6,9,4,3,0,0,0,50,22,39,36.1,Matches
266,Léo Lacroix\Leo-Lacroix,ch SUI,DF,Saint-Étienne,25,1992,8.6,3,1,0,11,3,4,0,10,7,0,0,0,81,11,6,64.7,Matches
267,Alban Lafont\Alban-Lafont,fr FRA,GK,Toulouse,18,1999,38,4,0,0,3,7,0,0,0,0,0,1,0,236,0,0,,Matches
268,Kenny Lala\Kenny-Lala,fr FRA,DF,Strasbourg,25,1991,30.3,5,2,1,24,29,0,65,42,40,0,0,0,294,6,6,50,Matches
269,Ádám Lang\Adam-Lang,hu HUN,DF,Dijon,24,1993,2.6,1,2,1,4,0,0,0,3,0,0,0,0,21,0,1,0,Matches
270,Paul Lasne\Paul-Lasne,fr FRA,MF,Montpellier,28,1989,34,10,0,0,53,71,0,40,44,43,1,0,0,355,27,26,50.9,Matches
271,Wesley Lautoa\Wesley-Lautoa,nc NCL,DFMF,Dijon,29,1987,6.9,1,0,0,9,9,0,0,18,10,0,1,0,66,5,6,45.5,Matches
272,Mickaël Le Bihan\Mickael-Le-Bihan,fr FRA,FWMF,Nice,27,1990,1.2,0,0,0,2,2,0,2,1,0,0,0,0,2,1,1,50,Matches
273,Maxime Le Marchand\Maxime-Le-Marchand,fr FRA,DF,Nice,27,1989,28.2,4,0,0,21,21,0,26,42,34,0,1,0,289,25,6,80.6,Matches
274,James Lea Siliki\James-Lea-Siliki,fr FRA,MF,Rennes,21,1996,20.9,6,2,1,36,53,1,38,23,14,3,0,0,179,10,7,58.8,Matches
275,Benjamin Lecomte\Benjamin-Lecomte,fr FRA,GK,Montpellier,26,1991,38,1,0,0,3,4,0,0,0,0,0,1,0,193,0,0,,Matches
276,Pierre Lees-Melou\Pierre-Lees-Melou,fr FRA,MFFW,Nice,24,1993,32.1,6,1,0,53,37,7,55,32,45,1,0,1,222,5,14,26.3,Matches
277,Thomas Lemar\Thomas-Lemar,fr FRA,MFFW,Monaco,21,1995,26.4,1,0,0,10,41,4,114,20,12,2,0,0,161,3,5,37.5,Matches
278,Dylan Lempereur\Dylan-Lempereur,fr FRA,DF,Metz,18,1998,1.6,0,0,0,3,2,0,1,1,3,0,0,0,11,0,3,0,Matches
279,Lukas Lerager\Lukas-Lerager,dk DEN,MF,Bordeaux,24,1993,36.5,8,0,0,67,53,5,16,54,66,0,0,0,365,40,41,49.4,Matches
280,Alexandre Letellier\Alexandre-Letellier,fr FRA,GK,Angers,26,1990,13,0,0,0,0,1,0,0,0,0,0,0,0,59,0,0,,Matches
281,Igor Lewczuk\Igor-Lewczuk,pl POL,DF,Bordeaux,32,1985,4.9,3,0,0,15,2,0,10,5,7,0,0,0,41,1,1,50,Matches
282,Dimitri Liénard\Dimitri-Lienard,fr FRA,MF,Strasbourg,29,1988,28.9,7,0,0,29,38,0,113,49,42,0,0,0,287,3,6,33.3,Matches
283,Lucas Lima\Lucas-Lima,br BRA,DFFW,Nantes,25,1991,29.5,3,0,0,29,24,4,150,40,36,0,0,0,305,14,20,41.2,Matches
284,Giovani Lo Celso\Giovani-Lo-Celso,ar ARG,MF,Paris S-G,21,1996,19.7,2,0,0,23,41,0,8,20,59,1,0,0,174,3,5,37.5,Matches
285,Enzo Loiodice\Enzo-Loiodice,fr FRA,MF,Dijon,16,2000,1.9,0,0,0,1,2,0,0,1,4,0,0,0,15,1,2,33.3,Matches
286,Anthony Lopes\Anthony-Lopes,pt POR,GK,Lyon,26,1990,34,1,0,0,2,4,0,0,0,0,0,1,0,139,0,0,,Matches
287,Rony Lopes\Rony-Lopes,pt POR,FWMF,Monaco,21,1995,28.1,2,0,0,39,39,6,82,18,26,1,0,0,155,7,20,25.9,Matches
288,Maxime Lopez\Maxime-Lopez,fr FRA,MF,Marseille,19,1997,15.3,2,0,0,33,20,1,34,7,18,0,0,0,135,2,5,28.6,Matches
289,Arnaud Lusamba\Arnaud-Lusamba,fr FRA,MF,Nice,20,1997,1.8,0,0,0,2,3,0,0,2,7,0,0,0,13,0,0,,Matches
290,Cheikh M'Bengue\Cheikh-MBengue,sn SEN,DF,Saint-Étienne,29,1988,5.4,2,0,0,10,3,0,2,10,3,0,0,0,43,4,0,100,Matches
291,Raïs M'Bolhi\Rais-MBolhi,dz ALG,GK,Rennes,31,1986,1,0,0,0,0,1,0,0,0,0,0,0,0,4,0,0,,Matches
292,Yann M'Vila\Yann-MVila,fr FRA,MF,Saint-Étienne,27,1990,16.4,1,0,0,11,20,0,4,28,12,0,0,0,180,8,5,61.5,Matches
293,Zinédine Machach\Zinedine-Machach,fr FRA,FWMF,Toulouse,21,1996,2.1,2,0,0,8,2,0,5,2,4,0,0,0,15,0,3,0,Matches
294,Hicham Mahou\Hicham-Mahou,fr FRA,FWMF,Nice,18,1999,0.6,0,0,0,1,0,0,1,3,1,0,0,0,4,1,1,50,Matches
295,Thiago Maia\Thiago-Maia,br BRA,MFDF,Lille,20,1997,27.4,3,2,1,30,22,1,7,67,32,0,1,0,319,10,8,55.6,Matches
296,Habib Maïga\Habib-Maiga,ci CIV,MFDF,Saint-Étienne,21,1996,7.9,2,0,0,22,9,0,14,19,17,0,0,0,88,4,7,36.4,Matches
297,Mike Maignan\Mike-Maignan,fr FRA,GK,Lille,21,1995,33.7,0,1,0,0,9,0,0,1,0,0,0,0,176,0,1,0,Matches
298,Jean-Victor Makengo\Jean-Victor-Makengo,fr FRA,FWMF,Nice,19,1998,2.7,1,0,0,4,4,0,4,2,1,0,0,0,15,3,3,50,Matches
299,Malcom\Malcom,br BRA,FWMF,Bordeaux,20,1997,31.7,2,0,0,23,92,10,88,20,9,1,0,0,154,7,26,21.2,Matches
300,Kévin Malcuit\Kevin-Malcuit,ma MAR,DF,Lille,26,1991,20.2,2,0,0,13,31,5,57,43,23,1,0,1,204,4,7,36.4,Matches
301,Vincent Manceau\Vincent-Manceau,fr FRA,DF,Angers,28,1989,33,0,0,0,25,29,1,54,37,36,0,1,0,342,11,16,40.7,Matches
302,Steve Mandanda\Steve-Mandanda,fr FRA,GK,Marseille,32,1985,29.8,0,1,0,1,3,0,0,0,0,0,0,0,119,0,0,,Matches
303,Georges Mandjeck\Georges-Mandjeck,cm CMR,MFDF,Metz,28,1988,10.7,5,0,0,27,16,0,2,15,13,0,1,0,152,16,9,64,Matches
304,Kader Mangane\Kader-Mangane,sn SEN,DF,Strasbourg,34,1983,19.1,4,0,0,22,8,2,4,23,23,0,0,0,214,15,11,57.7,Matches
305,Thomas Mangani\Thomas-Mangani,fr FRA,MF,Angers,30,1987,33.6,7,0,0,44,30,2,92,41,51,0,0,0,333,11,27,28.9,Matches
306,Harrison Manzala\Harrison-Manzala,cd COD,FWMF,Amiens,23,1994,20.7,3,0,0,15,23,3,41,19,15,0,0,0,136,3,11,21.4,Matches
307,Myziane Maolida\Myziane-Maolida,fr FRA,FW,Lyon,18,1999,3.7,0,0,0,2,1,2,6,1,2,0,0,0,17,1,2,33.3,Matches
308,Faitout Maouassa\Faitout-Maouassa,fr FRA,MFFW,Rennes,19,1998,10.7,1,0,0,13,15,1,18,6,4,0,0,0,46,1,1,50,Matches
309,Fernando Marçal\Fernando-Marcal,br BRA,DF,Lyon,28,1989,14.4,1,0,0,17,25,1,23,26,16,0,1,0,150,15,10,60,Matches
310,Vincent Marcel\Vincent-Marcel,fr FRA,FW,Nice,20,1997,0.5,0,0,0,0,1,1,0,0,0,0,0,0,4,0,0,,Matches
311,Marcelo\Marcelo,br BRA,DF,Lyon,30,1987,34.5,5,1,0,32,8,1,2,47,17,0,0,1,446,62,21,74.7,Matches
312,Mariano\Mariano,do DOM,FW,Lyon,23,1993,27.9,6,0,0,34,13,24,7,4,6,1,0,0,83,18,26,40.9,Matches
313,Jordan Marié\Jordan-Marie,fr FRA,MF,Dijon,25,1991,20.9,5,0,0,22,16,1,8,35,40,0,1,0,212,4,15,21.1,Matches
314,Marlon\Marlon,br BRA,DF,Nice,21,1995,21.4,5,2,1,21,11,0,3,14,16,0,1,1,143,17,14,54.8,Matches
315,Marquinhos\Marquinhos,br BRA,DF,Paris S-G,23,1994,25.1,1,0,0,11,8,0,0,11,14,0,0,0,220,22,8,73.3,Matches
316,Jonas Martin\Jonas-Martin,fr FRA,MFFW,Strasbourg,27,1990,33.6,6,0,0,53,40,3,27,38,42,1,0,0,304,26,33,44.1,Matches
317,Pablo Martinez\Pablo-Martinez,fr FRA,DF,Strasbourg,28,1989,23.5,4,0,0,23,28,1,10,39,27,0,2,0,232,23,20,53.5,Matches
318,Jonathan Martins Pereira\Jonathan-Martins-Pereira,fr FRA,DF,Guingamp,31,1986,12.6,2,0,0,15,17,0,29,28,15,0,0,0,126,11,5,68.8,Matches
319,Christopher Martins\Christopher-Martins,lu LUX,MF,Lyon,20,1997,0.8,1,0,0,2,0,0,0,1,2,0,0,0,7,0,0,,Matches
320,Eden Massouema\Eden-Massouema,cg CGO,MF,Dijon,20,1997,2.1,1,0,0,5,2,0,2,2,0,0,0,0,9,2,1,66.7,Matches
321,Blaise Matuidi\Blaise-Matuidi,fr FRA,MF,Paris S-G,30,1987,0.3,0,0,0,1,1,1,0,0,1,0,0,0,0,0,0,,Matches
322,Kylian Mbappé\Kylian-Mbappe,fr FRA,FWMF,Monaco,18,1998,0.8,0,0,0,0,1,2,5,1,1,0,0,0,3,0,0,,Matches
323,Kylian Mbappé\Kylian-Mbappe,fr FRA,FW,Paris S-G,18,1998,23.3,2,0,0,9,37,23,62,1,4,1,0,0,98,1,4,20,Matches
324,Adama Mbengue\Adama-Mbengue,sn SEN,DF,Caen,23,1993,17.7,2,1,0,35,24,0,59,26,31,0,0,0,201,11,4,73.3,Matches
325,Isaac Mbenza\Isaac-Mbenza,be BEL,FWMF,Montpellier,21,1996,23.3,4,0,0,12,21,14,71,8,15,0,0,0,98,3,2,60,Matches
326,Bryan Mbeumo\Bryan-Mbeumo,fr FRA,FWMF,Troyes,17,1999,0.7,0,0,0,1,4,0,1,2,0,0,0,0,7,3,1,75,Matches
327,Jordi Mboula\Jordi-Mboula,es ESP,MFFW,Monaco,18,1999,0.3,0,0,0,1,2,0,3,1,0,0,0,0,3,0,1,0,Matches
328,Soualiho Meïté\Soualiho-Meite,fr FRA,MF,Monaco,23,1994,1.1,0,0,0,1,2,0,0,3,1,0,0,0,13,0,0,,Matches
329,Soualiho Meïté\Soualiho-Meite,fr FRA,MF,Bordeaux,23,1994,14.8,0,0,0,19,22,0,9,21,20,0,1,0,135,16,6,72.7,Matches
330,Pedro Mendes\Pedro-Mendes,pt POR,DF,Montpellier,26,1990,31.7,11,0,0,39,51,0,7,38,35,0,2,0,370,20,12,62.5,Matches
331,Thiago Mendes\Thiago-Mendes,br BRA,MF,Lille,25,1992,25.5,4,2,1,32,45,3,18,27,18,0,0,0,199,10,3,76.9,Matches
332,Stiven Mendoza\Stiven-Mendoza,co COL,FWMF,Amiens,25,1992,11.5,0,0,0,7,8,1,16,15,9,0,0,0,84,2,6,25,Matches
333,Alexandre Mendy\Alexandre-Mendy,gw GNB,FWMF,Bordeaux,23,1994,8.9,2,0,0,15,7,15,5,2,5,0,0,0,31,10,21,32.3,Matches
334,Ferland Mendy\Ferland-Mendy,fr FRA,DF,Lyon,22,1995,23.6,4,0,0,27,45,0,46,24,23,1,3,0,244,15,12,55.6,Matches
335,Nampalys Mendy\Nampalys-Mendy,sn SEN,MF,Nice,25,1992,10.7,2,0,0,15,14,0,0,13,7,0,0,0,76,1,1,50,Matches
336,Hamza Mendyl\Hamza-Mendyl,ma MAR,DFMF,Lille,19,1997,9.5,2,1,0,11,3,0,26,9,11,0,1,0,59,3,5,37.5,Matches
337,Thomas Meunier\Thomas-Meunier,be BEL,DF,Paris S-G,25,1991,17.5,3,0,0,27,6,2,74,14,24,0,1,0,161,15,5,75,Matches
338,Mexer\Mexer,mz MOZ,DF,Rennes,28,1988,13.3,1,0,0,5,10,0,4,15,9,0,3,0,155,23,12,65.7,Matches
339,Mathieu Michel\Mathieu-Michel,fr FRA,GK,Angers,25,1991,6.6,0,0,0,0,1,0,0,0,0,0,0,0,30,0,0,,Matches
340,Clément Michelin\Clement-Michelin,fr FRA,DFFW,Toulouse,20,1997,3.1,2,0,0,7,2,0,11,2,1,0,0,0,30,5,3,62.5,Matches
341,Danijel Mili_evi_\Danijel-Milicevic,ba BIH,MFFW,Metz,31,1986,7.9,0,0,0,5,10,0,45,5,4,1,0,0,36,0,7,0,Matches
342,Kostas Mitroglou\Kostas-Mitroglou,gr GRE,FW,Marseille,29,1988,9.8,2,0,0,15,3,6,1,0,2,0,0,0,24,6,6,50,Matches
343,Florent Mollet\Florent-Mollet,fr FRA,MFFW,Metz,25,1991,15.7,6,0,0,31,26,3,41,10,9,0,0,0,128,3,5,37.5,Matches
344,Thomas Monconduit\Thomas-Monconduit,fr FRA,MF,Amiens,26,1991,32.8,7,1,0,64,45,2,11,52,47,1,0,0,360,25,14,64.1,Matches
345,Kévin Monnet-Paquet\Kevin-Monnet-Paquet,fr FRA,FWMF,Saint-Étienne,28,1988,19.6,0,0,0,31,14,5,32,13,19,0,0,0,125,14,35,28.6,Matches
346,Jérémy Morel\Jeremy-Morel,mg MAD,DF,Lyon,33,1984,32.4,4,0,0,28,25,1,0,36,18,0,2,1,322,20,12,62.5,Matches
347,Lebo Mothiba\Lebo-Mothiba,za RSA,FW,Lille,21,1996,13.1,2,0,0,28,18,9,3,1,4,0,0,0,37,6,7,46.2,Matches
348,Thiago Motta\Thiago-Motta,it ITA,MF,Paris S-G,34,1982,12.8,3,1,0,22,14,1,0,15,14,0,1,0,125,5,11,31.3,Matches
349,François Moubandje\Francois-Moubandje,ch SUI,DF,Toulouse,27,1990,18.9,6,2,1,21,17,1,27,29,14,0,0,0,218,22,5,81.5,Matches
350,Jessy Moulin\Jessy-Moulin,fr FRA,GK,Saint-Étienne,31,1986,3.4,1,0,0,1,2,0,0,1,0,0,1,0,11,0,0,,Matches
351,Lucas Moura\Lucas-Moura,br BRA,FW,Paris S-G,24,1992,0.8,1,0,0,1,2,1,5,0,0,0,0,0,5,0,0,,Matches
352,João Moutinho\Joao-Moutinho,pt POR,MF,Monaco,30,1986,31.1,6,0,0,40,27,1,73,39,44,0,0,0,304,11,13,45.8,Matches
353,Samuel Moutoussamy\Samuel-Moutoussamy,cd COD,MF,Nantes,20,1996,4.8,0,0,0,4,3,0,2,7,9,0,0,0,34,0,2,0,Matches
354,Ndombe Mubele\Ndombe-Mubele,cd COD,FW,Toulouse,23,1994,4.1,0,0,0,4,9,0,18,7,4,0,0,0,31,2,5,28.6,Matches
355,Ndombe Mubele\Ndombe-Mubele,cd COD,FWMF,Rennes,23,1994,13.6,1,0,0,14,42,5,20,5,5,0,0,0,70,3,6,33.3,Matches
356,Nordi Mukiele\Nordi-Mukiele,fr FRA,DF,Montpellier,19,1997,31,5,0,0,31,66,1,77,60,42,0,0,0,384,30,7,81.1,Matches
357,Kévin N'Doram\Kevin-NDoram,fr FRA,MFDF,Monaco,21,1996,8,3,0,0,8,12,0,0,9,10,0,0,0,92,6,7,46.2,Matches
358,Abdallah N'dour\Abdallah-Ndour,sn SEN,DF,Strasbourg,23,1993,2.8,2,1,0,4,6,0,8,2,4,0,1,0,29,0,0,,Matches
359,Clinton N'Jie\Clinton-NJie,cm CMR,FWMF,Marseille,23,1993,9.7,2,0,0,16,2,12,11,3,7,0,0,0,42,4,8,33.3,Matches
360,Stanley N'Soki\Stanley-NSoki,fr FRA,DF,Paris S-G,18,1999,0.3,0,0,0,0,0,0,0,0,0,0,0,0,2,0,0,,Matches
361,Préjuce Nakoulma\Prejuce-Nakoulma,bf BFA,FW,Nantes,30,1987,12.8,4,0,0,33,26,10,4,5,7,0,0,0,55,9,18,33.3,Matches
362,Nathan\Nathan,br BRA,MF,Amiens,21,1996,0.1,0,0,0,0,0,0,0,0,0,0,0,0,0,0,0,,Matches
363,Tanguy Ndombele\Tanguy-Ndombele,fr FRA,MF,Amiens,20,1996,2.6,0,0,0,4,5,0,2,3,5,0,0,0,27,1,1,50,Matches
364,Tanguy Ndombele\Tanguy-Ndombele,fr FRA,MF,Lyon,20,1996,26.1,5,0,0,36,70,0,7,36,45,1,0,0,210,9,6,60,Matches
365,Neymar\Neymar,br BRA,FWMF,Paris S-G,25,1992,20,5,2,1,24,103,10,58,3,9,2,0,0,110,2,2,50,Matches
366,Yeni Ngbakoto\Yeni-Ngbakoto,cd COD,FWMF,Guingamp,25,1992,6.4,1,0,0,11,10,1,16,6,5,0,0,0,42,3,7,30,Matches
367,Santy Ngom\Santy-Ngom,sn SEN,FWMF,Nantes,24,1993,5.2,1,0,0,18,18,2,7,2,6,0,0,0,25,3,9,25,Matches
368,Guy Ngosso\Guy-Ngosso,cm CMR,MF,Amiens,32,1985,6.8,3,0,0,12,7,0,0,5,8,0,0,0,78,6,3,66.7,Matches
369,Opa Nguette\Opa-Nguette,sn SEN,FWMF,Metz,23,1994,11.3,3,0,0,18,20,1,9,17,16,1,0,0,65,11,8,57.9,Matches
370,Moussa Niakhate\Moussa-Niakhate,fr FRA,DF,Metz,21,1996,34.5,8,0,0,36,40,0,8,43,33,0,1,0,387,28,14,66.7,Matches
371,Adama Niane\Adama-Niane,ml MLI,FW,Troyes,24,1993,24.1,6,0,0,34,29,31,10,10,8,2,0,0,119,29,78,27.1,Matches
372,Ibrahima Niane\Ibrahima-Niane,sn SEN,MFFW,Metz,18,1999,9.4,1,0,0,11,28,2,15,1,5,0,0,0,65,8,18,30.8,Matches
373,Casimir Ninga\Casimir-Ninga,td CHA,FWMF,Montpellier,24,1993,14.3,1,0,0,29,11,15,20,5,7,0,0,0,65,4,17,19,Matches
374,Benjamin Nivet\Benjamin-Nivet,fr FRA,MFFW,Troyes,40,1977,15.2,0,0,0,25,25,1,15,18,16,0,0,0,114,8,15,34.8,Matches
375,Jordan Nkololo\Jordan-Nkololo,cd COD,MFFW,Caen,24,1992,4.7,0,0,0,6,10,2,13,5,4,0,0,0,31,1,4,20,Matches
376,Christopher Nkunku\Christopher-Nkunku,fr FRA,FWMF,Paris S-G,19,1997,7,0,0,0,13,10,2,4,6,1,0,0,0,38,1,1,50,Matches
377,Vincent Nogueira\Vincent-Nogueira,fr FRA,MF,Strasbourg,29,1988,0.7,0,0,0,1,3,0,0,0,0,0,0,0,6,0,0,,Matches
378,Paul-Georges Ntep\Paul-Georges-Ntep,cm CMR,FWMF,Saint-Étienne,25,1992,5.7,2,0,0,8,13,2,15,2,4,0,0,0,26,3,3,50,Matches
379,Gerzino Nyamsi\Gerzino-Nyamsi,fr FRA,DF,Rennes,20,1997,3,0,0,0,5,1,0,0,1,0,0,0,0,34,6,0,100,Matches
380,Johann Obiang\Johann-Obiang,ga GAB,DF,Troyes,24,1993,5.2,1,0,0,5,5,0,16,9,6,0,0,0,35,4,2,66.7,Matches
381,Lucas Ocampos\Lucas-Ocampos,ar ARG,FWMF,Marseille,23,1994,22.7,6,1,0,36,47,6,31,22,42,1,1,0,171,15,41,26.8,Matches
382,Prince Oniangué\Prince-Oniangue,cg CGO,MF,Angers,28,1988,11.7,1,2,1,15,16,1,2,13,7,0,0,0,67,13,20,39.4,Matches
383,Otávio\Otavio,br BRA,MF,Bordeaux,23,1994,16.5,5,2,1,26,11,0,4,26,34,0,1,0,192,5,5,50,Matches
384,Alexandre Oukidja\Alexandre-Oukidja,dz ALG,GK,Strasbourg,29,1988,16.2,1,0,0,1,3,0,0,0,0,0,0,0,58,1,0,100,Matches
385,Ambroise Oyongo\Ambroise-Oyongo,cm CMR,MF,Montpellier,26,1991,2.2,0,0,0,1,3,0,10,2,1,0,0,0,18,0,3,0,Matches
386,Pablo\Pablo,br BRA,DF,Bordeaux,26,1991,14.3,3,0,0,12,6,1,0,19,11,0,1,0,165,16,8,66.7,Matches
387,Vincent Pajot\Vincent-Pajot,fr FRA,MF,Saint-Étienne,26,1990,14.3,5,1,0,33,18,1,5,15,12,0,0,0,142,37,23,61.7,Matches
388,Nicolas Pallois\Nicolas-Pallois,fr FRA,DF,Nantes,29,1987,27,8,4,2,16,6,0,3,34,20,0,1,1,307,14,17,45.2,Matches
389,Julian Palmieri\Julian-Palmieri,fr FRA,DFMF,Metz,30,1986,12.5,4,1,0,22,9,0,15,15,10,0,0,0,108,7,6,53.8,Matches
390,Javier Pastore\Javier-Pastore,ar ARG,MFFW,Paris S-G,28,1989,15,2,0,0,12,14,2,19,9,19,0,0,0,84,2,6,25,Matches
391,Mateo Pavlovi_\Mateo-Pavlovic,ba BIH,DF,Angers,27,1990,21.8,9,0,0,32,10,0,2,17,5,0,1,0,236,30,17,63.8,Matches
392,Dimitri Payet\Dimitri-Payet,fr FRA,MFFW,Marseille,30,1987,26.1,6,0,0,16,53,4,131,18,9,3,0,0,172,2,7,22.2,Matches
393,Stef Peeters\Stef-Peeters,be BEL,MF,Caen,25,1992,12.3,4,0,0,26,5,1,37,10,9,0,0,0,96,1,4,20,Matches
394,Bryan Pelé\Bryan-Pele,fr FRA,FWMF,Troyes,25,1992,18,1,0,0,18,17,5,59,12,12,0,0,0,99,3,19,13.6,Matches
395,Yohann Pelé\Yohann-Pele,fr FRA,GK,Marseille,34,1982,8.2,1,0,0,1,2,0,0,0,0,0,0,0,41,0,0,,Matches
396,Pietro Pellegri\Pietro-Pellegri,it ITA,FWMF,Monaco,16,2001,0.3,0,0,0,1,2,0,3,1,0,0,0,0,2,1,0,100,Matches
397,Théo Pellenard\Theo-Pellenard,fr FRA,DF,Bordeaux,23,1994,15.9,4,0,0,24,5,0,39,30,13,0,1,0,176,5,4,55.6,Matches
398,Nicolas Pépé\Nicolas-Pepe,ci CIV,FWMF,Lille,22,1995,31.6,5,0,0,27,82,26,50,16,15,1,0,0,138,10,16,38.5,Matches
399,Romain Perraud\Romain-Perraud,fr FRA,MF,Nice,19,1997,0,0,0,0,0,0,0,0,0,0,0,0,0,0,0,0,,Matches
400,Loïc Perrin\Loic-Perrin,fr FRA,DF,Saint-Étienne,31,1985,27.4,3,0,0,15,28,1,2,24,21,0,0,0,320,39,18,68.4,Matches
401,Chris Philipps\Chris-Philipps,lu LUX,MFDF,Metz,23,1994,9.4,4,0,0,17,5,0,2,18,17,0,1,0,120,2,1,66.7,Matches
402,Lebogang Phiri\Lebogang-Phiri,za RSA,MF,Guingamp,22,1994,11.5,1,0,0,12,7,0,4,15,18,0,0,0,111,2,3,40,Matches
403,Ronaël Pierre-Gabriel\Ronael-Pierre-Gabriel,fr FRA,DF,Saint-Étienne,19,1998,13,2,1,0,12,15,0,16,11,19,0,1,0,100,5,3,62.5,Matches
404,Facundo Píriz\Facundo-Piriz,uy URU,MF,Montpellier,27,1990,9,4,0,0,15,9,0,2,13,9,0,0,0,105,5,7,41.7,Matches
405,Jaroslav Pla_il\Jaroslav-Plasil,cz CZE,MF,Bordeaux,35,1982,11.6,2,0,0,16,15,0,5,22,14,0,0,0,131,1,6,14.3,Matches
406,Alassane Pléa\Alassane-Plea,fr FRA,FW,Nice,24,1993,33.8,7,0,0,37,60,15,21,13,9,1,0,0,124,8,28,22.2,Matches
407,Morgan Poaty\Morgan-Poaty,cg CGO,MF,Montpellier,20,1997,1.9,1,0,0,2,3,0,6,0,0,0,0,0,19,1,1,50,Matches
408,Gerónimo Poblete\Geronimo-Poblete,ar ARG,MF,Metz,24,1993,18.4,1,0,0,20,30,1,3,21,33,0,0,0,167,8,5,61.5,Matches
409,Florentin Pogba\Florentin-Pogba,gn GUI,DF,Saint-Étienne,26,1990,3.6,1,0,0,3,3,1,8,2,1,0,1,0,42,1,1,50,Matches
410,Ezequiel Ponce\Ezequiel-Ponce,ar ARG,FW,Lille,20,1997,12.2,2,0,0,32,11,12,3,1,5,0,0,0,35,16,32,33.3,Matches
411,Jérémie Porsan-Clémenté\Jeremie-Porsan-Clemente,fr FRA,MF,Montpellier,19,1997,1,1,0,0,1,1,0,4,1,1,0,0,0,10,1,0,100,Matches
412,Maxime Poundjé\Maxime-Poundje,fr FRA,DF,Bordeaux,24,1992,18.9,5,0,0,23,14,4,51,25,22,1,0,0,182,15,2,88.2,Matches
413,Sanjin Prci_\Sanjin-Prcic,ba BIH,MF,Rennes,23,1993,17.4,3,0,0,13,10,0,6,28,18,0,0,0,192,3,3,50,Matches
414,Nicolas de Préville\Nicolas-de-Preville,fr FRA,FW,Bordeaux,26,1991,21.5,6,0,0,49,37,6,46,19,25,0,0,0,121,7,23,23.3,Matches
415,Nicolas de Préville\Nicolas-de-Preville,fr FRA,FW,Lille,26,1991,3.2,0,0,0,7,4,2,2,0,3,0,0,0,14,2,2,50,Matches
416,Jérôme Prior\Jerome-Prior,fr FRA,GK,Bordeaux,21,1995,2,0,0,0,0,0,0,0,0,0,0,0,0,5,0,0,,Matches
417,Sloan Privat\Sloan-Privat,fr FRA,FW,Guingamp,28,1989,0,0,0,0,0,0,0,0,0,0,0,0,0,0,0,0,,Matches
418,Loïc Puyo\Loic-Puyo,fr FRA,MF,Angers,28,1988,1.9,0,0,0,4,2,0,4,3,6,0,0,0,29,0,0,,Matches
419,Adrien Rabiot\Adrien-Rabiot,fr FRA,MF,Paris S-G,22,1995,26.3,2,0,0,38,21,0,15,30,30,0,0,0,280,14,11,56,Matches
420,Rafael\Rafael,br BRA,DF,Lyon,27,1990,20.1,9,0,0,33,27,2,56,44,33,0,0,1,181,12,10,54.5,Matches
421,Andrea Raggi\Andrea-Raggi,it ITA,DF,Monaco,33,1984,17.8,3,0,0,12,13,2,19,19,10,0,0,0,125,2,7,22.2,Matches
422,Adil Rami\Adil-Rami,fr FRA,DF,Marseille,31,1985,32.8,5,0,0,28,22,1,2,33,20,0,0,1,426,38,20,65.5,Matches
423,Pedro Rebocho\Pedro-Rebocho,pt POR,DF,Guingamp,22,1995,19.1,4,0,0,16,11,1,46,29,16,0,0,0,181,7,11,38.9,Matches
424,Jeff Reine-Adélaïde\Jeff-Reine-Adelaide,fr FRA,MFFW,Angers,19,1998,4.9,0,0,0,7,14,1,2,1,9,0,0,0,33,3,4,42.9,Matches
425,Jan Repas\Jan-Repas,si SVN,MFFW,Caen,20,1997,10,1,0,0,16,19,1,9,6,7,0,1,0,61,3,7,30,Matches
426,Baptiste Reynet\Baptiste-Reynet,fr FRA,GK,Dijon,26,1990,38,3,0,0,3,7,0,0,1,0,0,0,0,215,0,0,,Matches
427,Emmanuel Rivière\Emmanuel-Riviere,fr FRA,FW,Metz,27,1990,22.3,1,0,0,40,17,9,8,2,8,0,0,0,84,33,69,32.4,Matches
428,Jonathan Rivierez\Jonathan-Rivierez,fr FRA,DF,Metz,28,1989,22.9,6,0,0,32,14,0,21,35,33,0,1,0,202,4,8,33.3,Matches
429,Ronny Rodelin\Ronny-Rodelin,fr FRA,FWMF,Caen,27,1989,35.1,1,0,0,20,33,14,61,15,15,0,0,0,237,55,40,57.9,Matches
430,Rolando\Rolando,pt POR,DF,Marseille,31,1985,27.9,5,0,0,20,16,1,2,26,21,0,1,1,301,23,18,56.1,Matches
431,Valentin Rongier\Valentin-Rongier,fr FRA,MFFW,Nantes,22,1994,26.1,1,0,0,34,21,4,14,43,49,0,0,0,244,2,13,13.3,Matches
432,Valentin Rosier\Valentin-Rosier,fr FRA,DF,Dijon,20,1996,30.9,5,0,0,58,20,3,46,53,43,0,0,2,277,22,19,53.7,Matches
433,Jérôme Roussillon\Jerome-Roussillon,fr FRA,DFMF,Montpellier,24,1993,20.9,2,0,0,8,29,5,69,14,21,0,0,0,158,8,4,66.7,Matches
434,Nolan Roux\Nolan-Roux,fr FRA,FWMF,Metz,29,1988,31.5,8,0,0,45,60,19,23,27,16,0,0,0,136,27,48,36,Matches
435,Stéphane Ruffier\Stephane-Ruffier,fr FRA,GK,Saint-Étienne,30,1986,34.6,1,1,0,2,1,0,0,0,0,0,0,0,130,0,0,,Matches
436,Vincent Rüfli\Vincent-Rufli,ch SUI,MFFW,Dijon,29,1988,0.3,0,0,0,3,0,0,0,1,1,0,0,0,2,0,0,,Matches
437,Idriss Saadi\Idriss-Saadi,dz ALG,FW,Strasbourg,25,1992,10.4,1,0,0,10,6,7,17,2,4,1,0,0,35,2,7,22.2,Matches
438,Youssouf Sabaly\Youssouf-Sabaly,sn SEN,DF,Bordeaux,24,1993,34.4,3,0,0,40,32,2,88,54,58,0,0,0,352,18,15,54.5,Matches
439,Ihsan Sacko\Ihsan-Sacko,fr FRA,FW,Nice,20,1997,2.9,1,0,0,3,10,1,2,1,1,0,0,0,17,1,3,25,Matches
440,Ihsan Sacko\Ihsan-Sacko,fr FRA,FWMF,Strasbourg,20,1997,7.9,1,0,0,8,14,2,7,6,7,0,0,0,66,2,12,14.3,Matches
441,Adrián Sahibeddine\Adrian-Sahibeddine,fr FRA,FWMF,Dijon,22,1994,0.2,0,0,0,0,0,0,0,0,0,0,0,0,1,0,1,0,Matches
442,Wesley Saïd\Wesley-Said,fr FRA,FWMF,Dijon,22,1995,20.4,4,0,0,35,18,7,17,15,22,1,0,0,101,0,5,0,Matches
443,Allan Saint-Maximin\Allan-Saint-Maximin,fr FRA,FWMF,Nice,20,1997,25,1,0,0,8,39,5,78,21,9,2,0,0,119,5,4,55.6,Matches
444,Allan Saint-Maximin\Allan-Saint-Maximin,fr FRA,MFFW,Monaco,20,1997,0.2,0,0,0,1,1,1,1,0,0,0,0,0,0,0,2,0,Matches
445,Hiroki Sakai\Hiroki-Sakai,jp JPN,DF,Marseille,27,1990,28,1,0,0,22,28,2,36,44,33,0,1,0,263,33,20,62.3,Matches
446,Diafra Sakho\Diafra-Sakho,sn SEN,FW,Rennes,27,1989,8.7,1,0,0,12,10,10,3,1,3,0,0,0,30,5,24,17.2,Matches
447,Emiliano Sala\Emiliano-Sala,ar ARG,FW,Nantes,26,1990,33.7,4,2,1,47,58,34,11,16,8,0,0,0,151,41,77,34.7,Matches
448,Yannis Salibur\Yannis-Salibur,fr FRA,FWMF,Guingamp,26,1991,16.9,4,0,0,19,36,7,41,9,9,0,0,0,75,5,4,55.6,Matches
449,Yoann Salmier\Yoann-Salmier,gf GUF,DF,Strasbourg,24,1992,12.3,2,0,0,12,6,0,0,20,13,0,0,0,105,4,3,57.1,Matches
450,Mamadou Samassa\Mamadou-Samassa,ml MLI,GK,Troyes,27,1990,21,1,0,0,1,4,0,0,0,0,0,0,0,106,0,0,,Matches
451,Brice Samba\Brice-Samba,cg CGO,GK,Caen,23,1994,3.5,0,0,0,0,0,0,0,0,0,0,0,0,15,0,0,,Matches
452,Junior Sambia\Junior-Sambia,fr FRA,MFFW,Montpellier,20,1996,17.1,3,0,0,26,35,3,47,16,12,0,0,0,122,18,14,56.3,Matches
453,Frédéric Sammaritano\Frederic-Sammaritano,fr FRA,FWMF,Dijon,31,1986,15.9,2,0,0,12,21,5,30,7,14,0,0,0,114,1,12,7.7,Matches
454,Ibrahim Sangaré\Ibrahim-Sangare,ci CIV,MF,Toulouse,19,1997,17.7,6,0,0,35,24,0,12,16,44,0,1,0,218,16,8,66.7,Matches
455,Younousse Sankharé\Younousse-Sankhare,sn SEN,MF,Bordeaux,27,1989,20.9,5,0,0,30,35,5,6,26,14,0,1,0,140,10,13,43.5,Matches
456,Baissama Sankoh\Baissama-Sankoh,gn GUI,MFDF,Caen,25,1992,17.1,3,0,0,28,28,0,2,25,17,0,0,0,237,19,10,65.5,Matches
457,Yaya Sanogo\Yaya-Sanogo,fr FRA,FW,Toulouse,24,1993,16.8,6,0,0,50,41,13,6,7,5,1,0,0,67,30,30,50,Matches
458,Morgan Sanson\Morgan-Sanson,fr FRA,MF,Marseille,22,1994,24.1,8,0,0,45,60,7,53,28,28,1,0,0,171,7,15,31.8,Matches
459,Baptiste Santamaria\Baptiste-Santamaria,fr FRA,MF,Angers,22,1995,28.8,6,0,0,45,51,1,14,46,36,0,0,0,350,21,16,56.8,Matches
460,Ivan Santini\Ivan-Santini,hr CRO,FW,Caen,28,1989,30.8,3,0,0,74,54,20,4,7,11,2,0,0,112,51,72,41.5,Matches
461,Yusuf Sari\Yusuf-Sari,tr TUR,FW,Marseille,18,1998,0,0,0,0,0,0,0,0,0,0,0,0,0,0,0,0,,Matches
462,Bouna Sarr\Bouna-Sarr,gn GUI,DFFW,Marseille,25,1992,19.9,5,0,0,31,25,4,65,27,40,1,0,0,235,22,12,64.7,Matches
463,Ismaila Sarr\Ismaila-Sarr,sn SEN,FWMF,Rennes,19,1998,20.6,2,0,0,18,63,20,42,12,15,2,0,0,104,8,12,40,Matches
464,Malang Sarr\Malang-Sarr,fr FRA,DF,Nice,18,1999,14.7,1,0,0,11,15,0,6,25,11,0,1,0,124,18,9,66.7,Matches
465,Ernest Seka\Ernest-Seka,gn GUI,DF,Strasbourg,30,1987,24.2,4,1,0,33,12,2,20,39,36,0,0,0,278,21,11,65.6,Matches
466,Vahid Selimovi_\Vahid-Selimovic,lu LUX,DF,Metz,20,1997,11.7,4,2,1,21,9,0,0,16,8,0,0,1,114,4,8,33.3,Matches
467,Ole Selnæs\Ole-Selnaes,no NOR,MF,Saint-Étienne,23,1994,22.9,9,0,0,35,15,0,11,28,40,1,0,0,275,9,7,56.3,Matches
468,Jean Seri\Jean-Seri,ci CIV,MF,Nice,26,1991,29.1,5,0,0,26,61,0,48,31,15,2,0,0,221,10,7,58.8,Matches
469,Julien Serrano\Julien-Serrano,fr FRA,DF,Monaco,19,1998,3.1,1,0,0,2,4,0,15,3,1,0,0,0,26,2,4,33.3,Matches
470,Grégory Sertic\Gregory-Sertic,fr FRA,DFMF,Marseille,27,1989,3.9,1,0,0,7,3,0,0,7,2,0,1,0,39,0,1,0,Matches
471,Stéphane Sessègnon\Stephane-Sessegnon,bj BEN,MF,Montpellier,33,1984,10.9,1,0,0,10,20,0,11,2,1,0,0,0,91,3,3,50,Matches
472,Djibril Sidibé\Djibril-Sidibe,fr FRA,DF,Monaco,25,1992,23.9,4,0,0,38,36,0,48,48,31,0,1,0,252,24,9,72.7,Matches
473,Kolbeinn Sig_órsson\Kolbeinn-Sigthorsson,is ISL,FW,Nantes,27,1990,0.3,0,0,0,0,0,1,0,1,0,0,0,0,0,2,2,50,Matches
474,Gabriel Silva\Gabriel-Silva,br BRA,DF,Saint-Étienne,26,1991,23.1,2,1,0,29,45,3,37,34,16,1,0,0,183,12,9,57.1,Matches
475,Thiago Silva\Thiago-Silva,br BRA,DF,Paris S-G,32,1984,23.5,5,0,0,19,12,0,2,22,21,0,1,0,240,22,3,88,Matches
476,Giovanni Sio\Giovanni-Sio,ci CIV,FW,Montpellier,28,1989,24.4,5,1,0,53,42,28,30,7,9,0,0,0,84,26,35,42.6,Matches
477,Ellyes Skhiri\Ellyes-Skhiri,tn TUN,MF,Montpellier,22,1995,33.9,8,0,0,38,31,0,10,60,53,0,0,0,393,17,14,54.8,Matches
478,Naïm Sliti\Naim-Sliti,tn TUN,FWMF,Dijon,25,1992,25.5,2,0,0,22,66,10,46,16,28,2,1,0,146,6,16,27.3,Matches
479,Wesley Sneijder\Wesley-Sneijder,nl NED,MFFW,Nice,33,1984,4.4,0,0,0,4,3,0,11,2,1,0,0,0,15,0,0,,Matches
480,Somália\Somalia,br BRA,MFFW,Toulouse,28,1988,22.2,2,0,0,26,49,2,28,37,38,0,0,0,182,12,21,36.4,Matches
481,Jérémy Sorbon\Jeremy-Sorbon,fr FRA,DF,Guingamp,33,1983,29,1,0,0,16,16,1,0,45,16,0,0,0,280,21,8,72.4,Matches
482,Rayan Souici\Rayan-Souici,fr FRA,FW,Saint-Étienne,19,1998,0.1,0,0,0,0,0,0,0,0,0,0,0,0,0,0,1,0,Matches
483,Adama Soumaoro\Adama-Soumaoro,fr FRA,DF,Lille,25,1992,13.2,2,0,0,7,14,1,0,17,5,0,0,0,124,11,3,78.6,Matches
484,Boubakary Soumaré\Boubakary-Soumare,fr FRA,MF,Lille,18,1999,5.7,1,0,0,7,6,0,0,6,11,0,0,0,58,6,0,100,Matches
485,Arnaud Souquet\Arnaud-Souquet,fr FRA,DF,Nice,25,1992,26.8,4,0,0,21,46,0,47,39,46,1,0,0,216,12,6,66.7,Matches
486,Bassem Srarfi\Bassem-Srarfi,tn TUN,FWMF,Nice,20,1997,9.7,1,0,0,13,18,4,9,11,6,1,0,0,57,3,3,50,Matches
487,Timo Stavitski\Timo-Stavitski,fi FIN,FW,Caen,18,1999,4.5,1,0,0,5,6,7,16,1,3,0,0,0,24,2,6,25,Matches
488,Mariusz St_pi_ski\Mariusz-Stepinski,pl POL,FW,Nantes,22,1995,0,0,0,0,0,0,0,0,0,0,0,0,0,0,0,0,,Matches
489,Danijel Suba_i_\Danijel-Subasic,hr CRO,GK,Monaco,32,1984,32.7,3,0,0,2,6,0,0,0,0,0,0,0,124,0,0,,Matches
490,Neven Suboti_\Neven-Subotic,rs SRB,DF,Saint-Étienne,28,1988,16,1,0,0,25,5,0,2,16,11,0,0,0,164,23,10,69.7,Matches
491,Gilles Sunu\Gilles-Sunu,tg TOG,MFFW,Angers,26,1991,7.3,4,0,0,10,16,2,12,3,0,0,0,0,41,3,9,25,Matches
492,Seydou Sy\Seydou-Sy,sn SEN,GK,Monaco,21,1995,2.8,1,0,0,0,0,0,0,0,0,0,0,0,12,0,0,,Matches
493,Issiaga Sylla\Issiaga-Sylla,gn GUI,DFMF,Toulouse,23,1994,17.8,5,0,0,26,11,4,59,27,19,0,0,0,207,26,16,61.9,Matches
494,Moussa Sylla\Moussa-Sylla,fr FRA,FW,Monaco,17,1999,3.4,1,0,0,5,4,2,2,0,0,0,0,0,21,4,8,33.3,Matches
495,Alexander Søderlund\Alexander-Soderlund,no NOR,FWMF,Saint-Étienne,29,1987,4,0,1,0,12,6,5,1,2,0,0,0,0,15,3,6,33.3,Matches
496,Franck Tabanou\Franck-Tabanou,fr FRA,DF,Guingamp,28,1989,11.6,5,0,0,17,15,3,38,22,10,0,0,0,102,11,8,57.9,Matches
497,Ervin Taha\Ervin-Taha,fr FRA,MFFW,Bordeaux,18,1999,0.4,0,0,0,0,0,0,0,0,0,0,0,0,2,0,0,,Matches
498,Mehdi Tahrat\Mehdi-Tahrat,dz ALG,MF,Angers,27,1990,4.9,3,0,0,6,8,0,0,10,5,0,0,0,79,10,5,66.7,Matches
499,Flavien Tait\Flavien-Tait,fr FRA,MFFW,Angers,24,1993,24.9,5,2,1,30,50,3,52,27,26,0,0,0,178,0,2,0,Matches
500,Adrien Tameze\Adrien-Tameze,cm CMR,MF,Nice,23,1994,18.7,3,0,0,22,28,0,6,26,32,0,0,0,167,9,9,50,Matches
501,Oussama Tannane\Oussama-Tannane,ma MAR,FWMF,Saint-Étienne,23,1994,2.3,1,0,0,5,6,3,8,4,5,0,0,0,17,0,0,,Matches
502,Ciprian T_t_ru_anu\Ciprian-Tatarusanu,ro ROU,GK,Nantes,31,1986,37,0,0,0,1,5,0,1,0,0,0,1,0,159,0,0,,Matches
503,Júlio Tavares\Julio-Tavares,cv CPV,FW,Dijon,28,1988,22.8,3,0,0,26,29,14,12,5,1,0,0,0,69,70,66,51.5,Matches
504,Jordan Tell\Jordan-Tell,fr FRA,FWDF,Rennes,20,1997,1.3,0,0,0,2,0,1,0,1,3,0,0,0,6,1,1,50,Matches
505,Martin Terrier\Martin-Terrier,fr FRA,FWMF,Strasbourg,20,1997,18.6,3,0,0,25,28,8,20,11,26,1,0,0,104,19,28,40.4,Matches
506,Kenny Tete\Kenny-Tete,nl NED,DF,Lyon,21,1995,17.9,3,0,0,21,20,5,51,30,23,0,0,0,163,7,7,50,Matches
507,Florian Thauvin\Florian-Thauvin,fr FRA,FWMF,Marseille,24,1993,32.8,7,0,0,27,52,17,144,18,17,1,0,0,207,4,16,20,Matches
508,Kévin Théophile-Catherine\Kevin-Theophile-Catherine,fr FRA,DF,Saint-Étienne,27,1989,24.1,6,0,0,24,13,0,2,24,24,0,2,0,227,15,7,68.2,Matches
509,Vincent Thill\Vincent-Thill,lu LUX,MFFW,Metz,17,2000,0.3,0,0,0,1,0,0,0,0,1,0,0,0,1,0,0,,Matches
510,Romain Thomas\Romain-Thomas,fr FRA,DF,Angers,29,1988,27.4,5,0,0,23,25,3,1,26,21,0,2,1,303,30,16,65.2,Matches
511,Adrien Thomasson\Adrien-Thomasson,fr FRA,MFFW,Nantes,23,1993,28.7,4,0,0,26,33,7,51,32,44,1,0,0,253,4,9,30.8,Matches
512,Marcus Thuram\Marcus-Thuram,fr FRA,FW,Guingamp,19,1997,21.5,2,0,0,48,39,17,27,4,10,3,0,0,92,28,24,53.8,Matches
513,Youri Tielemans\Youri-Tielemans,be BEL,MF,Monaco,20,1997,17.4,1,0,0,36,26,0,11,23,20,0,0,0,196,15,12,55.6,Matches
514,Jonathan Tinhan\Jonathan-Tinhan,bj BEN,FWMF,Troyes,28,1989,0.8,1,0,0,1,1,0,0,0,0,0,0,0,6,0,3,0,Matches
515,Ola Toivonen\Ola-Toivonen,se SWE,FWMF,Toulouse,31,1986,8.9,2,0,0,23,9,7,7,0,4,1,0,0,58,16,10,61.5,Matches
516,Karl Toko Ekambi\Karl-Toko-Ekambi,cm CMR,FWMF,Angers,24,1992,33.8,4,0,0,31,33,28,34,12,6,2,0,0,112,5,22,18.5,Matches
517,Jérémy Toulalan\Jeremy-Toulalan,fr FRA,DF,Bordeaux,33,1983,21,3,0,0,21,15,0,2,24,35,0,1,1,232,9,3,75,Matches
518,Abdoulaye Touré\Abdoulaye-Toure,fr FRA,MF,Nantes,23,1994,31.2,3,0,0,51,53,0,16,71,55,1,0,0,414,31,16,66,Matches
519,Almamy Touré\Almamy-Toure,ml MLI,DF,Monaco,21,1996,13.9,3,0,0,21,4,2,34,19,23,0,1,0,139,14,13,51.9,Matches
520,Thomas Touré\Thomas-Toure,ci CIV,MF,Bordeaux,23,1993,0.1,0,0,0,0,0,0,0,0,0,0,0,0,2,0,0,,Matches
521,Thomas Touré\Thomas-Toure,ci CIV,MF,Angers,23,1993,1.4,1,0,0,3,0,1,1,2,0,0,0,0,12,0,1,0,Matches
522,Lucas Tousart\Lucas-Tousart,fr FRA,MF,Lyon,20,1997,34.8,8,0,0,46,20,0,3,48,55,0,1,0,388,39,25,60.9,Matches
523,Adama Traoré\Adama-Traore,ml MLI,MFFW,Monaco,22,1995,2.1,1,0,0,1,6,0,0,3,1,0,0,0,14,0,1,0,Matches
524,Bertrand Traoré\Bertrand-Traore,bf BFA,FW,Lyon,21,1995,25.4,3,0,0,25,34,7,37,42,10,1,0,0,134,14,9,60.9,Matches
525,Charles Traore\Charles-Traore,ml MLI,DF,Troyes,25,1992,33.3,8,1,0,30,29,1,55,66,31,0,0,0,333,19,12,61.3,Matches
526,Hamari Traoré\Hamari-Traore,ml MLI,DF,Rennes,25,1992,29.3,10,0,0,42,37,2,51,52,35,0,0,0,338,20,11,64.5,Matches
527,Ismaël Traoré\Ismael-Traore,ci CIV,DF,Angers,30,1986,31.7,2,0,0,22,5,0,1,39,32,0,1,1,321,16,14,53.3,Matches
528,Lacina Traoré\Lacina-Traore,ci CIV,FW,Amiens,27,1990,8.7,1,0,0,24,17,9,5,3,8,1,0,0,37,31,23,57.4,Matches
529,Kevin Trapp\Kevin-Trapp,de GER,GK,Paris S-G,27,1990,4,0,0,0,1,1,0,0,0,0,0,0,0,21,0,0,,Matches
530,Matthieu Udol\Matthieu-Udol,fr FRA,DF,Metz,21,1996,4,0,0,0,8,1,0,9,6,5,0,0,0,34,0,0,,Matches
531,Valentín Vada\Valentin-Vada,ar ARG,MFFW,Bordeaux,21,1996,9.6,4,0,0,15,21,1,17,7,17,0,0,0,79,0,4,0,Matches
532,Cédric Varrault\Cedric-Varrault,fr FRA,DF,Dijon,37,1980,9.8,0,0,0,5,9,0,0,14,4,0,0,0,102,10,4,71.4,Matches
533,Rémy Vercoutre\Remy-Vercoutre,fr FRA,GK,Caen,37,1980,34.5,1,1,0,1,4,0,0,0,0,0,0,1,132,0,0,,Matches
534,Olivier Verdon\Olivier-Verdon,bj BEN,DF,Bordeaux,21,1995,0.1,0,0,0,0,0,0,0,0,0,0,0,0,1,1,0,100,Matches
535,Marco Verratti\Marco-Verratti,it ITA,MF,Paris S-G,24,1992,19.1,9,2,1,29,53,1,4,30,30,0,0,0,143,4,3,57.1,Matches
536,Oswaldo Vizcarrondo\Oswaldo-Vizcarrondo,ve VEN,DF,Troyes,33,1984,19.1,7,2,1,22,10,0,0,10,11,0,1,0,212,21,15,58.3,Matches
537,Anthony Walongwa\Anthony-Walongwa,cd COD,DF,Nantes,23,1993,1,0,0,0,1,0,0,0,0,0,0,0,0,15,1,1,50,Matches
538,Rémi Walter\Remi-Walter,fr FRA,MFFW,Nice,22,1995,5.5,0,0,0,6,0,0,1,8,5,0,0,0,46,4,3,57.1,Matches
539,Rémi Walter\Remi-Walter,fr FRA,MF,Troyes,22,1995,11.1,1,0,0,13,7,0,4,14,7,0,0,0,157,6,14,30,Matches
540,Timothy Weah\Timothy-Weah,us USA,FW,Paris S-G,17,2000,1.4,1,0,0,2,0,1,2,0,0,0,0,0,2,0,0,,Matches
541,Xeka\Xeka,pt POR,MF,Dijon,22,1994,15.5,4,0,0,28,30,1,25,20,19,0,1,0,135,6,8,42.9,Matches
542,Xeka\Xeka,pt POR,MF,Lille,22,1994,0.2,0,0,0,1,0,0,1,1,0,0,0,0,0,0,0,,Matches
543,Steeve Yago\Steeve-Yago,bf BFA,DF,Toulouse,24,1992,17.5,7,0,0,37,25,1,13,36,22,0,0,0,159,7,8,46.7,Matches
544,Cédric Yamberé\Cedric-Yambere,cf CTA,DF,Dijon,26,1990,31.5,7,2,0,29,32,0,4,28,32,0,3,1,314,20,20,50,Matches
545,Mapou Yanga-Mbiwa\Mapou-Yanga-Mbiwa,fr FRA,DF,Lyon,28,1989,1.4,1,0,0,1,1,0,0,0,3,0,0,0,14,0,1,0,Matches
546,Zaydou Youssouf\Zaydou-Youssouf,fr FRA,FW,Bordeaux,18,1999,1.5,2,0,0,2,3,0,1,2,1,0,0,0,10,1,1,50,Matches
547,Andre-Frank Zambo Anguissa\Andre-Frank-Zambo-Anguissa,cm CMR,MF,Marseille,21,1995,27.1,5,0,0,49,57,0,10,57,61,0,0,0,379,38,20,65.5,Matches
548,Mehdi Zeffane\Mehdi-Zeffane,dz ALG,DFFW,Rennes,25,1992,11,0,0,0,7,4,1,16,12,8,0,0,0,99,2,4,33.3,Matches
549,Erwin Zelazny\Erwin-Zelazny,fr FRA,GK,Troyes,25,1991,17,2,0,0,1,5,0,0,0,0,0,0,0,77,0,0,,Matches
550,Kévin Zohi\Kevin-Zohi,ml MLI,MF,Strasbourg,20,1996,0,0,0,0,1,0,0,0,0,0,0,0,0,0,0,0,,Matches
551,Bongani Zungu\Bongani-Zungu,za RSA,MF,Amiens,24,1992,23.2,5,0,0,31,24,0,6,38,26,0,0,0,279,17,10,63,Matches