Player,Nation,Pos,Squad,Age,Born,90s,CrdY,CrdR,2CrdY,Fls,Fld,Off,Crs,Int,TklW,PKwon,PKcon,OG,Recov,Won,Lost,Won%,Matches
Aly Abeid\Aly-Abeid,mr MTN,DF,Levante,19,1997,0.8,0,0,0,1,0,0,2,1,1,0,0,0,8,0,2,0,Matches
Antonio Adán\Antonio-Adan,es ESP,GK,Betis,30,1987,30,4,0,0,0,4,0,0,0,0,0,0,0,127,0,0,,Matches
Aday\Aday,es ESP,DFMF,Girona,29,1987,20.4,10,0,0,38,15,6,99,21,6,0,0,1,187,19,11,63.3,Matches
Aritz Aduriz\Aritz-Aduriz,es ESP,FW,Athletic Club,36,1981,23.9,5,0,0,40,40,35,16,0,8,0,0,0,72,63,45,58.3,Matches
Martin Agirregabiria\Martin-Agirregabiria,es ESP,DF,Alavés,21,1996,20.3,4,0,0,20,18,0,35,27,19,0,0,0,244,7,7,50,Matches
Imanol Agirretxe\Imanol-Agirretxe,es ESP,FW,Real Sociedad,30,1987,2.6,0,0,0,1,4,1,0,0,0,1,0,0,10,6,2,75,Matches
Matías Aguirregaray\Matias-Aguirregaray,uy URU,DF,Las Palmas,28,1989,12.8,3,0,0,16,22,1,16,18,15,0,0,0,108,5,10,33.3,Matches
Ager Aketxe\Ager-Aketxe,es ESP,MF,Athletic Club,23,1993,0.5,1,0,0,1,0,0,2,0,1,0,0,0,4,0,1,0,Matches
David Alba\David-Alba,es ESP,DF,Getafe,18,1999,0.7,0,0,0,3,0,0,0,0,1,0,0,0,7,0,2,0,Matches
Jordi Alba\Jordi-Alba,es ESP,DF,Barcelona,28,1989,30.5,7,0,0,28,22,16,75,52,30,0,0,0,278,8,10,44.4,Matches
Raúl Albentosa\Raul-Albentosa,es ESP,DF,La Coruña,28,1988,19.4,5,0,0,15,15,1,3,13,12,0,1,0,226,22,11,66.7,Matches
Paco Alcácer\Paco-Alcacer,es ESP,FWMF,Barcelona,23,1993,7.8,0,0,0,1,9,7,7,8,3,0,0,0,45,3,11,21.4,Matches
Pedro Alcalá\Pedro-Alcala,es ESP,DF,Girona,28,1989,7.6,4,0,0,11,3,2,1,4,5,0,0,0,101,6,9,40,Matches
Steve Aldo One\Steve-Aldo-One,cm CMR,DF,La Coruña,22,1995,1,0,0,,1,,,0,1,0,0,0,,5,1,0,100,Matches
Álex Alegría\Alex-Alegria,es ESP,FW,Levante,24,1992,6.9,1,0,0,9,18,5,3,6,2,0,0,0,14,16,17,48.5,Matches
Iván Alejo\Ivan-Alejo,es ESP,FWMF,Eibar,22,1995,12.5,5,0,0,25,45,3,76,7,13,0,0,0,94,4,11,26.7,Matches
Alexander\Alexander,ar ARG,FWMF,Leganés,28,1988,11.7,1,0,0,18,18,8,29,13,12,1,0,0,63,1,4,20,Matches
Alexis\Alexis,es ESP,DF,Alavés,31,1985,24.3,6,0,0,20,15,2,4,23,17,0,0,1,215,16,7,69.6,Matches
José Alonso Lara\Jose-Alonso-Lara,es ESP,FW,Sevilla,17,2000,0.1,0,0,0,0,0,0,0,0,0,0,0,0,0,0,0,,Matches
Sergio Álvarez\Sergio-Alvarez,es ESP,GK,Celta Vigo,30,1986,16.4,0,0,0,0,5,0,0,0,0,0,0,0,67,0,0,,Matches
Yeray Álvarez\Yeray-Alvarez,es ESP,DF,Athletic Club,22,1995,7.5,2,0,0,12,11,0,1,8,4,0,0,0,95,10,7,58.8,Matches
Eloi Amagat\Eloi-Amagat,es ESP,FWMF,Girona,32,1985,0.2,0,0,0,1,0,0,1,0,0,0,0,0,0,0,0,,Matches
Jordi Amat\Jordi-Amat,es ESP,DFMF,Betis,25,1992,22.7,7,3,1,34,11,0,0,23,16,0,1,1,238,15,24,38.5,Matches
Amath\Amath,sn SEN,MFFW,Getafe,21,1996,31.5,9,0,0,70,62,10,23,23,43,0,0,0,226,13,26,33.3,Matches
Nordin Amrabat\Nordin-Amrabat,ma MAR,FWMF,Leganés,30,1987,18,6,2,1,51,36,25,52,5,8,0,1,0,85,7,11,38.9,Matches
Jon Ander Serantes\Jon-Ander-Serantes,es ESP,GK,Leganés,27,1989,1,0,0,0,0,0,0,0,0,0,0,0,0,4,0,0,,Matches
Florin Andone\Florin-Andone,ro ROU,FW,La Coruña,24,1993,18.2,6,0,0,54,21,18,23,3,9,0,0,0,63,14,47,23,Matches
Miguel Ángel Guerrero\Miguel-Angel-Guerrero,es ESP,FW,Leganés,27,1990,16.1,3,0,0,35,23,14,1,5,3,0,0,0,70,22,26,45.8,Matches
Miguel Ángel Moyá\Miguel-Angel-Moya,es ESP,GK,Real Sociedad,33,1984,8.5,0,0,0,0,1,0,0,0,0,0,1,0,43,0,0,,Matches
Miguel Ángel Rubio\Miguel-Angel-Rubio,es ESP,DF,Getafe,19,1998,0.3,0,0,0,1,1,0,0,0,0,0,0,0,6,2,0,100,Matches
José Ángel\Jose-Angel,es ESP,DF,Eibar,27,1989,26.9,4,0,0,18,18,1,117,30,31,0,0,0,358,22,15,59.5,Matches
Vitorino Antunes\Vitorino-Antunes,pt POR,DF,Getafe,30,1987,31.1,14,0,0,49,36,1,83,44,21,0,0,0,306,13,11,54.2,Matches
Alberto Aquilani\Alberto-Aquilani,it ITA,MF,Las Palmas,33,1984,14.4,4,0,0,21,14,1,5,19,19,0,0,0,119,4,5,44.4,Matches
Mauro Arambarri\Mauro-Arambarri,uy URU,MF,Getafe,21,1995,23.6,9,2,1,51,43,0,6,22,34,0,0,0,290,11,21,34.4,Matches
Guilherme Arana\Guilherme-Arana,br BRA,DF,Sevilla,20,1997,2.1,0,0,0,2,2,0,2,2,0,0,0,1,26,0,1,0,Matches
Sergio Araujo\Sergio-Araujo,ar ARG,FWMF,Las Palmas,25,1992,0.4,0,0,0,1,0,0,1,0,0,0,0,0,2,0,0,,Matches
Anaitz Arbilla\Anaitz-Arbilla,es ESP,DF,Eibar,30,1987,26.8,8,0,0,25,12,0,9,51,15,0,2,1,465,26,24,52,Matches
José Arnaiz\Jose-Arnaiz,es ESP,MF,Barcelona,22,1995,0.1,0,0,0,1,0,0,0,0,0,0,0,0,1,0,0,,Matches
Alejandro Arribas\Alejandro-Arribas,es ESP,DF,La Coruña,28,1989,3,0,0,0,5,2,0,0,3,3,0,1,1,31,1,0,100,Matches
Sergio Arribas\Sergio-Arribas,es ESP,FW,Leganés,22,1995,0.3,0,0,,0,,,,,,,,,,,,,Matches
Kepa Arrizabalaga\Kepa-Arrizabalaga,es ESP,GK,Athletic Club,22,1994,30,4,0,0,0,7,0,0,0,0,0,1,0,131,0,0,,Matches
Aythami Artiles\Aythami-Artiles,es ESP,DF,Las Palmas,31,1986,2.1,0,0,0,0,1,0,0,1,2,0,0,0,13,5,0,100,Matches
Sergio Asenjo\Sergio-Asenjo,es ESP,GK,Villarreal,28,1989,23,3,0,0,3,3,0,0,0,0,0,1,0,119,0,0,,Matches
Marco Asensio\Marco-Asensio,es ESP,FWMF,Real Madrid,21,1996,20.5,2,0,0,7,27,3,76,9,16,0,0,0,98,0,0,,Matches
Iago Aspas\Iago-Aspas,es ESP,FW,Celta Vigo,29,1987,32.6,9,0,0,21,62,12,52,14,19,1,0,0,175,8,21,27.6,Matches
Carlos Bacca\Carlos-Bacca,co COL,FW,Villarreal,30,1986,27.5,9,0,0,24,22,41,27,5,5,0,0,0,74,11,27,28.9,Matches
Cédric Bakambu\Cedric-Bakambu,cd COD,FW,Villarreal,26,1991,14,5,0,0,41,19,11,18,5,5,0,0,0,44,9,32,22,Matches
Zakaria Bakkali\Zakaria-Bakkali,be BEL,FWMF,La Coruña,21,1996,10.2,5,0,0,15,20,4,24,8,6,0,0,0,68,2,8,20,Matches
Gareth Bale\Gareth-Bale,wal WAL,FWMF,Real Madrid,28,1989,19.9,5,0,0,25,16,13,58,7,7,2,0,0,67,23,19,54.8,Matches
Mikel Balenziaga\Mikel-Balenziaga,es ESP,DF,Athletic Club,29,1988,17.2,1,0,0,22,17,0,39,13,25,0,0,0,170,7,6,53.8,Matches
Éver Banega\Ever-Banega,ar ARG,MF,Sevilla,29,1988,26.7,9,1,0,39,53,2,43,14,39,0,0,0,299,5,8,38.5,Matches
Léo Baptistão\Leo-Baptistao,br BRA,FWMF,Espanyol,24,1992,29.7,4,0,0,49,50,16,37,15,33,0,0,0,150,28,40,41.2,Matches
Mariano Barbosa\Mariano-Barbosa,ar ARG,GK,Villarreal,33,1984,12.5,0,0,0,0,3,0,0,0,0,0,0,0,46,0,0,,Matches
Enis Bardhi\Enis-Bardhi,mk MKD,MF,Levante,22,1995,17.6,9,0,0,37,25,3,24,22,22,0,0,0,131,3,12,20,Matches
Antonio Barragán\Antonio-Barragan,es ESP,DFMF,Betis,30,1987,26.3,7,0,0,51,19,4,79,15,22,0,0,0,217,30,15,66.7,Matches
Barri\Barri,es ESP,MFFW,Getafe,21,1995,1.3,0,0,0,3,0,0,0,1,0,0,0,0,8,2,1,66.7,Matches
Marc Bartra\Marc-Bartra,es ESP,DF,Betis,26,1991,15.8,6,0,0,19,17,0,3,25,27,0,0,0,208,19,8,70.4,Matches
Borja Bastón\Borja-Baston,es ESP,FW,Málaga,24,1992,11,2,0,0,14,7,9,2,3,3,1,0,0,39,23,21,52.3,Matches
Jon Bautista\Jon-Bautista,es ESP,FWMF,Real Sociedad,22,1995,2.1,0,0,0,4,1,1,0,0,0,0,0,0,9,6,5,54.5,Matches
Paul Baysse\Paul-Baysse,fr FRA,DF,Málaga,29,1988,13.8,1,0,0,17,9,3,2,12,10,0,0,0,173,26,12,68.4,Matches
Claudio Beauvue\Claudio-Beauvue,GPE,FW,Leganés,29,1988,18.6,4,0,0,28,26,18,11,1,2,0,0,0,41,47,61,43.5,Matches
Bebé\Bebe,pt POR,MFFW,Eibar,27,1990,4.1,0,0,0,5,4,3,25,1,5,0,0,0,30,2,2,50,Matches
Wissam Ben Yedder\Wissam-Ben-Yedder,fr FRA,FW,Sevilla,26,1990,18.9,2,2,1,15,21,21,12,6,3,0,0,0,77,7,34,17.1,Matches
Karim Benzema\Karim-Benzema,fr FRA,FW,Real Madrid,29,1987,23.9,0,0,0,19,13,17,18,6,6,1,0,0,81,3,16,15.8,Matches
Markel Bergara\Markel-Bergara,es ESP,MF,Getafe,31,1986,16.2,5,0,0,33,18,2,6,17,16,0,0,0,175,23,13,63.9,Matches
Pedro Bigas\Pedro-Bigas,es ESP,DF,Las Palmas,26,1990,9.9,3,0,0,12,6,1,0,16,12,0,0,0,100,6,3,66.7,Matches
Rubén Blanco\Ruben-Blanco,es ESP,GK,Celta Vigo,22,1995,21.6,3,1,0,4,0,0,0,0,0,0,0,0,69,0,0,,Matches
Emmanuel Boateng\Emmanuel-Boateng,gh GHA,FW,Levante,21,1996,14.2,5,0,0,41,38,9,6,5,2,1,1,0,54,44,37,54.3,Matches
Daniele Bonera\Daniele-Bonera,it ITA,DF,Villarreal,36,1981,13.2,4,1,0,11,11,0,0,10,10,0,1,0,116,8,3,72.7,Matches
Celso Borges\Celso-Borges,cr CRC,MF,La Coruña,29,1988,25.5,4,2,1,31,14,5,17,27,33,0,0,0,291,84,63,57.1,Matches
Ryad Boudebouz\Ryad-Boudebouz,dz ALG,MFFW,Betis,27,1990,15.2,2,0,0,20,18,1,29,9,18,0,0,0,96,7,10,41.2,Matches
Yassine Bounou\Yassine-Bounou,ma MAR,GK,Girona,26,1991,29.5,2,0,0,2,1,0,0,0,0,0,1,0,155,0,0,,Matches
Eneko Bóveda\Eneko-Boveda,es ESP,DF,La Coruña,28,1988,7.4,2,0,0,10,4,0,1,9,9,0,0,1,80,9,15,37.5,Matches
Eneko Bóveda\Eneko-Boveda,es ESP,DF,Athletic Club,28,1988,5.8,1,0,0,12,1,1,16,9,5,0,0,0,65,6,6,50,Matches
Lucas Boyé\Lucas-Boye,ar ARG,FWMF,Celta Vigo,21,1996,3.2,2,0,0,11,1,0,8,8,3,0,0,0,32,1,4,20,Matches
Darko Brašanac\Darko-Brasanac,rs SRB,MFFW,Leganés,25,1992,13.4,3,0,0,19,20,3,11,12,15,0,0,0,128,13,11,54.2,Matches
Alberto Bueno\Alberto-Bueno,es ESP,FWMF,Málaga,29,1988,2.6,0,0,0,3,7,1,3,0,2,0,0,0,24,1,12,7.7,Matches
Burgui\Burgui,es ESP,FWMF,Alavés,23,1993,11.5,1,0,0,10,19,5,18,4,7,1,0,0,56,1,11,8.3,Matches
Sergio Busquets\Sergio-Busquets,es ESP,MF,Barcelona,29,1988,28.8,8,0,0,31,58,0,3,35,44,1,0,0,319,35,17,67.3,Matches
Unai Bustinza\Unai-Bustinza,es ESP,DF,Leganés,25,1992,18.2,5,0,0,27,19,2,11,35,20,0,1,0,216,25,18,58.1,Matches
Erick Cabaco\Erick-Cabaco,uy URU,DF,Levante,22,1995,11.5,4,0,0,13,13,0,0,11,13,1,0,0,99,12,6,66.7,Matches
Gustavo Cabral\Gustavo-Cabral,ar ARG,DF,Celta Vigo,31,1985,20.8,5,0,0,15,4,2,0,20,21,0,1,0,256,34,16,68,Matches
Leandro Cabrera\Leandro-Cabrera,uy URU,DF,Getafe,26,1991,8,3,0,0,14,3,1,14,19,10,0,0,0,108,10,5,66.7,Matches
Cala\Cala,es ESP,DF,Getafe,27,1989,20,9,0,0,28,23,2,0,21,14,0,1,0,273,38,21,64.4,Matches
Carlos Calderón\Carlos-Calderon,es ESP,FW,Getafe,22,1995,0.1,0,0,0,0,0,0,0,0,0,0,0,0,0,1,0,100,Matches
Jonathan Calleri\Jonathan-Calleri,ar ARG,FW,Las Palmas,23,1993,34.5,7,0,0,70,77,39,30,9,17,1,1,0,124,67,78,46.2,Matches
Víctor Camarasa\Victor-Camarasa,es ESP,MF,Betis,23,1994,13.9,2,0,0,15,31,2,6,15,9,0,0,1,96,8,10,44.4,Matches
José Campaña\Jose-Campana,es ESP,MF,Levante,24,1993,30.3,9,2,1,31,30,1,35,31,34,0,0,0,307,11,24,31.4,Matches
Joel Campbell\Joel-Campbell,cr CRC,MFFW,Betis,25,1992,2.4,1,0,0,3,13,0,2,0,1,0,0,0,22,0,1,0,Matches
Sergio Canales\Sergio-Canales,es ESP,MFFW,Real Sociedad,26,1991,21.5,4,0,0,22,30,0,59,12,21,1,0,0,141,1,6,14.3,Matches
João Cancelo\Joao-Cancelo,pt POR,MF,Valencia,23,1994,1,0,0,0,1,2,0,7,0,1,0,0,0,12,0,0,,Matches
Ander Capa\Ander-Capa,es ESP,DF,Eibar,25,1992,25.1,4,0,0,32,12,6,70,30,25,0,0,0,317,17,6,73.9,Matches
Lionel Carole\Lionel-Carole,fr FRA,DF,Sevilla,26,1991,6,0,0,0,4,7,0,3,9,5,0,0,0,66,2,5,28.6,Matches
Yannick Carrasco\Yannick-Carrasco,be BEL,MFFW,Atlético Madrid,23,1993,10,3,0,0,13,8,2,20,7,12,0,0,0,84,1,6,14.3,Matches
Daniel Carriço\Daniel-Carrico,pt POR,DF,Sevilla,28,1988,5.1,1,0,0,5,0,0,2,5,6,0,0,0,70,7,5,58.3,Matches
Federico Cartabia\Federico-Cartabia,ar ARG,FWMF,La Coruña,24,1993,14.7,6,0,0,20,47,4,38,10,20,1,0,0,103,3,16,15.8,Matches
Dani Carvajal\Dani-Carvajal,es ESP,DF,Real Madrid,25,1992,24.7,11,1,0,46,32,3,93,31,33,0,1,0,246,17,16,51.5,Matches
Casemiro\Casemiro,br BRA,MF,Real Madrid,25,1992,28.8,8,0,0,58,73,2,10,41,67,0,0,0,338,36,22,62.1,Matches
Kiko Casilla\Kiko-Casilla,es ESP,GK,Real Madrid,30,1986,10,0,0,0,0,0,0,0,0,0,0,0,0,39,0,0,,Matches
Dani Castellano\Dani-Castellano,es ESP,DF,Las Palmas,29,1987,22.5,5,0,0,16,30,4,32,19,20,0,0,0,214,13,12,52,Matches
Javi Castellano\Javi-Castellano,es ESP,MF,Las Palmas,29,1987,17.4,4,0,0,13,26,0,3,26,25,0,1,0,204,19,19,50,Matches
Samu Castillejo\Samu-Castillejo,es ESP,MFFW,Villarreal,22,1995,23,4,0,0,43,66,7,51,18,26,2,0,0,139,11,24,31.4,Matches
Chory Castro\Chory-Castro,uy URU,MFFW,Málaga,32,1984,22.8,5,2,1,24,28,3,83,17,18,0,0,0,190,14,12,53.8,Matches
Jonny Castro\Jonny-Castro,es ESP,DF,Celta Vigo,23,1994,35.6,10,0,0,45,38,1,45,55,57,1,0,0,380,22,23,48.9,Matches
Rubén Castro\Ruben-Castro,es ESP,FW,Betis,36,1981,4,0,0,0,1,5,6,0,0,0,0,0,0,17,0,2,0,Matches
Dani Ceballos\Dani-Ceballos,es ESP,MFFW,Real Madrid,20,1996,4.5,0,0,0,4,15,0,4,2,5,0,0,0,42,0,0,,Matches
Emanuel Cecchini\Emanuel-Cecchini,ar ARG,MFDF,Málaga,20,1996,0.3,1,0,0,2,0,0,0,0,3,0,0,0,5,0,0,,Matches
Nereo Champagne\Nereo-Champagne,ar ARG,GK,Leganés,32,1985,2,0,0,0,0,0,0,0,0,0,0,0,0,7,0,0,,Matches
Charles\Charles,br BRA,FW,Eibar,33,1984,17.5,5,1,0,42,29,10,10,6,4,1,0,0,79,41,46,47.1,Matches
Chema\Chema,es ESP,DF,Levante,25,1992,22.4,8,1,0,22,13,2,0,16,17,0,0,1,193,24,11,68.6,Matches
Denis Cheryshev\Denis-Cheryshev,ru RUS,MFFW,Villarreal,26,1990,10.3,2,0,0,21,14,5,29,9,11,1,0,0,79,5,11,31.3,Matches
Leandro Chichizola\Leandro-Chichizola,ar ARG,GK,Las Palmas,27,1990,27,2,0,0,2,7,0,0,0,0,0,0,0,140,0,0,,Matches
Chuca\Chuca,es ESP,MF,Villarreal,20,1997,1,1,0,0,1,2,0,4,0,0,0,0,0,6,0,1,0,Matches
Cifu\Cifu,es ESP,DF,Málaga,26,1990,1.2,0,0,0,4,2,0,8,4,2,0,0,0,11,1,0,100,Matches
Jasper Cillessen\Jasper-Cillessen,nl NED,GK,Barcelona,28,1989,1,0,0,0,0,0,0,0,0,0,0,0,0,1,0,0,,Matches
Coke\Coke,es ESP,DF,Levante,30,1987,15.4,5,2,1,22,12,4,19,23,21,0,0,0,147,13,12,52,Matches
Emre Çolak\Emre-Colak,tr TUR,MFFW,La Coruña,26,1991,16.1,4,0,0,18,24,2,40,5,15,0,0,0,128,3,13,18.8,Matches
Francis Coquelin\Francis-Coquelin,fr FRA,MFDF,Valencia,26,1991,7.3,2,0,0,13,7,1,4,11,9,0,0,0,94,13,6,68.4,Matches
Sébastien Corchia\Sebastien-Corchia,fr FRA,DF,Sevilla,26,1990,9.1,4,0,0,14,22,3,23,9,7,0,1,0,83,8,3,72.7,Matches
Iñigo Córdoba\Inigo-Cordoba,es ESP,FWMF,Athletic Club,20,1997,16.2,3,0,0,16,35,5,50,18,25,0,0,0,123,11,20,35.5,Matches
Ángel Correa\Angel-Correa,ar ARG,FWMF,Atlético Madrid,22,1995,24.9,4,2,1,44,49,6,40,16,30,0,0,0,201,5,17,22.7,Matches
Joaquín Correa\Joaquin-Correa,ar ARG,FWMF,Sevilla,22,1994,13.2,5,0,0,21,43,5,9,7,5,1,0,0,78,8,10,44.4,Matches
Diego Costa\Diego-Costa,es ESP,FW,Atlético Madrid,28,1988,11.5,7,2,1,21,19,19,5,3,11,1,0,0,36,12,15,44.4,Matches
Jaume Costa\Jaume-Costa,es ESP,DF,Villarreal,29,1988,28.3,14,2,1,53,38,0,63,32,38,1,2,0,257,26,21,55.3,Matches
Philippe Coutinho\Philippe-Coutinho,br BRA,FWMF,Barcelona,25,1992,14.4,1,0,0,11,32,9,17,7,10,0,0,0,94,4,1,80,Matches
Iván Cuéllar\Ivan-Cuellar,es ESP,GK,Leganés,33,1984,35,4,0,0,0,8,0,0,0,0,0,0,0,186,0,0,,Matches
Sergi Darder\Sergi-Darder,es ESP,MF,Espanyol,23,1993,30.9,7,0,0,35,30,0,20,35,33,0,0,0,293,5,10,33.3,Matches
Salem Al-Dawsari\Salem-Al-Dawsari,sa KSA,MF,Villarreal,25,1991,0.4,1,0,0,1,1,1,1,0,1,0,0,0,6,0,0,,Matches
Ousmane Dembélé\Ousmane-Dembele,fr FRA,FWMF,Barcelona,20,1997,10.2,2,0,0,9,18,3,25,5,5,0,1,0,50,1,3,25,Matches
Ermedin Demirovi?\Ermedin-Demirovic,ba BIH,FW,Alavés,19,1998,2,0,0,0,5,3,2,1,0,2,0,0,0,7,3,6,33.3,Matches
Gerard Deulofeu\Gerard-Deulofeu,es ESP,MFFW,Barcelona,23,1994,5.6,1,0,0,11,5,4,14,6,4,0,0,0,35,0,1,0,Matches
Adrián Diéguez\Adrian-Dieguez,es ESP,DF,Alavés,21,1996,4.8,5,0,0,13,2,0,1,9,5,0,1,0,41,0,3,0,Matches
Lucas Digne\Lucas-Digne,fr FRA,DF,Barcelona,24,1993,7.9,2,0,0,11,7,2,16,13,11,0,1,0,82,6,6,50,Matches
Papakouli Diop\Papakouli-Diop,sn SEN,MF,Espanyol,31,1986,2.9,2,0,0,11,6,0,0,5,3,0,0,0,34,2,1,66.7,Matches
Papakouli Diop\Papakouli-Diop,sn SEN,MF,Eibar,31,1986,10.4,5,0,0,24,20,0,5,9,14,0,0,0,156,11,23,32.4,Matches
Djené\Djene,tg TOG,DF,Getafe,25,1991,36,9,0,0,52,26,1,9,61,53,1,1,0,513,39,31,55.7,Matches
Marko Dmitrovi?\Marko-Dmitrovic,rs SRB,GK,Eibar,25,1992,36,1,0,0,2,7,0,0,0,0,0,0,0,192,0,0,,Matches
Jaume Doménech\Jaume-Domenech,es ESP,GK,Valencia,26,1990,5,2,0,0,0,1,0,0,0,0,0,0,0,26,0,0,,Matches
Mauro dos Santos\Mauro-dos-Santos,ar ARG,DF,Leganés,28,1989,11,3,0,0,10,3,2,2,9,13,0,0,0,113,8,5,61.5,Matches
Cheick Doukouré\Cheick-Doukoure,ci CIV,MF,Levante,24,1992,11.3,4,0,0,34,11,0,2,12,18,0,0,0,102,8,8,50,Matches
Óscar Duarte\Oscar-Duarte,cr CRC,DF,Espanyol,28,1989,11,1,0,0,7,6,0,0,7,6,0,0,0,133,21,8,72.4,Matches
Rubén Duarte\Ruben-Duarte,es ESP,DF,Alavés,21,1995,23.8,9,2,1,48,35,1,36,30,29,0,2,0,283,22,15,59.5,Matches
Riza Durmisi\Riza-Durmisi,dk DEN,DFMF,Betis,23,1994,23.1,4,0,0,15,12,2,52,13,17,0,0,0,158,3,9,25,Matches
Hugo Duro\Hugo-Duro,es ESP,FW,Getafe,17,1999,0.2,0,0,0,1,0,0,0,0,0,0,0,0,1,0,1,0,Matches
Aritz Elustondo\Aritz-Elustondo,es ESP,DF,Real Sociedad,23,1994,17.7,1,0,0,18,11,3,8,21,8,0,0,0,195,22,13,62.9,Matches
Rodrigo Ely\Rodrigo-Ely,br BRA,DF,Alavés,23,1993,29.9,11,2,1,27,18,2,1,28,14,0,3,0,331,73,24,75.3,Matches
Youssef En-Nesyri\Youssef-En-Nesyri,ma MAR,FW,Málaga,20,1997,17.8,2,2,1,32,33,15,14,5,11,0,0,0,81,41,64,39,Matches
Sergi Enrich\Sergi-Enrich,es ESP,FW,Eibar,27,1990,14.8,2,0,0,20,28,21,7,5,8,2,0,1,51,36,55,39.6,Matches
Javier Eraso\Javier-Eraso,es ESP,MFFW,Leganés,27,1990,28.1,4,0,0,35,27,6,32,20,14,0,0,0,211,8,29,21.6,Matches
Gonzalo Escalante\Gonzalo-Escalante,ar ARG,MF,Eibar,24,1993,17.5,3,0,0,23,17,0,11,24,29,0,0,0,231,30,23,56.6,Matches
Sergio Escudero\Sergio-Escudero,es ESP,DF,Sevilla,27,1989,25.9,10,0,0,34,39,1,44,44,36,0,0,0,301,35,27,56.5,Matches
Bernardo Espinosa\Bernardo-Espinosa,co COL,DF,Girona,28,1989,31.9,7,0,0,38,17,3,6,35,22,0,1,0,356,70,21,76.9,Matches
Oghenekaro Etebo\Oghenekaro-Etebo,ng NGA,MF,Las Palmas,21,1995,13.5,3,0,0,16,45,1,2,19,13,0,0,0,125,11,6,64.7,Matches
Beñat Etxebarria\Benat-Etxebarria,es ESP,MF,Athletic Club,30,1987,12.5,3,0,0,17,15,0,24,22,15,0,0,0,129,2,5,28.6,Matches
Xabier Etxeita\Xabier-Etxeita,es ESP,DF,Athletic Club,29,1987,4.2,2,0,0,10,2,0,1,4,2,0,0,0,35,2,3,40,Matches
Edu Expósito\Edu-Exposito,es ESP,MF,La Coruña,20,1996,1.1,1,0,0,2,1,0,0,0,0,0,0,0,9,0,1,0,Matches
Erik Expósito\Erik-Exposito,es ESP,FW,Las Palmas,21,1996,5.3,0,0,0,5,4,2,3,2,0,0,0,0,14,14,10,58.3,Matches
Imoh Ezekiel\Imoh-Ezekiel,ng NGA,FWMF,Las Palmas,23,1993,5.2,0,0,0,7,7,2,10,1,6,0,0,0,19,0,5,0,Matches
Fayçal Fajr\Faycal-Fajr,ma MAR,MFFW,Getafe,28,1988,26.5,7,0,0,44,37,1,68,22,41,0,0,0,300,20,17,54.1,Matches
Zouhair Feddal\Zouhair-Feddal,ma MAR,DF,Betis,28,1989,14,7,0,0,21,17,1,3,29,10,0,0,1,163,22,10,68.8,Matches
Andrés Fernández\Andres-Fernandez,es ESP,GK,Villarreal,30,1986,2.5,0,0,0,0,0,0,0,0,0,0,0,0,7,0,0,,Matches
Augusto Fernández\Augusto-Fernandez,ar ARG,MFFW,Atlético Madrid,31,1986,1.2,1,0,0,1,1,0,0,1,1,0,0,0,17,2,1,66.7,Matches
Carlos Fernández\Carlos-Fernandez,es ESP,FW,Sevilla,21,1996,1.5,0,0,0,4,1,0,1,0,1,0,0,0,7,0,1,0,Matches
Enzo Fernández\Enzo-Fernandez,es ESP,MF,Alavés,22,1995,0.8,0,0,0,2,0,1,0,0,2,0,0,0,6,0,3,0,Matches
Raúl Fernández\Raul-Fernandez,es ESP,GK,Levante,29,1988,11,0,0,0,0,2,0,0,0,0,0,0,0,52,0,0,,Matches
Junior Firpo\Junior-Firpo,es ESP,DFMF,Betis,20,1996,13.2,4,0,0,18,16,0,15,15,7,0,0,0,107,9,14,39.1,Matches
Mathieu Flamini\Mathieu-Flamini,fr FRA,MF,Getafe,33,1984,5.3,2,2,1,15,1,0,4,6,5,0,0,0,62,8,4,66.7,Matches
Andreu Fontàs\Andreu-Fontas,es ESP,DF,Celta Vigo,27,1989,9.8,2,0,0,6,1,0,0,10,8,0,0,0,92,5,6,45.5,Matches
Pablo Fornals\Pablo-Fornals,es ESP,MFFW,Villarreal,21,1996,29.1,4,0,0,32,31,2,34,17,34,0,0,0,208,16,22,42.1,Matches
Javi Fuego\Javi-Fuego,es ESP,MF,Villarreal,33,1984,6,2,0,0,11,9,0,1,7,9,0,1,0,100,5,8,38.5,Matches
Javi Fuego\Javi-Fuego,es ESP,MF,Espanyol,33,1984,14.8,6,0,0,27,27,0,0,16,16,0,0,0,208,19,17,52.8,Matches
Gabi\Gabi,es ESP,MF,Atlético Madrid,34,1983,26.2,8,0,0,48,22,1,15,31,38,0,1,0,357,10,12,45.5,Matches
Gabriel\Gabriel,br BRA,MF,Leganés,23,1993,26.3,6,0,0,58,52,2,24,45,60,1,0,0,302,69,47,59.5,Matches
Nicolás Gaitán\Nicolas-Gaitan,ar ARG,MFFW,Atlético Madrid,29,1988,2.5,0,0,0,1,4,1,5,0,5,0,0,0,17,1,2,33.3,Matches
Álex Gálvez\Alex-Galvez,es ESP,DF,Eibar,28,1989,4,1,0,0,2,2,1,0,7,4,0,1,0,72,4,2,66.7,Matches
Álex Gálvez\Alex-Galvez,es ESP,DF,Las Palmas,28,1989,18,5,1,0,33,18,4,1,24,32,0,0,0,251,21,16,56.8,Matches
Bruno Gama\Bruno-Gama,pt POR,FWMF,La Coruña,29,1987,1.3,1,0,0,4,4,0,4,0,1,1,0,0,8,1,1,50,Matches
Kévin Gameiro\Kevin-Gameiro,fr FRA,FW,Atlético Madrid,30,1987,12.6,0,0,0,9,9,13,6,3,4,0,0,0,46,3,16,15.8,Matches
Ganso\Ganso,br BRA,MF,Sevilla,27,1989,5.7,0,0,0,4,12,0,2,6,10,0,0,0,51,1,4,20,Matches
Ezequiel Garay\Ezequiel-Garay,ar ARG,DF,Valencia,30,1986,22.5,5,0,0,20,15,1,1,29,11,0,0,0,249,31,17,64.6,Matches
Aleix García\Aleix-Garcia,es ESP,MF,Girona,20,1997,9.6,3,0,0,5,5,0,7,11,8,0,0,0,105,7,2,77.8,Matches
Borja García\Borja-Garcia,es ESP,MFFW,Girona,26,1990,30.9,2,0,0,27,110,0,47,31,18,0,0,0,198,7,18,28,Matches
Dani García\Dani-Garcia,es ESP,MF,Eibar,27,1990,30.8,14,0,0,52,26,0,10,50,42,0,1,0,462,27,21,56.3,Matches
David García\David-Garcia,es ESP,DF,Las Palmas,35,1982,9.6,2,0,0,12,14,0,4,10,10,0,0,0,108,4,4,50,Matches
Javi García\Javi-Garcia,es ESP,MFDF,Betis,30,1987,26.7,7,0,0,37,35,1,0,15,18,0,0,0,233,30,23,56.6,Matches
Manu García\Manu-Garcia,es ESP,MF,Alavés,31,1986,27.1,9,0,0,66,72,5,11,32,69,0,0,0,292,42,30,58.3,Matches
Raúl García\Raul-Garcia,es ESP,MFFW,Athletic Club,31,1986,29.1,10,0,0,74,73,16,32,24,41,2,0,0,153,77,59,56.6,Matches
Raúl García\Raul-Garcia,es ESP,DF,Leganés,28,1989,15.5,1,0,0,39,18,0,37,14,17,0,0,0,171,6,6,50,Matches
Samu García\Samu-Garcia,es ESP,MFFW,Levante,27,1990,2.2,1,0,0,11,2,0,3,2,5,0,0,0,13,2,6,25,Matches
Samu García\Samu-Garcia,es ESP,MFFW,Málaga,27,1990,2,1,1,0,1,4,1,2,2,3,0,0,0,15,1,3,25,Matches
Sergio García\Sergio-Garcia,es ESP,FWMF,Espanyol,34,1983,18.3,4,0,0,22,35,16,21,12,8,0,0,0,81,7,24,22.6,Matches
Mario Gaspar\Mario-Gaspar,es ESP,DF,Villarreal,26,1990,31.2,6,0,0,45,16,3,55,33,51,0,0,0,302,38,25,60.3,Matches
Johannes Geis\Johannes-Geis,de GER,DFMF,Sevilla,23,1993,7.6,0,0,0,10,2,0,6,6,15,0,0,0,73,4,5,44.4,Matches
Carles Gil\Carles-Gil,es ESP,FWMF,La Coruña,24,1992,5.3,0,0,0,3,16,0,4,1,2,0,0,0,32,0,4,0,Matches
Nacho Gil\Nacho-Gil,es ESP,FWMF,Las Palmas,21,1995,8.1,1,0,0,13,22,0,6,8,6,0,0,0,50,4,6,40,Matches
Nacho Gil\Nacho-Gil,es ESP,MFFW,Valencia,21,1995,2.6,0,0,0,4,11,2,3,3,3,1,0,0,23,1,1,50,Matches
Dani Giménez\Dani-Gimenez,es ESP,GK,Betis,34,1983,3.4,0,0,0,1,1,0,0,0,0,0,0,0,12,0,0,,Matches
Diego Godín\Diego-Godin,uy URU,DF,Atlético Madrid,31,1986,28.4,6,0,0,36,27,5,1,43,27,0,1,0,275,33,16,67.3,Matches
André Gomes\Andre-Gomes,pt POR,MFFW,Barcelona,24,1993,7.1,1,0,0,13,5,3,3,6,11,0,0,0,56,8,4,66.7,Matches
Ibai Gómez\Ibai-Gomez,es ESP,MFFW,Alavés,27,1989,25.7,1,0,0,17,21,8,62,15,11,0,0,0,152,3,12,20,Matches
Maxi Gómez\Maxi-Gomez,uy URU,FW,Celta Vigo,20,1996,34,12,0,0,54,93,33,16,4,3,0,0,0,98,38,49,43.7,Matches
Sergi Gómez\Sergi-Gomez,es ESP,DF,Celta Vigo,25,1992,29.8,3,0,0,14,8,3,3,38,20,0,0,1,314,39,24,61.9,Matches
Vicente Gómez\Vicente-Gomez,es ESP,MF,Las Palmas,28,1988,16.9,3,0,0,11,31,0,11,7,14,0,0,0,143,19,17,52.8,Matches
Adrián González\Adrian-Gonzalez,es ESP,MF,Málaga,29,1988,26,9,1,0,39,30,2,9,21,22,0,0,0,286,47,55,46.1,Matches
Álvaro González\Alvaro-Gonzalez,es ESP,DF,Villarreal,27,1990,32.2,14,2,1,32,30,3,4,35,18,0,0,0,300,32,28,53.3,Matches
Bruno González\Bruno-Gonzalez,es ESP,DF,Getafe,27,1990,17.1,5,0,0,26,10,2,2,16,15,0,0,0,176,20,17,54.1,Matches
Diego González\Diego-Gonzalez,es ESP,DF,Málaga,22,1995,15.9,5,0,0,26,4,1,11,8,16,0,1,0,170,24,16,60,Matches
Fabio González\Fabio-Gonzalez,es ESP,MF,Las Palmas,20,1997,0.7,1,0,0,1,0,0,0,0,1,0,0,0,10,0,1,0,Matches
Mario González\Mario-Gonzalez,es ESP,FW,Villarreal,21,1996,0.2,0,0,0,0,0,1,1,0,0,0,0,0,1,1,0,100,Matches
Andoni Gorosabel\Andoni-Gorosabel,es ESP,DF,Real Sociedad,20,1996,0.8,0,0,0,1,1,0,2,1,2,0,0,0,10,0,0,,Matches
Julio Gracia\Julio-Gracia,es ESP,FWMF,Betis,19,1998,0.3,0,0,0,0,0,0,0,1,0,0,0,0,4,0,1,0,Matches
Álex Granell\Alex-Granell,es ESP,MF,Girona,28,1988,31.6,11,0,0,66,39,0,72,32,42,1,0,0,380,19,19,50,Matches
Esteban Granero\Esteban-Granero,es ESP,MFFW,Espanyol,30,1987,13.7,5,0,0,18,22,1,22,13,13,1,1,0,134,12,19,38.7,Matches
Antoine Griezmann\Antoine-Griezmann,fr FRA,FW,Atlético Madrid,26,1991,27.9,7,1,0,22,44,26,23,14,17,1,0,0,156,9,29,23.7,Matches
Vicente Guaita\Vicente-Guaita,es ESP,GK,Getafe,30,1987,33,1,0,0,0,5,0,0,0,0,0,0,0,200,0,0,,Matches
Andrés Guardado\Andres-Guardado,mx MEX,MF,Betis,30,1986,25.2,7,0,0,31,39,2,40,18,19,0,0,0,207,9,11,45,Matches
Gonçalo Guedes\Goncalo-Guedes,pt POR,MFFW,Valencia,20,1996,27.1,2,0,0,38,72,10,60,7,23,0,0,0,171,6,12,33.3,Matches
Ramiro Guerra\Ramiro-Guerra,uy URU,MF,Villarreal,20,1997,0.8,1,0,0,1,2,0,1,0,1,0,0,0,10,0,0,,Matches
Francis Guerrero\Francis-Guerrero,es ESP,DFMF,Betis,21,1996,11,2,0,0,19,27,1,24,18,22,0,0,0,95,8,10,44.4,Matches
John Guidetti\John-Guidetti,se SWE,FW,Celta Vigo,25,1992,1.3,0,0,0,2,0,1,1,0,0,0,0,0,4,2,1,66.7,Matches
John Guidetti\John-Guidetti,se SWE,FW,Alavés,25,1992,13.4,3,0,0,25,16,10,13,4,4,0,1,0,63,11,33,25,Matches
Guilherme\Guilherme,br BRA,MF,La Coruña,26,1991,29.3,11,0,0,56,45,0,14,38,44,0,0,0,335,22,16,57.9,Matches
Gerard Gumbau\Gerard-Gumbau,es ESP,MF,Leganés,22,1994,16,8,0,0,39,7,2,0,12,16,0,0,0,146,9,11,45,Matches
Jon Guridi\Jon-Guridi,es ESP,MFFW,Real Sociedad,22,1995,0.6,0,0,0,0,1,0,0,1,0,0,0,0,5,0,0,,Matches
Alejandro Gutiérrez Mozo\Alejandro-Gutierrez-Mozo,es ESP,MF,Leganés,22,1995,0.5,0,0,,2,,,0,2,1,0,0,,5,0,0,,Matches
Hacen\Hacen,mr MTN,MF,Levante,19,1997,0.9,0,0,0,1,1,0,0,0,0,0,0,0,13,1,1,50,Matches
Munir El Haddadi\Munir-El-Haddadi,ma MAR,FW,Alavés,21,1995,27.1,8,2,1,33,114,45,45,9,14,0,0,0,128,18,40,31,Matches
Achraf Hakimi\Achraf-Hakimi,ma MAR,DF,Real Madrid,18,1998,8.4,0,0,0,4,6,1,21,14,10,0,0,0,62,4,3,57.1,Matches
Alen Halilovi?\Alen-Halilovic,hr CRO,FWMF,Las Palmas,21,1996,14.5,1,1,0,8,26,1,56,4,4,1,0,0,67,1,11,8.3,Matches
Mario Hermoso\Mario-Hermoso,es ESP,DF,Espanyol,22,1995,21.4,6,2,1,21,17,1,0,18,13,0,0,2,275,23,25,47.9,Matches
Hernán\Hernan,es ESP,MF,Las Palmas,26,1990,3.9,1,0,0,8,7,0,0,5,11,0,0,0,31,3,2,60,Matches
Héctor Hernández\Hector-Hernandez,es ESP,MF,Alavés,26,1991,0.2,0,0,0,0,0,0,0,0,1,0,0,0,3,0,1,0,Matches
Lucas Hernández\Lucas-Hernandez,fr FRA,DF,Atlético Madrid,21,1996,23.6,7,2,1,32,46,4,15,26,40,0,0,0,217,25,17,59.5,Matches
Luis Hernández\Luis-Hernandez,es ESP,DF,Málaga,28,1989,36,8,0,0,42,10,3,19,52,30,0,2,0,451,37,25,59.7,Matches
Pablo Hernández\Pablo-Hernandez,cl CHI,MF,Celta Vigo,30,1986,20.3,5,0,0,43,62,9,8,19,27,0,1,0,307,40,26,60.6,Matches
Theo Hernández\Theo-Hernandez,fr FRA,DF,Real Madrid,19,1997,10.7,1,0,0,11,15,1,24,19,14,1,0,0,83,6,4,60,Matches
Borja Herrera\Borja-Herrera,es ESP,DF,Las Palmas,24,1993,2.7,0,0,0,1,1,0,8,1,1,0,0,0,29,3,1,75,Matches
Iago Herrerín\Iago-Herrerin,es ESP,GK,Athletic Club,29,1988,8,0,0,0,0,2,0,0,0,0,0,2,0,36,0,0,,Matches
Andrew Hjulsager\Andrew-Hjulsager,dk DEN,DFMF,Celta Vigo,22,1995,0.2,0,0,0,0,0,0,1,0,0,0,0,0,1,0,0,,Matches
Brown Ideye\Brown-Ideye,ng NGA,FW,Málaga,28,1988,8.2,2,0,0,11,14,9,4,1,1,0,0,0,29,9,21,30,Matches
Asier Illarramendi\Asier-Illarramendi,es ESP,MF,Real Sociedad,27,1990,35.1,9,2,1,34,68,0,33,55,40,0,0,0,383,14,7,66.7,Matches
Andrés Iniesta\Andres-Iniesta,es ESP,MFFW,Barcelona,33,1984,20.7,1,0,0,15,42,0,27,16,14,0,0,0,122,0,7,0,Matches
Takashi Inui\Takashi-Inui,jp JPN,MFFW,Eibar,29,1988,29.1,4,0,0,36,52,5,51,17,16,0,0,0,200,7,29,19.4,Matches
Gorka Iraizoz\Gorka-Iraizoz,es ESP,GK,Girona,36,1981,8.5,1,0,0,0,0,0,0,0,0,0,0,1,57,0,0,,Matches
Carlos Isaac\Carlos-Isaac,es ESP,DF,Atlético Madrid,19,1998,0.7,1,0,0,2,1,0,1,1,0,0,0,0,7,2,0,100,Matches
Isco\Isco,es ESP,MFFW,Real Madrid,25,1992,19.6,1,0,0,16,59,6,68,11,12,0,0,0,114,3,8,27.3,Matches
Manuel Iturra\Manuel-Iturra,cl CHI,MF,Málaga,33,1984,17.6,6,0,0,35,21,0,10,20,34,0,0,0,178,18,11,62.1,Matches
Ander Iturraspe\Ander-Iturraspe,es ESP,MF,Athletic Club,28,1989,21.2,7,0,0,29,23,0,27,28,20,0,1,0,301,22,9,71,Matches
Ivi\Ivi,es ESP,MFFW,Levante,23,1994,19.6,3,0,0,37,20,4,62,14,24,1,0,0,127,5,9,35.7,Matches
Adnan Januzaj\Adnan-Januzaj,be BEL,FWMF,Real Sociedad,22,1995,17.4,4,0,0,26,60,6,42,8,12,0,0,0,76,2,7,22.2,Matches
Jason\Jason,es ESP,MFFW,Levante,23,1994,19.8,2,0,0,26,28,6,47,25,19,0,0,0,118,14,19,42.4,Matches
Álvaro Jiménez\Alvaro-Jimenez,es ESP,MFFW,Getafe,22,1995,6,4,2,1,12,25,0,17,2,5,0,0,0,35,6,5,54.5,Matches
Joaquín\Joaquin,es ESP,FWMF,Betis,36,1981,27.5,7,0,0,20,40,5,45,13,10,1,0,0,157,12,19,38.7,Matches
Jony\Jony,es ESP,MFFW,Málaga,26,1991,2.4,1,0,0,2,2,0,18,1,1,0,0,0,25,0,0,,Matches
Joan Jordán\Joan-Jordan,es ESP,MF,Eibar,23,1994,27.1,2,2,1,34,19,5,40,27,18,0,0,0,261,17,26,39.5,Matches
Willian José\Willian-Jose,br BRA,FW,Real Sociedad,25,1991,30.7,4,0,0,32,55,21,18,1,5,0,1,0,115,22,33,40,Matches
Jozabed\Jozabed,es ESP,MF,Celta Vigo,26,1991,16.3,7,0,0,15,10,2,11,10,8,0,0,0,136,1,7,12.5,Matches
Juanfran\Juanfran,es ESP,DF,Atlético Madrid,32,1985,14.5,3,0,0,9,9,5,34,15,13,0,0,0,101,4,9,30.8,Matches
Juanfran\Juanfran,es ESP,DF,La Coruña,28,1988,33.9,3,0,0,21,32,1,134,39,22,0,1,0,375,24,22,52.2,Matches
Juankar\Juankar,es ESP,DF,Málaga,27,1990,8.7,2,0,0,9,8,1,20,13,8,0,0,0,78,2,9,18.2,Matches
Juanmi\Juanmi,es ESP,FWMF,Real Sociedad,24,1993,16.5,3,0,0,20,24,17,8,8,7,1,1,0,78,7,14,33.3,Matches
Juanpe\Juanpe,es ESP,DF,Girona,26,1991,34.1,7,0,0,48,7,1,8,24,34,1,0,0,363,42,15,73.7,Matches
Juanpi\Juanpi,ve VEN,MFFW,Málaga,23,1994,6.8,1,0,0,3,15,0,4,9,8,0,0,0,38,2,10,16.7,Matches
David Juncà\David-Junca,es ESP,DF,Eibar,23,1993,10,3,0,0,18,7,0,42,9,12,0,0,0,119,1,2,33.3,Matches
Aleksandar Katai\Aleksandar-Katai,rs SRB,FWMF,Alavés,26,1991,0.6,0,0,0,0,1,1,0,0,1,0,0,0,2,0,0,,Matches
Olarenwaju Kayode\Olarenwaju-Kayode,ng NGA,FWMF,Girona,24,1993,4.4,2,0,0,7,11,5,2,2,2,2,0,0,15,2,8,20,Matches
Keko\Keko,es ESP,MFFW,Málaga,25,1991,13.4,3,0,0,33,28,6,36,11,18,0,0,0,109,8,9,47.1,Matches
Kike\Kike,es ESP,FW,Eibar,27,1989,27.3,5,0,0,47,76,13,15,9,5,0,0,0,119,47,89,34.6,Matches
Simon Kjær\Simon-Kjaer,dk DEN,DF,Sevilla,28,1989,17.5,3,0,0,16,9,0,0,16,12,0,0,0,209,17,8,68,Matches
Koke\Koke,es ESP,MFFW,Atlético Madrid,25,1992,30.6,3,0,0,25,52,1,53,23,41,0,0,0,303,9,8,52.9,Matches
Geoffrey Kondogbia\Geoffrey-Kondogbia,cf CTA,MF,Valencia,24,1993,29,12,2,1,55,52,1,4,51,63,0,1,0,296,27,14,65.9,Matches
Mateo Kova?i?\Mateo-Kovacic,hr CRO,MF,Real Madrid,23,1994,11,2,0,0,13,20,0,4,8,17,1,0,0,85,2,3,40,Matches
Maksym Koval\Maksym-Koval,ua UKR,GKMF,La Coruña,24,1992,1.3,0,1,0,0,0,0,0,0,0,0,0,0,10,0,0,,Matches
Bojan Krki?\Bojan-Krkic,es ESP,FWMF,Alavés,26,1990,4.9,0,0,0,17,17,5,4,4,2,0,0,0,28,1,6,14.3,Matches
Michael Krohn-Dehli\Michael-Krohn-Dehli,dk DEN,MF,La Coruña,34,1983,8.1,2,0,0,6,2,0,8,8,7,0,0,0,72,2,3,40,Matches
Michael Krohn-Dehli\Michael-Krohn-Dehli,dk DEN,MFFW,Sevilla,34,1983,6,0,0,0,4,3,2,3,4,3,0,0,0,48,0,2,0,Matches
Toni Kroos\Toni-Kroos,de GER,MF,Real Madrid,27,1990,25.1,4,0,0,21,38,2,49,19,42,0,0,0,168,6,7,46.2,Matches
Zdravko Kuzmanovi?\Zdravko-Kuzmanovic,rs SRB,MF,Málaga,29,1987,5.3,2,4,2,8,2,0,2,4,1,0,0,0,58,4,3,57.1,Matches
Alberto de la Bella\Alberto-de-la-Bella,es ESP,DF,Real Sociedad,31,1985,17,4,0,0,21,19,5,58,16,20,0,0,0,153,17,11,60.7,Matches
Mehdi Lacen\Mehdi-Lacen,dz ALG,MF,Getafe,33,1984,0.8,1,0,0,1,0,0,0,0,0,0,0,0,16,0,0,,Matches
Mehdi Lacen\Mehdi-Lacen,dz ALG,MF,Málaga,33,1984,11.7,2,0,0,17,11,0,6,9,17,0,0,0,134,9,7,56.3,Matches
Víctor Laguardia\Victor-Laguardia,es ESP,DF,Alavés,27,1989,17,3,0,0,10,7,0,1,21,10,0,1,1,194,23,9,71.9,Matches
Aymeric Laporte\Aymeric-Laporte,fr FRA,DF,Athletic Club,23,1994,19,5,0,0,14,18,2,9,15,20,1,0,1,231,32,17,65.3,Matches
Borja Lasso\Borja-Lasso,es ESP,MF,Sevilla,23,1994,0.6,0,0,0,2,0,0,0,0,1,0,0,0,6,0,1,0,Matches
Toni Lato\Toni-Lato,es ESP,DF,Valencia,19,1997,8.9,4,0,0,11,8,1,11,9,13,0,0,0,94,7,5,58.3,Matches
Miguel Layún\Miguel-Layun,mx MEX,DF,Sevilla,29,1988,13.2,4,0,0,12,9,0,33,12,9,0,0,0,113,7,5,58.3,Matches
Iñigo Lekue\Inigo-Lekue,es ESP,DFFW,Athletic Club,24,1993,23.5,3,0,0,24,16,1,56,16,26,0,1,0,242,16,13,55.2,Matches
Mauricio Lemos\Mauricio-Lemos,uy URU,DFMF,Las Palmas,21,1995,14,6,0,0,19,4,0,0,16,11,0,1,0,147,10,5,66.7,Matches
Clément Lenglet\Clement-Lenglet,fr FRA,DF,Sevilla,22,1995,33.3,9,0,0,48,23,1,0,23,38,0,0,0,354,39,25,60.9,Matches
Pedro León\Pedro-Leon,es ESP,FWMF,Eibar,30,1986,10.3,1,0,0,11,10,2,49,6,3,0,0,0,73,9,8,52.9,Matches
Sergio León\Sergio-Leon,es ESP,FW,Betis,28,1989,21.9,5,0,0,24,39,11,9,4,6,0,0,0,75,12,36,25,Matches
Jefferson Lerma\Jefferson-Lerma,co COL,MF,Levante,22,1994,23.7,16,0,0,56,51,0,3,39,34,0,0,0,333,57,24,70.4,Matches
Maxime Lestienne\Maxime-Lestienne,be BEL,MFFW,Málaga,25,1992,7.4,1,0,0,3,3,1,23,7,5,0,0,0,42,0,4,0,Matches
Raúl Lizoain\Raul-Lizoain,es ESP,GK,Las Palmas,26,1991,11,0,0,0,0,4,0,0,0,0,0,0,0,52,0,0,,Matches
Diego Llorente\Diego-Llorente,es ESP,DF,Real Sociedad,23,1993,25.8,8,2,1,32,28,0,4,31,20,0,2,0,297,43,21,67.2,Matches
Marcos Llorente\Marcos-Llorente,es ESP,MF,Real Madrid,22,1995,6.2,1,0,0,4,4,0,2,3,3,0,0,0,69,3,3,50,Matches
Stanislav Lobotka\Stanislav-Lobotka,sk SVK,MF,Celta Vigo,22,1994,34,2,0,0,40,47,0,6,29,42,0,1,0,384,10,17,37,Matches
David Lombán\David-Lomban,es ESP,DF,Eibar,30,1987,11.1,3,0,0,9,5,1,0,10,8,0,0,0,181,25,8,75.8,Matches
Pedro López Muñoz\Pedro-Lopez-Munoz,es ESP,DF,Levante,33,1983,17.7,3,0,0,17,29,4,38,19,18,0,0,0,179,6,11,35.3,Matches
Adrián López\Adrian-Lopez,es ESP,FWMF,La Coruña,29,1988,26,1,0,0,17,29,12,46,5,14,0,0,0,160,40,41,49.4,Matches
Alberto López\Alberto-Lopez,es ESP,DF,Málaga,22,1995,0.5,0,0,0,0,1,0,1,1,0,0,0,0,9,0,0,,Matches
Andoni López\Andoni-Lopez,es ESP,DF,Athletic Club,21,1996,1,0,0,0,1,1,0,0,1,0,0,1,0,8,2,1,66.7,Matches
David López\David-Lopez,es ESP,DFMF,Espanyol,27,1989,37,7,0,0,44,26,2,4,31,41,0,2,0,485,33,22,60,Matches
Diego López\Diego-Lopez,es ESP,GK,Espanyol,35,1981,10.5,1,0,0,1,1,0,0,0,0,0,0,0,41,0,0,,Matches
Iván López\Ivan-Lopez,es ESP,DF,Levante,23,1993,1.9,0,0,0,0,0,0,6,7,2,0,0,0,19,1,0,100,Matches
Javi López\Javi-Lopez,es ESP,DF,Espanyol,31,1986,10.7,4,0,0,20,20,0,19,19,21,0,0,0,122,11,8,57.9,Matches
Pau López\Pau-Lopez,es ESP,GK,Espanyol,22,1994,27.5,2,0,0,2,5,0,0,0,0,0,0,0,124,0,0,,Matches
Pedro López\Pedro-Lopez,es ESP,GK,Betis,22,1995,4.6,0,0,0,0,0,0,0,0,0,0,0,0,22,0,0,,Matches
Víctor López\Victor-Lopez,es ESP,MFFW,Alavés,20,1997,0.7,0,0,0,0,0,1,1,0,1,0,0,0,8,0,2,0,Matches
Anthony Lozano\Anthony-Lozano,hn HON,FWMF,Girona,24,1993,5.3,0,0,0,18,10,4,8,1,3,0,0,0,21,5,13,27.8,Matches
José Luis Gayà\Jose-Luis-Gaya,es ESP,DF,Valencia,22,1995,32.4,11,0,0,35,45,6,79,34,37,2,0,0,292,14,15,48.3,Matches
José Luis Morales\Jose-Luis-Morales,es ESP,MFFW,Levante,30,1987,33.9,7,2,1,28,43,9,97,23,17,2,0,0,208,5,19,20.8,Matches
Filipe Luís\Filipe-Luis,br BRA,DF,Atlético Madrid,31,1985,18.4,4,0,0,17,27,1,32,22,40,0,1,0,159,9,6,60,Matches
Luisinho\Luisinho,pt POR,DF,La Coruña,32,1985,29.1,12,0,0,43,49,2,70,33,48,0,0,0,257,13,14,48.1,Matches
Douglas Luiz\Douglas-Luiz,br BRA,MFFW,Girona,19,1998,3.6,4,0,0,11,8,0,2,1,8,0,0,0,34,1,5,16.7,Matches
Saša Luki?\Sasa-Lukic,rs SRB,MF,Levante,20,1996,11,4,0,0,25,16,0,3,12,12,0,0,0,105,4,6,40,Matches
Antonio Luna\Antonio-Luna,es ESP,DF,Levante,26,1991,22.5,5,0,0,21,15,3,47,23,25,0,0,0,190,3,7,30,Matches
Pablo Maffeo\Pablo-Maffeo,es ESP,MFDF,Girona,20,1997,29.4,11,0,0,29,35,2,89,30,43,1,1,0,296,35,28,55.6,Matches
Nemanja Maksimovi?\Nemanja-Maksimovic,rs SRB,MFFW,Valencia,22,1995,6.2,1,0,0,5,3,0,5,13,11,0,0,0,57,9,12,42.9,Matches
Hugo Mallo\Hugo-Mallo,es ESP,DF,Celta Vigo,26,1991,33.3,12,0,0,45,30,6,94,36,39,0,0,0,394,41,21,66.1,Matches
Aïssa Mandi\Aissa-Mandi,dz ALG,DF,Betis,25,1991,33.6,9,1,0,32,25,1,3,49,27,0,0,0,298,37,32,53.6,Matches
Martín Mantovani\Martin-Mantovani,ar ARG,DF,Leganés,33,1984,11.3,3,0,0,17,16,1,0,13,5,0,1,0,169,21,11,65.6,Matches
José Manuel Jurado\Jose-Manuel-Jurado,es ESP,MFFW,Espanyol,31,1986,16.7,1,0,0,6,34,1,18,8,8,0,1,0,109,3,3,50,Matches
Marcelo\Marcelo,br BRA,DF,Real Madrid,29,1988,25.1,3,1,0,27,42,3,142,26,32,1,0,0,204,4,21,16,Matches
Óscar de Marcos\Oscar-de-Marcos,es ESP,DFMF,Athletic Club,28,1989,18.4,5,0,0,17,10,4,54,12,16,1,0,0,152,12,11,52.2,Matches
José María Giménez\Jose-Maria-Gimenez,uy URU,DF,Atlético Madrid,22,1995,18.8,6,0,0,19,18,3,1,23,13,0,0,0,193,43,9,82.7,Matches
Adrián Marín\Adrian-Marin,es ESP,DF,Villarreal,20,1997,2.6,1,0,0,4,0,0,1,3,2,0,0,0,16,2,1,66.7,Matches
Guillermo Maripán\Guillermo-Maripan,cl CHI,DF,Alavés,23,1994,17,4,0,0,14,4,0,0,18,13,0,0,0,153,19,14,57.6,Matches
Roger Martí\Roger-Marti,es ESP,FW,Levante,26,1991,10.7,4,0,0,17,14,5,13,1,3,0,0,0,35,5,10,33.3,Matches
Aarón Martín\Aaron-Martin,es ESP,DF,Espanyol,20,1997,31.3,6,0,0,29,20,0,91,29,23,0,0,0,289,10,24,29.4,Matches
Carlos Martínez\Carlos-Martinez,es ESP,DF,Real Sociedad,31,1986,0,0,0,0,0,1,0,0,0,0,0,0,0,3,0,0,,Matches
Emiliano Martínez\Emiliano-Martinez,ar ARG,GK,Getafe,24,1992,5,0,0,0,0,1,0,0,0,0,0,0,0,28,0,0,,Matches
Iñigo Martínez\Inigo-Martinez,es ESP,DF,Athletic Club,26,1991,16,5,0,0,16,18,1,8,23,15,0,0,0,206,24,12,66.7,Matches
Iñigo Martínez\Inigo-Martinez,es ESP,DF,Real Sociedad,26,1991,11.7,0,0,0,12,17,3,13,12,5,0,1,0,175,19,14,57.6,Matches
Roger Martínez\Roger-Martinez,co COL,FW,Villarreal,23,1994,2.6,1,0,0,5,10,2,4,1,0,0,0,0,5,2,2,50,Matches
Javier Mascherano\Javier-Mascherano,ar ARG,DF,Barcelona,33,1984,6,0,0,0,9,1,0,1,5,9,0,0,0,48,2,3,40,Matches
Borja Mayoral\Borja-Mayoral,es ESP,FW,Real Madrid,20,1997,3.9,0,0,0,2,5,7,1,1,4,0,0,0,22,4,2,66.7,Matches
Róbert Mazá?\Robert-Mazan,sk SVK,DF,Celta Vigo,23,1994,0.9,0,0,0,1,0,0,3,1,0,0,0,0,8,1,0,100,Matches
Álvaro Medrán\Alvaro-Medran,es ESP,MF,Valencia,23,1994,0.8,0,0,0,2,1,0,0,1,1,0,0,0,7,0,0,,Matches
Álvaro Medrán\Alvaro-Medran,es ESP,MFFW,Alavés,23,1994,10.6,2,0,0,19,14,2,7,7,9,0,0,0,88,4,6,40,Matches
Óscar Melendo\Oscar-Melendo,es ESP,MFFW,Espanyol,19,1997,7.7,1,0,0,5,21,0,5,3,1,0,0,0,57,2,6,25,Matches
Brais Méndez\Brais-Mendez,es ESP,MFFW,Celta Vigo,20,1997,10.6,0,0,0,18,14,3,25,3,5,0,0,0,70,4,11,26.7,Matches
Gabriel Mercado\Gabriel-Mercado,ar ARG,DF,Sevilla,30,1987,23.5,9,0,0,33,17,6,18,28,36,1,1,0,221,20,24,45.5,Matches
Sabin Merino\Sabin-Merino,es ESP,FWMF,Athletic Club,25,1992,4.2,1,0,0,6,6,3,5,2,4,1,0,0,23,4,8,33.3,Matches
Roque Mesa\Roque-Mesa,es ESP,MF,Sevilla,28,1989,3.8,2,0,0,10,7,0,0,4,8,0,0,0,38,1,1,50,Matches
Lionel Messi\Lionel-Messi,ar ARG,FWMF,Barcelona,30,1987,33.4,3,0,0,17,80,13,36,11,9,0,0,0,150,5,8,38.5,Matches
Michel\Michel,br BRA,DF,Las Palmas,27,1990,23.9,5,2,1,38,45,6,59,19,19,0,0,0,220,17,14,54.8,Matches
Santi Mina\Santi-Mina,es ESP,FW,Valencia,21,1995,17.3,4,0,0,25,35,11,12,4,7,1,0,0,72,22,46,32.4,Matches
Yerry Mina\Yerry-Mina,co COL,DF,Barcelona,22,1994,4.1,2,0,0,5,7,1,0,2,4,0,0,0,24,9,2,81.8,Matches
Ignasi Miquel\Ignasi-Miquel,es ESP,DF,Málaga,24,1992,19.7,5,1,0,40,14,0,1,15,15,0,1,0,221,19,18,51.4,Matches
Luka Modri?\Luka-Modric,hr CRO,MF,Real Madrid,31,1985,21.8,3,0,0,20,30,0,12,33,15,1,0,0,169,6,9,40,Matches
Johan Mojica\Johan-Mojica,co COL,MFDF,Girona,24,1992,23.7,6,0,0,35,47,5,111,18,23,0,0,0,239,18,18,50,Matches
Jorge Molina\Jorge-Molina,es ESP,FW,Getafe,35,1982,30.9,10,0,0,51,62,39,25,5,13,6,0,0,103,52,90,36.6,Matches
Francisco Molinero\Francisco-Molinero,es ESP,DF,Getafe,32,1985,6.5,5,0,0,21,6,0,5,8,9,0,1,0,89,6,4,60,Matches
Momo\Momo,es ESP,FWMF,Las Palmas,35,1982,7.5,3,0,0,4,21,3,19,5,7,0,0,0,38,4,5,44.4,Matches
Jefferson Montero\Jefferson-Montero,ec ECU,FWMF,Getafe,27,1989,0.7,0,0,0,2,0,0,4,0,0,0,0,0,5,1,1,50,Matches
Martín Montoya\Martin-Montoya,es ESP,DF,Valencia,26,1991,23.9,7,0,0,38,28,1,41,32,21,0,2,0,248,26,12,68.4,Matches
Walter Montoya\Walter-Montoya,ar ARG,FW,Sevilla,24,1993,0.8,0,0,0,1,2,1,1,0,0,0,0,0,5,0,2,0,Matches
Shaquell Moore\Shaquell-Moore,us USA,DF,Levante,20,1996,4.7,0,0,0,8,3,0,8,11,5,0,0,0,38,2,0,100,Matches
Emre Mor\Emre-Mor,tr TUR,FWMF,Celta Vigo,20,1997,7.5,4,0,0,9,22,2,31,6,4,0,0,0,41,0,5,0,Matches
Sergio Mora\Sergio-Mora,es ESP,MF,Getafe,37,1979,9.2,5,0,0,12,6,0,6,7,14,0,0,0,139,10,13,43.5,Matches
Erik Morán\Erik-Moran,es ESP,MF,Leganés,26,1991,2.6,2,0,0,4,0,0,1,1,3,0,1,0,30,1,0,100,Matches
Gerard Moreno\Gerard-Moreno,es ESP,FW,Espanyol,25,1992,37.9,4,0,0,55,77,34,44,17,19,1,0,0,191,57,68,45.6,Matches
Héctor Moreno\Hector-Moreno,mx MEX,DF,Real Sociedad,29,1988,8,1,0,0,7,13,1,1,5,5,0,0,0,94,7,5,58.3,Matches
Marlos Moreno\Marlos-Moreno,co COL,MF,Girona,20,1996,0.4,0,0,0,2,0,0,0,0,1,0,0,0,2,0,0,,Matches
Loren Morón\Loren-Moron,es ESP,FW,Betis,23,1993,11.8,3,0,0,25,28,6,4,3,7,0,0,0,36,9,20,31,Matches
Pedro Mosquera\Pedro-Mosquera,es ESP,MF,La Coruña,29,1988,15.5,7,0,0,33,13,0,12,14,30,0,1,0,168,15,20,42.9,Matches
Toni Moya\Toni-Moya,es ESP,DF,Atlético Madrid,19,1998,0,0,0,0,0,0,0,0,0,0,0,0,0,1,0,0,,Matches
Álex Mula\Alex-Mula,es ESP,MFFW,Málaga,21,1996,6.2,1,0,,6,,,,,,,,,,,,,Matches
Iker Muniain\Iker-Muniain,es ESP,MFFW,Athletic Club,24,1992,8.7,1,0,0,5,29,2,9,3,8,1,0,0,53,1,5,16.7,Matches
Marc Muniesa\Marc-Muniesa,es ESP,DF,Girona,25,1992,12.5,2,0,0,11,9,0,0,32,11,0,0,0,165,18,16,52.9,Matches
Ezequiel Muñoz\Ezequiel-Munoz,ar ARG,DF,Leganés,26,1990,15.6,2,0,0,19,7,2,1,17,21,0,0,0,196,29,16,64.4,Matches
Sulley Muntari\Sulley-Muntari,gh GHA,MF,La Coruña,32,1984,4.5,3,0,0,11,7,0,4,6,8,0,0,0,50,6,5,54.5,Matches
Luis Muriel\Luis-Muriel,co COL,FW,Sevilla,26,1991,17.9,4,0,0,22,14,30,24,5,5,0,0,0,70,17,34,33.3,Matches
Jeison Murillo\Jeison-Murillo,co COL,DF,Valencia,25,1992,15.3,4,0,0,16,16,2,1,21,14,0,1,0,177,35,14,71.4,Matches
Fahad Al-Muwallad\Fahad-Al-Muwallad,sa KSA,FWMF,Levante,20,1996,0.3,0,0,,1,,,,,,,,,,,,,Matches
Alfred N'Diaye\Alfred-NDiaye,sn SEN,DFMF,Villarreal,27,1990,1.1,0,0,0,3,0,0,0,3,2,0,0,0,10,1,0,100,Matches
Nacho\Nacho,es ESP,DF,Real Madrid,27,1990,23.1,7,0,0,30,29,0,23,28,32,0,1,1,210,21,18,53.8,Matches
Matías Nahuel\Matias-Nahuel,es ESP,FWMF,Betis,20,1996,2.8,2,0,0,7,6,0,6,3,2,0,0,0,31,0,2,0,Matches
Naldo\Naldo,br BRA,DF,Espanyol,28,1988,10.2,2,0,0,9,0,1,0,9,6,0,1,0,123,15,6,71.4,Matches
Nano\Nano,es ESP,FW,Levante,22,1995,3.1,1,0,0,8,4,5,2,0,4,0,0,0,7,1,1,50,Matches
Naranjo\Naranjo,es ESP,FWMF,Leganés,23,1994,6.3,2,0,0,12,3,3,4,5,10,0,0,0,40,4,10,28.6,Matches
Juanjo Narváez\Juanjo-Narvaez,co COL,MF,Betis,22,1995,3.4,0,0,0,2,16,0,2,6,5,0,0,0,33,0,4,0,Matches
Fernando Navarro\Fernando-Navarro,es ESP,DF,La Coruña,35,1982,11.7,4,0,0,18,12,0,14,17,15,0,0,0,114,11,8,57.9,Matches
Marc Navarro\Marc-Navarro,es ESP,DF,Espanyol,22,1995,12.3,3,0,0,11,9,0,46,13,9,0,1,0,111,6,10,37.5,Matches
Rafa Navarro\Rafa-Navarro,es ESP,DF,Betis,23,1994,1.5,0,0,0,2,3,0,1,1,1,0,0,0,14,0,0,,Matches
Ximo Navarro\Ximo-Navarro,es ESP,DF,Las Palmas,27,1990,29,12,0,0,27,51,0,4,37,32,0,0,1,340,14,18,43.8,Matches
Jesús Navas\Jesus-Navas,es ESP,FWDF,Sevilla,31,1985,19.6,2,0,0,15,24,8,76,12,16,0,1,0,186,10,17,37,Matches
Keylor Navas\Keylor-Navas,cr CRC,GK,Real Madrid,30,1986,27,1,0,0,1,3,0,0,0,0,0,1,0,104,0,0,,Matches
Raúl Navas\Raul-Navas,es ESP,DF,Real Sociedad,29,1988,19.9,4,0,0,15,8,0,3,18,16,0,0,0,235,18,11,62.1,Matches
Merveille Ndockyt\Merveille-Ndockyt,cg CGO,MF,Getafe,19,1998,0.8,1,0,0,4,3,0,0,1,2,0,0,0,7,2,2,50,Matches
Neto\Neto,br BRA,GK,Valencia,28,1989,33,2,0,0,0,4,0,0,0,0,0,0,0,107,0,0,,Matches
Saúl Ñíguez\Saul-Niguez,es ESP,MF,Atlético Madrid,22,1994,35.1,9,0,0,65,35,6,21,40,82,0,0,0,366,56,45,55.4,Matches
Nolito\Nolito,es ESP,FWMF,Sevilla,30,1986,17.8,4,0,0,23,25,20,27,9,24,0,0,0,138,6,14,30,Matches
Unai Núñez\Unai-Nunez,es ESP,DF,Athletic Club,20,1997,31.7,11,0,0,38,24,0,2,47,32,0,0,0,390,49,13,79,Matches
Steven Nzonzi\Steven-Nzonzi,fr FRA,MF,Sevilla,28,1988,24.6,2,0,0,26,14,2,11,17,20,0,0,0,331,72,15,82.8,Matches
Jan Oblak\Jan-Oblak,si SVN,GK,Atlético Madrid,24,1993,37,1,0,0,2,3,0,0,0,0,0,1,0,126,0,0,,Matches
Álvaro Odriozola\Alvaro-Odriozola,es ESP,DF,Real Sociedad,21,1995,32.4,3,2,1,23,31,9,126,19,20,0,1,0,273,3,15,16.7,Matches
Oier Olazábal\Oier-Olazabal,es ESP,GK,Levante,27,1989,26,2,0,0,0,4,0,0,0,0,0,1,0,115,0,0,,Matches
Paulo Oliveira\Paulo-Oliveira,pt POR,DF,Eibar,25,1992,24.6,3,0,0,15,13,0,1,37,22,0,0,1,363,49,26,65.3,Matches
Mathías Olivera\Mathias-Olivera,uy URU,FWMF,Getafe,19,1997,1.2,0,0,0,2,0,0,2,1,2,0,0,0,13,5,2,71.4,Matches
Michael Olunga\Michael-Olunga,ke KEN,FW,Girona,23,1994,4.9,0,0,0,10,2,7,5,3,4,0,0,0,21,13,15,46.4,Matches
Javier Ontiveros\Javier-Ontiveros,es ESP,MFFW,Málaga,19,1997,4.4,4,0,0,9,7,0,14,2,4,0,0,0,46,4,2,66.7,Matches
Fabián Orellana\Fabian-Orellana,cl CHI,MFFW,Eibar,31,1986,13.1,5,2,1,17,20,5,41,5,10,0,0,0,104,4,13,23.5,Matches
Mikel Oyarzabal\Mikel-Oyarzabal,es ESP,FWMF,Real Sociedad,20,1997,30.7,4,0,0,29,46,18,49,15,16,1,0,0,166,19,30,38.8,Matches
Daniel Pacheco\Daniel-Pacheco,es ESP,MFFW,Getafe,26,1991,2.1,0,0,0,0,0,0,6,1,1,0,0,0,10,1,0,100,Matches
Fernando Pacheco\Fernando-Pacheco,es ESP,GK,Alavés,25,1992,37.3,2,0,0,2,3,0,0,0,0,0,0,0,159,0,0,,Matches
Costel Pantilimon\Costel-Pantilimon,ro ROU,GK,La Coruña,30,1987,6,0,0,0,0,0,0,0,0,0,0,0,0,20,0,0,,Matches
Rubén Pardo\Ruben-Pardo,es ESP,MF,Real Sociedad,24,1992,2.5,0,1,0,1,2,0,3,3,3,0,0,0,33,2,0,100,Matches
Nicolás Pareja\Nicolas-Pareja,ar ARG,DF,Sevilla,33,1984,4.5,2,0,0,8,2,0,0,6,6,0,0,0,41,6,2,75,Matches
Daniel Parejo\Daniel-Parejo,es ESP,MF,Valencia,28,1989,33.3,15,1,0,47,67,2,38,36,61,0,0,0,357,14,12,53.8,Matches
Thomas Partey\Thomas-Partey,gh GHA,MFDF,Atlético Madrid,24,1993,26.4,6,0,0,40,35,0,12,32,44,0,0,0,369,28,20,58.3,Matches
Paulinho\Paulinho,br BRA,MF,Barcelona,29,1988,21.6,2,0,0,32,35,4,4,18,26,0,0,0,159,11,23,32.4,Matches
Gabriel Paulista\Gabriel-Paulista,br BRA,DF,Valencia,26,1990,28.7,6,2,1,23,20,0,0,24,20,0,1,0,318,37,14,72.5,Matches
Giampaolo Pazzini\Giampaolo-Pazzini,it ITA,FW,Levante,32,1984,5,1,0,0,9,11,5,0,0,0,0,0,0,11,1,3,25,Matches
Alfonso Pedraza\Alfonso-Pedraza,es ESP,MFDF,Alavés,21,1996,27.1,5,0,0,45,23,6,60,26,25,2,0,0,211,18,14,56.3,Matches
Rubén Peña\Ruben-Pena,es ESP,DFFW,Eibar,26,1991,19.3,1,0,0,14,18,5,40,23,24,0,0,0,213,4,10,28.6,Matches
Gabriel Peñalba\Gabriel-Penalba,ar ARG,MF,Las Palmas,32,1984,6.3,3,0,0,9,4,0,0,8,6,0,0,0,82,9,4,69.2,Matches
Adalberto Peñaranda\Adalberto-Penaranda,ve VEN,FWMF,Málaga,20,1997,8.9,3,0,0,26,27,4,4,1,7,0,0,0,34,10,29,25.6,Matches
Andreas Pereira\Andreas-Pereira,br BRA,MFFW,Valencia,21,1996,12,5,0,0,22,20,1,48,10,8,0,0,0,86,6,8,42.9,Matches
Hernán Pérez\Hernan-Perez,py PAR,MF,Espanyol,28,1989,1.6,1,0,0,4,1,0,7,0,2,0,0,0,19,4,2,66.7,Matches
Hernán Pérez\Hernan-Perez,py PAR,MFFW,Alavés,28,1989,4.2,2,0,0,10,6,3,8,3,5,0,0,0,40,3,8,27.3,Matches
Lucas Pérez\Lucas-Perez,es ESP,FW,La Coruña,28,1988,31.1,3,0,0,26,34,37,79,13,10,3,0,0,146,1,12,7.7,Matches
Rubén Pérez\Ruben-Perez,es ESP,MF,Leganés,28,1989,27.9,13,0,0,42,47,0,6,62,68,0,0,0,449,25,22,53.2,Matches
Pablo Piatti\Pablo-Piatti,ar ARG,MFFW,Espanyol,28,1989,19.3,0,0,0,31,52,7,64,12,23,1,0,0,129,8,32,20,Matches
Tomás Pina Isla\Tomas-Pina-Isla,es ESP,MF,Alavés,29,1987,26.5,8,0,0,67,29,2,5,31,41,0,0,0,311,30,35,46.2,Matches
Gerard Piqué\Gerard-Pique,es ESP,DF,Barcelona,30,1987,29.2,8,0,0,23,13,4,2,32,22,1,0,0,353,54,19,74,Matches
Guido Pizarro\Guido-Pizarro,ar ARG,MF,Sevilla,27,1990,19.5,9,0,0,42,26,0,3,25,41,0,0,0,224,29,15,65.9,Matches
Carles Planas\Carles-Planas,es ESP,DFMF,Girona,26,1991,2.1,0,0,0,2,0,0,6,3,2,0,0,0,25,2,1,66.7,Matches
Pere Pons\Pere-Pons,es ESP,MF,Girona,24,1993,28.4,8,0,,56,,,7,37,39,0,1,,309,17,29,37,Matches
Francisco Portillo\Francisco-Portillo,es ESP,MFFW,Getafe,27,1990,27.2,6,0,0,27,30,2,14,14,16,0,0,0,235,6,23,20.7,Matches
Portu\Portu,es ESP,FWMF,Girona,25,1992,33.1,5,0,0,52,55,24,62,10,20,0,0,0,159,11,50,18,Matches
Sergio Postigo\Sergio-Postigo,es ESP,DF,Levante,28,1988,26.9,6,0,0,13,15,0,0,36,14,0,0,1,215,11,33,25,Matches
Darío Poveda\Dario-Poveda,es ESP,FW,Villarreal,20,1997,0,0,0,0,0,0,0,0,0,0,0,0,0,1,1,0,100,Matches
Andrés Prieto\Andres-Prieto,es ESP,GK,Málaga,23,1993,4,0,0,0,0,0,0,0,0,0,0,0,0,16,0,0,,Matches
Xabi Prieto\Xabi-Prieto,es ESP,MF,Real Sociedad,33,1983,21.3,1,0,0,15,32,4,56,6,10,0,0,0,130,17,20,45.9,Matches
Dani Raba\Dani-Raba,es ESP,MFFW,Villarreal,21,1995,12.3,3,1,0,24,28,8,22,14,14,0,0,0,95,4,9,30.8,Matches
Nemanja Radoja\Nemanja-Radoja,rs SRB,MF,Celta Vigo,24,1993,12.3,3,0,0,10,16,1,3,4,10,0,0,0,125,17,11,60.7,Matches
Ivan Rakiti?\Ivan-Rakitic,hr CRO,MF,Barcelona,29,1988,31.5,4,0,0,32,46,3,25,40,32,0,0,0,289,16,12,57.1,Matches
Jonás Ramalho\Jonas-Ramalho,es ESP,DF,Girona,24,1993,25.5,3,0,0,20,13,1,7,22,12,0,1,1,288,24,14,63.2,Matches
Benito Ramírez\Benito-Ramirez,es ESP,FWMF,Las Palmas,22,1995,1.9,0,0,0,1,1,0,13,0,0,0,0,0,10,0,1,0,Matches
Sandro Ramírez\Sandro-Ramirez,es ESP,FWMF,Sevilla,22,1995,8,0,0,0,17,22,5,12,6,5,1,0,0,46,2,4,33.3,Matches
Toño Ramírez\Tono-Ramirez,es ESP,GK,Real Sociedad,30,1986,3.5,0,0,0,1,0,0,0,0,0,0,0,0,12,0,0,,Matches
Iván Ramis\Ivan-Ramis,es ESP,DF,Eibar,32,1984,14.5,4,0,0,11,9,2,3,19,12,0,0,0,215,34,20,63,Matches
Omar Ramos\Omar-Ramos,es ESP,FWMF,Leganés,29,1988,15.8,3,0,0,14,18,2,41,17,15,0,0,0,109,7,9,43.8,Matches
Sergio Ramos\Sergio-Ramos,es ESP,DF,Real Madrid,31,1986,25.4,9,4,2,35,21,7,11,38,22,0,0,1,329,50,32,61,Matches
Recio\Recio,es ESP,MF,Málaga,26,1991,20.4,10,2,1,41,44,1,20,20,26,0,0,0,236,11,14,44,Matches
Alberto Redondo\Alberto-Redondo,es ESP,DF,Getafe,20,1997,1,0,0,0,4,0,0,2,0,1,0,0,0,10,1,1,50,Matches
Loïc Rémy\Loic-Remy,fr FRA,FWMF,Getafe,30,1987,5.1,3,2,1,8,12,9,3,1,2,2,0,0,16,12,8,60,Matches
Loïc Rémy\Loic-Remy,fr FRA,FW,Las Palmas,30,1987,8.5,1,0,0,13,7,3,8,1,2,0,0,0,35,7,1,87.5,Matches
Federico Ricca\Federico-Ricca,uy URU,DF,Málaga,22,1994,12.3,4,0,0,16,7,0,23,20,23,0,0,0,146,15,7,68.2,Matches
Diego Rico\Diego-Rico,es ESP,DF,Leganés,24,1993,24.8,9,2,1,33,43,4,83,65,33,0,3,0,288,19,14,57.6,Matches
Mikel Rico\Mikel-Rico,es ESP,MF,Athletic Club,32,1984,13,2,0,0,18,23,0,7,17,9,0,0,0,156,2,7,22.2,Matches
Sergio Rico\Sergio-Rico,es ESP,GK,Sevilla,23,1993,24,2,0,0,0,3,0,0,0,0,0,1,0,106,0,0,,Matches
Asier Riesgo\Asier-Riesgo,es ESP,GK,Eibar,33,1983,1,0,0,0,0,0,0,0,0,0,0,0,0,2,0,0,,Matches
Cristian Rivera\Cristian-Rivera,es ESP,MF,Eibar,20,1997,2.7,0,0,0,3,1,0,0,3,7,0,0,0,37,1,1,50,Matches
Rober\Rober,es ESP,DFMF,Levante,22,1995,21.2,4,0,0,17,7,0,2,25,17,0,0,1,240,8,14,36.4,Matches
Roberto\Roberto,es ESP,GK,Málaga,31,1986,34,0,0,0,0,3,0,0,0,0,0,0,0,140,0,0,,Matches
Sergi Roberto\Sergi-Roberto,es ESP,DF,Barcelona,25,1992,24.7,3,2,0,18,26,1,44,28,32,0,0,0,231,14,11,56,Matches
Álex Robles\Alex-Robles,es ESP,DF,Málaga,18,1999,1,0,0,,3,,,1,2,3,0,0,,11,0,1,0,Matches
Marc Roca\Marc-Roca,es ESP,MF,Espanyol,20,1996,3,0,0,0,5,0,0,1,3,7,0,0,0,29,0,3,0,Matches
Rubén Rochina\Ruben-Rochina,es ESP,MF,Levante,26,1991,1.7,0,0,0,2,4,0,3,2,5,0,0,0,10,0,2,0,Matches
Rodri\Rodri,es ESP,MF,Villarreal,21,1996,35.9,8,0,0,79,37,2,6,36,65,0,0,0,500,51,18,73.9,Matches
Rodrigo\Rodrigo,es ESP,FW,Valencia,26,1991,29.7,4,0,0,28,40,20,34,19,12,2,0,0,100,19,33,36.5,Matches
Kévin Rodrigues\Kevin-Rodrigues,pt POR,DF,Real Sociedad,23,1994,18.2,2,0,0,21,15,0,64,24,22,0,0,1,155,13,14,48.1,Matches
Ángel Rodríguez\Angel-Rodriguez,es ESP,FW,Getafe,30,1987,25.4,6,0,0,49,36,33,18,11,13,2,0,0,75,18,48,27.3,Matches
Iván Rodríguez\Ivan-Rodriguez,es ESP,DF,Málaga,21,1996,0.2,1,0,0,1,0,0,0,1,0,0,0,0,0,0,0,,Matches
Diego Rolán\Diego-Rolan,uy URU,FWMF,Málaga,24,1993,21.6,0,0,0,26,48,19,21,14,20,1,0,0,124,8,26,23.5,Matches
Esteban Rolón\Esteban-Rolon,ar ARG,MF,Málaga,22,1995,4.6,1,0,0,9,4,0,0,4,4,0,0,0,51,2,4,33.3,Matches
Óscar Romero\Oscar-Romero,py PAR,MFFW,Alavés,25,1992,2.8,0,0,0,8,10,1,2,4,2,0,0,0,22,5,0,100,Matches
Cristiano Ronaldo\Cristiano-Ronaldo,pt POR,FW,Real Madrid,32,1985,25.4,1,0,0,19,18,41,44,6,3,1,0,0,72,22,15,59.5,Matches
Facundo Roncaglia\Facundo-Roncaglia,ar ARG,DF,Celta Vigo,30,1987,16.8,2,0,0,14,9,1,5,14,18,0,0,0,210,14,6,70,Matches
Roberto Rosales\Roberto-Rosales,ve VEN,DF,Málaga,28,1988,34.7,10,0,0,46,22,3,82,42,56,1,2,0,363,29,28,50.9,Matches
Rubén\Ruben,es ESP,GK,La Coruña,33,1984,27.6,3,0,0,0,5,0,0,0,0,0,0,0,95,0,0,,Matches
Aitor Ruibal\Aitor-Ruibal,es ESP,FW,Betis,21,1996,0.1,0,0,0,1,0,0,0,0,0,0,0,0,2,0,1,0,Matches
Fabián Ruiz Peña\Fabian-Ruiz-Pena,es ESP,MF,Betis,21,1996,29.5,3,0,0,27,36,2,15,36,53,0,0,0,316,16,12,57.1,Matches
Víctor Ruiz\Victor-Ruiz,es ESP,DF,Villarreal,28,1989,26.8,10,2,1,26,6,0,1,32,14,0,0,0,329,41,19,68.3,Matches
Antonio Rukavina\Antonio-Rukavina,rs SRB,DF,Villarreal,33,1984,14.2,5,0,0,16,4,0,21,11,9,0,0,0,126,5,5,50,Matches
Gerónimo Rulli\Geronimo-Rulli,ar ARG,GK,Real Sociedad,25,1992,26,3,0,0,0,4,0,0,0,0,0,0,0,128,0,0,,Matches
Enric Saborit\Enric-Saborit,es ESP,DF,Athletic Club,25,1992,15.9,5,0,0,20,13,1,28,19,20,0,0,0,161,9,5,64.3,Matches
Mujaid Sadick\Mujaid-Sadick,es ESP,DF,La Coruña,17,2000,1.2,0,0,0,0,0,0,1,0,2,0,0,0,8,0,0,,Matches
Armando Sadiku\Armando-Sadiku,al ALB,FW,Levante,26,1991,3,1,0,0,3,2,2,0,1,0,0,0,0,12,2,11,15.4,Matches
Sergi Samper\Sergi-Samper,es ESP,MF,Las Palmas,22,1995,1.6,0,0,0,2,2,0,1,0,4,0,0,0,12,1,0,100,Matches
Jairo Samperio\Jairo-Samperio,es ESP,FWDF,Las Palmas,24,1993,6.2,1,0,0,11,7,3,7,2,3,0,0,0,47,2,8,20,Matches
Mikel San José\Mikel-San-Jose,es ESP,MF,Athletic Club,28,1989,23.9,5,0,0,37,9,0,8,29,29,0,0,2,299,41,35,53.9,Matches
Antonio Sanabria\Antonio-Sanabria,py PAR,FW,Betis,21,1996,9.5,0,0,0,10,16,8,1,2,2,0,0,0,23,7,23,23.3,Matches
Carlos Sánchez\Carlos-Sanchez,co COL,MF,Espanyol,31,1986,12.5,3,0,0,25,14,0,0,10,13,0,0,0,175,16,4,80,Matches
Sergio Sánchez\Sergio-Sanchez,es ESP,DF,Espanyol,31,1986,1.1,1,0,0,2,0,0,1,0,0,0,0,0,8,1,0,100,Matches
Víctor Sánchez\Victor-Sanchez,es ESP,DFMF,Espanyol,29,1987,27.2,13,0,0,68,51,0,39,53,42,0,0,0,343,30,14,68.2,Matches
Arona Sané\Arona-Sane,sn SEN,MF,Atlético Madrid,22,1995,0.7,0,0,0,1,1,0,0,0,1,0,0,0,1,2,1,66.7,Matches
Nicola Sansone\Nicola-Sansone,it ITA,FWMF,Villarreal,25,1991,7.2,1,0,0,3,13,9,12,0,4,1,0,0,22,1,4,20,Matches
Christian Santos\Christian-Santos,ve VEN,FW,Alavés,29,1988,4.9,3,2,1,16,0,2,3,3,1,0,0,0,21,25,30,45.5,Matches
Pablo Sarabia\Pablo-Sarabia,es ESP,FWMF,Sevilla,25,1992,26.6,8,2,1,42,42,21,80,27,10,0,0,0,188,4,14,22.2,Matches
Imanol Sarriegi\Imanol-Sarriegi,es ESP,MFFW,Eibar,22,1995,0.5,1,0,,1,,,0,1,3,0,0,,2,0,0,,Matches
Stefan Savi?\Stefan-Savic,me MNE,DF,Atlético Madrid,26,1991,25.5,6,0,0,21,8,0,1,30,10,0,0,0,263,35,8,81.4,Matches
Fabian Schär\Fabian-Schar,ch SUI,DF,La Coruña,25,1991,24.7,10,0,0,34,23,3,2,29,27,0,0,0,265,27,24,52.9,Matches
Nélson Semedo\Nelson-Semedo,pt POR,DF,Barcelona,23,1993,16.7,1,0,0,12,20,3,25,17,20,1,0,0,145,9,5,64.3,Matches
Rúben Semedo\Ruben-Semedo,pt POR,DFMF,Villarreal,23,1994,2.5,0,0,0,1,1,0,0,4,3,0,0,0,16,3,2,60,Matches
Gaku Shibasaki\Gaku-Shibasaki,jp JPN,MFFW,Getafe,25,1992,11,2,0,0,26,15,5,14,8,10,0,0,0,89,6,19,24,Matches
Sidnei\Sidnei,br BRA,DF,La Coruña,27,1989,19.8,4,0,0,12,11,1,4,23,23,0,0,0,225,28,17,62.2,Matches
Jaime Sierra Mateos\Jaime-Sierra-Mateos,es ESP,FWMF,Leganés,19,1998,0.3,0,0,,1,,,0,0,0,0,0,,3,0,0,,Matches
David Simón\David-Simon,es ESP,DF,Las Palmas,28,1988,8,3,0,0,16,12,1,24,10,18,0,0,0,100,3,8,27.3,Matches
Dimitris Siovas\Dimitris-Siovas,gr GRE,DF,Leganés,28,1988,22.8,9,2,1,26,15,2,4,56,30,0,0,0,294,35,21,62.5,Matches
Pione Sisto\Pione-Sisto,dk DEN,FWMF,Celta Vigo,22,1995,27.8,2,0,0,17,73,10,56,13,13,0,0,0,155,2,8,20,Matches
Antonio Sivera\Antonio-Sivera,es ESP,GK,Alavés,20,1996,0.7,0,0,0,0,0,0,0,0,0,0,0,0,2,0,0,,Matches
Rubén Sobrino\Ruben-Sobrino,es ESP,FWMF,Alavés,25,1992,16.4,5,0,0,36,33,6,14,9,19,0,0,0,103,28,41,40.6,Matches
Carlos Soler\Carlos-Soler,es ESP,MFFW,Valencia,20,1997,26.2,4,0,0,51,42,1,48,8,27,0,0,0,188,4,14,22.2,Matches
Kévin Soni\Kevin-Soni,cm CMR,MF,Girona,19,1998,0.2,0,0,0,1,0,0,0,0,1,0,0,0,0,0,0,,Matches
David Soria\David-Soria,es ESP,GK,Sevilla,24,1993,14,1,0,0,1,1,0,0,0,0,0,0,0,64,0,0,,Matches
Roberto Soriano\Roberto-Soriano,it ITA,MFFW,Villarreal,26,1991,12.7,3,0,0,35,33,7,11,6,11,0,0,0,92,8,15,34.8,Matches
Cristhian Stuani\Cristhian-Stuani,uy URU,FW,Girona,30,1986,29.9,8,0,0,81,67,22,4,8,7,1,0,0,85,62,68,47.7,Matches
Damián Suárez\Damian-Suarez,uy URU,DF,Getafe,29,1988,32,14,1,0,55,42,1,48,32,49,0,0,0,391,15,19,44.1,Matches
Denis Suárez\Denis-Suarez,es ESP,MFFW,Barcelona,23,1994,6.7,1,0,0,6,10,0,6,1,10,0,0,0,37,1,3,25,Matches
Leonardo Suárez\Leonardo-Suarez,ar ARG,MF,Villarreal,21,1996,0.3,0,0,0,0,1,1,0,0,1,0,0,0,1,0,0,,Matches
Luis Suárez\Luis-Suarez,uy URU,FW,Barcelona,30,1987,32.2,9,0,0,13,50,56,40,5,11,1,0,0,104,3,8,27.3,Matches
Isaac Success\Isaac-Success,ng NGA,MFFW,Málaga,21,1996,5.4,0,0,0,14,26,7,13,5,3,0,0,0,48,2,2,50,Matches
Markel Susaeta\Markel-Susaeta,es ESP,FWMF,Athletic Club,29,1987,25.1,2,0,0,20,50,9,68,12,23,1,0,0,151,11,14,44,Matches
Tana\Tana,es ESP,MFFW,Las Palmas,26,1990,17.1,2,0,0,13,36,0,19,15,17,0,0,0,122,2,15,11.8,Matches
Oussama Tannane\Oussama-Tannane,ma MAR,FWMF,Las Palmas,23,1994,6.1,1,0,0,14,17,1,13,2,11,0,0,0,29,0,2,0,Matches
Cristian Tello\Cristian-Tello,es ESP,FWMF,Betis,25,1991,18.9,2,0,0,13,20,10,27,19,17,0,0,0,123,3,6,33.3,Matches
Marc-André ter Stegen\Marc-Andre-ter-Stegen,de GER,GK,Barcelona,25,1992,37,0,0,0,1,2,0,0,0,0,0,0,0,143,0,0,,Matches
David Timor\David-Timor,es ESP,MFDF,Girona,27,1989,10.3,8,0,0,16,11,0,3,15,6,0,0,0,150,9,4,69.2,Matches
Tito\Tito,es ESP,DF,Leganés,32,1985,6.8,0,0,0,8,6,0,12,10,7,0,0,0,51,3,4,42.9,Matches
Hernán Toledo\Hernan-Toledo,ar ARG,FWMF,Las Palmas,21,1996,7,2,0,0,7,10,3,18,7,4,1,0,0,38,0,2,0,Matches
Toño\Tono,es ESP,DF,Levante,27,1989,12,2,0,0,5,8,0,26,8,8,0,1,0,99,2,2,50,Matches
Daniel Torres\Daniel-Torres,co COL,MF,Alavés,27,1989,13.5,2,0,0,23,16,0,2,12,13,0,0,0,135,5,9,35.7,Matches
Fernando Torres\Fernando-Torres,es ESP,FW,Atlético Madrid,33,1984,11.1,2,0,0,14,23,10,5,1,6,0,0,0,54,18,29,38.3,Matches
Ferrán Torres\Ferran-Torres,es ESP,MFFW,Valencia,17,2000,3.6,0,0,0,3,6,0,8,2,4,0,0,0,25,1,4,20,Matches
Miguel Torres\Miguel-Torres,es ESP,DF,Málaga,31,1986,7.5,3,0,0,7,0,2,3,7,4,0,0,0,74,2,1,66.7,Matches
Pau Torres\Pau-Torres,es ESP,DFMF,Villarreal,20,1997,0.6,0,0,0,2,0,0,0,0,1,0,0,0,11,1,3,25,Matches
Alin To?ca\Alin-Tosca,ro ROU,DF,Betis,25,1992,4.7,0,0,0,5,4,0,9,4,5,0,0,1,43,2,1,66.7,Matches
Manu Trigueros\Manu-Trigueros,es ESP,MF,Villarreal,25,1991,29.9,10,2,1,38,43,1,42,22,45,0,0,0,240,10,20,33.3,Matches
Przemys?aw Tyto?\Przemyslaw-Tyton,pl POL,GK,La Coruña,30,1987,1.1,0,0,0,0,0,0,0,0,0,0,0,0,2,0,0,,Matches
Samuel Umtiti\Samuel-Umtiti,fr FRA,DF,Barcelona,23,1993,24.3,7,0,0,23,25,4,0,30,26,0,0,0,248,41,12,77.4,Matches
Enes Ünal\Enes-Unal,tr TUR,FW,Levante,20,1997,6.6,0,0,0,13,10,4,3,6,3,0,0,0,18,9,23,28.1,Matches
Enes Ünal\Enes-Unal,tr TUR,FW,Villarreal,20,1997,12.6,1,0,0,24,25,9,5,2,4,0,0,0,36,18,28,39.1,Matches
Francis Uzoho\Francis-Uzoho,ng NGA,GK,La Coruña,18,1998,2,0,0,0,0,1,0,0,0,0,0,0,0,4,0,0,,Matches
Gerard Valentín\Gerard-Valentin,es ESP,DFFW,La Coruña,24,1993,1.8,0,0,0,1,1,0,1,1,2,0,0,0,14,1,2,33.3,Matches
Borja Valle\Borja-Valle,es ESP,FWMF,La Coruña,25,1992,5.5,1,0,0,12,8,6,15,3,4,0,0,0,25,4,13,23.5,Matches
Jesús Vallejo\Jesus-Vallejo,es ESP,DF,Real Madrid,20,1997,7,0,0,0,3,2,1,0,9,4,0,0,0,61,6,5,54.5,Matches
Federico Valverde\Federico-Valverde,uy URU,MFFW,La Coruña,19,1998,13.7,0,0,0,15,3,1,12,12,11,0,1,0,132,11,8,57.9,Matches
Raphaël Varane\Raphael-Varane,fr FRA,DF,Real Madrid,24,1993,25.8,3,0,0,17,12,0,1,17,14,0,0,0,272,31,11,73.8,Matches
Franco Vázquez\Franco-Vazquez,ar ARG,MF,Sevilla,28,1989,20.3,5,0,0,49,61,9,39,15,23,0,1,0,152,21,20,51.2,Matches
Lucas Vázquez\Lucas-Vazquez,es ESP,MFFW,Real Madrid,26,1991,18.8,3,0,0,33,42,12,88,7,33,2,0,0,108,4,7,36.4,Matches
Koke Vegas\Koke-Vegas,es ESP,GK,Levante,21,1995,1,0,1,0,1,0,0,0,0,0,0,0,0,3,0,0,,Matches
Carlos Vela\Carlos-Vela,mx MEX,FWMF,Real Sociedad,28,1989,4.4,0,0,0,6,18,1,10,1,9,1,0,0,31,2,1,66.7,Matches
Thomas Vermaelen\Thomas-Vermaelen,be BEL,DF,Barcelona,31,1985,11.3,3,0,0,10,3,1,1,10,8,0,0,0,111,11,10,52.4,Matches
Mikel Vesga\Mikel-Vesga,es ESP,MF,Athletic Club,24,1993,8.9,6,0,0,15,11,0,11,14,11,0,0,0,98,13,9,59.1,Matches
Rúben Vezo\Ruben-Vezo,pt POR,DF,Valencia,23,1994,17.3,2,2,1,19,13,1,13,13,20,0,0,0,204,29,8,78.4,Matches
Aleix Vidal\Aleix-Vidal,es ESP,MFFW,Barcelona,27,1989,5.2,0,0,0,5,12,2,12,6,4,0,0,0,33,1,3,25,Matches
Nacho Vidal\Nacho-Vidal,es ESP,DF,Valencia,22,1995,5,1,0,0,8,4,0,7,10,6,0,0,0,42,2,3,40,Matches
Jonathan Viera\Jonathan-Viera,es ESP,MF,Las Palmas,27,1989,22.1,3,0,0,23,69,3,31,8,23,2,0,0,140,4,14,22.2,Matches
Luciano Vietto\Luciano-Vietto,ar ARG,FW,Atlético Madrid,23,1993,2.9,1,0,0,3,7,1,1,0,3,0,0,0,19,1,2,33.3,Matches
Luciano Vietto\Luciano-Vietto,ar ARG,FW,Valencia,23,1993,5.9,1,0,0,6,7,7,7,3,4,0,0,0,21,0,1,0,Matches
Carlos Vigaray\Carlos-Vigaray,es ESP,DFMF,Alavés,22,1994,10,6,0,0,19,13,0,10,12,14,0,0,0,78,6,5,54.5,Matches
Dídac Vilà\Didac-Vila,es ESP,DFMF,Espanyol,28,1989,8.2,3,0,0,13,14,1,20,18,13,0,0,0,76,7,5,58.3,Matches
Asier Villalibre\Asier-Villalibre,es ESP,FW,Athletic Club,19,1997,1,0,0,,0,,,,,,,,,,,,,Matches
Vitolo\Vitolo,es ESP,FWMF,Las Palmas,27,1989,7.7,0,0,0,13,29,2,9,5,8,0,0,0,36,0,5,0,Matches
Vitolo\Vitolo,es ESP,MFFW,Atlético Madrid,27,1989,6.8,1,1,0,12,22,3,6,5,4,1,0,0,58,4,6,40,Matches
Šime Vrsaljko\Sime-Vrsaljko,hr CRO,DFMF,Atlético Madrid,25,1992,18.9,7,0,0,30,13,3,53,22,21,0,0,0,162,28,14,66.7,Matches
Wakaso\Wakaso,gh GHA,MFFW,Alavés,27,1990,12.2,7,0,0,32,22,3,27,17,33,0,2,0,133,13,10,56.5,Matches
Daniel Wass\Daniel-Wass,dk DEN,MFFW,Celta Vigo,28,1989,32.4,3,0,0,26,53,11,97,22,9,0,0,0,250,27,33,45,Matches
Axel Werner\Axel-Werner,ar ARG,GK,Atlético Madrid,21,1996,1,0,0,0,0,0,0,0,0,0,0,0,0,3,0,0,,Matches
Iñaki Williams\Inaki-Williams,es ESP,FWMF,Athletic Club,23,1994,31.7,3,0,0,33,41,27,65,18,14,0,0,0,143,24,26,48,Matches
Yoel\Yoel,es ESP,GK,Eibar,28,1988,1,0,0,0,0,0,0,0,0,0,0,0,0,12,0,0,,Matches
Joseba Zaldúa\Joseba-Zaldua,es ESP,DF,Leganés,25,1992,28.4,9,1,0,43,61,2,61,38,35,0,0,0,274,26,19,57.8,Matches
Simone Zaza\Simone-Zaza,it ITA,FW,Valencia,26,1991,23,9,2,1,45,32,16,10,7,12,1,0,0,64,34,42,44.7,Matches
Nabil El Zhar\Nabil-El-Zhar,ma MAR,FWMF,Leganés,30,1986,22.3,2,0,0,25,35,5,53,12,10,0,0,0,146,12,17,41.4,Matches
Luca Zidane\Luca-Zidane,fr FRA,GK,Real Madrid,19,1998,1,0,0,0,0,0,0,0,0,0,0,0,0,4,0,0,,Matches
Igor Zubeldia\Igor-Zubeldia,es ESP,MF,Real Sociedad,20,1997,17.7,4,2,1,20,16,1,3,15,25,0,0,0,238,23,13,63.9,Matches
David Zurutuza\David-Zurutuza,es ESP,MF,Real Sociedad,31,1986,24.8,2,0,0,44,47,1,10,28,32,0,0,0,227,17,14,54.8,Matches
