Rk,Player,Nation,Pos,Squad,Age,Born,90s,CrdY,CrdR,2CrdY,Fls,Fld,Off,Crs,Int,TklW,PKwon,PKcon,OG,Recov,Won,Lost,Won%,Matches
1,Ismael Aaneba\Ismael-Aaneba,fr FRA,DF,Strasbourg,19,1999,2.3,3,0,0,6,0,0,5,5,4,0,0,0,22,1,4,20,Matches
2,Yunis Abdelhamid\Yunis-Abdelhamid,ma MAR,DF,Reims,30,1987,38,2,0,0,33,21,1,0,46,35,0,1,1,327,88,47,65.2,Matches
3,Mehdi Abeid\Mehdi-Abeid,dz ALG,MF,Dijon,25,1992,22.5,6,0,0,57,29,1,13,24,40,0,0,0,256,16,14,53.3,Matches
4,Charles Abi\Charles-Abi,fr FRA,FWMF,Saint-Étienne,18,2000,0.4,0,0,0,2,1,0,0,1,4,0,0,0,6,2,1,66.7,Matches
5,Khaled Adénon\Khaled-Adenon,bj BEN,DF,Amiens,33,1985,22.2,7,1,1,33,21,2,0,19,24,0,0,1,249,42,37,53.2,Matches
6,Yacine Adli\Yacine-Adli,fr FRA,MFFW,Bordeaux,18,2000,2.4,1,0,0,4,1,0,7,1,1,0,0,0,21,2,1,66.7,Matches
7,Nayef Aguerd\Nayef-Aguerd,ma MAR,DF,Dijon,22,1996,11.7,4,1,0,20,8,1,1,4,14,0,0,0,90,30,12,71.4,Matches
8,Ruben Aguilar\Ruben-Aguilar,fr FRA,DFMF,Montpellier,25,1993,28.1,8,0,0,38,41,1,81,26,55,0,1,0,269,25,28,47.2,Matches
9,Jean-Eudes Aholou\Jean-Eudes-Aholou,ci CIV,MF,Monaco,24,1994,11.9,2,0,0,26,17,0,2,11,17,0,0,0,119,12,12,50,Matches
10,Youssef Aït Bennasser\Youssef-Ait-Bennasser,ma MAR,MF,Monaco,22,1996,11.9,2,0,0,11,11,0,2,11,24,0,0,0,166,4,9,30.8,Matches
11,Youssef Aït Bennasser\Youssef-Ait-Bennasser,ma MAR,MF,Saint-Étienne,22,1996,10.4,0,0,0,10,9,0,2,9,16,0,0,0,111,5,9,35.7,Matches
12,Rayan Aït Nouri\Rayan-Ait-Nouri,fr FRA,DF,Angers,17,2001,0.6,1,0,0,1,1,0,1,0,2,0,1,0,3,0,2,0,Matches
13,Ludovic Ajorque\Ludovic-Ajorque,re REU,FW,Strasbourg,24,1994,17,5,0,0,45,17,3,8,6,7,1,0,0,63,87,52,62.6,Matches
14,Sofiane Alakouch\Sofiane-Alakouch,fr FRA,DF,Nîmes,20,1998,21.1,4,0,0,29,31,0,26,29,36,0,0,0,202,12,22,35.3,Matches
15,Alexis Alegue\Alexis-Alegue,fr FRA,FW,Nantes,21,1996,0.1,0,0,0,0,0,0,0,0,0,0,0,0,0,0,0,,Matches
16,Rúnar Alex Rúnarsson\Runar-Alex-Runarsson,is ISL,GK,Dijon,23,1995,25,0,0,0,0,4,0,0,0,0,0,0,0,136,0,0,,Matches
17,Rachid Alioui\Rachid-Alioui,ma MAR,FW,Nîmes,26,1992,13.9,1,0,0,11,12,7,23,3,6,0,0,0,79,35,60,36.8,Matches
18,Bobby Allain\Bobby-Allain,fr FRA,GK,Dijon,26,1991,13,1,0,0,1,6,0,0,0,0,0,1,0,78,0,0,,Matches
19,Mickaël Alphonse\Mickael-Alphonse,GPE,DF,Dijon,29,1989,6.3,0,0,0,8,10,0,15,5,3,0,0,0,71,12,4,75,Matches
20,Dani Alves\Dani-Alves,br BRA,MFDF,Paris S-G,35,1983,18,4,0,0,43,23,4,45,9,29,0,0,0,180,9,11,45,Matches
21,Romain Amalfitano\Romain-Amalfitano,fr FRA,MFFW,Dijon,28,1989,28,3,1,0,43,30,1,17,34,41,0,0,0,252,11,24,31.4,Matches
22,Jordan Amavi\Jordan-Amavi,fr FRA,DF,Marseille,24,1994,24.2,7,2,0,47,33,1,62,32,29,0,1,0,303,58,27,68.2,Matches
23,Kelvin Amian\Kelvin-Amian,fr FRA,DF,Toulouse,20,1998,32,6,0,0,40,11,3,17,23,46,0,0,0,261,36,33,52.2,Matches
24,Yanis Ammour\Yanis-Ammour,fr FRA,MF,Montpellier,19,1999,0,0,0,0,1,0,0,0,0,0,0,0,0,0,0,0,,Matches
25,Benjamin André\Benjamin-Andre,fr FRA,MF,Rennes,27,1990,27.7,8,1,1,59,48,4,11,37,66,1,0,0,338,116,66,63.7,Matches
26,Yoann Andreu\Yoann-Andreu,fr FRA,DF,Angers,29,1989,0,0,0,0,1,0,0,0,0,0,0,0,0,0,0,0,,Matches
27,Houssem Aouar\Houssem-Aouar,fr FRA,MF,Lyon,20,1998,34,2,0,0,30,53,11,12,31,36,2,0,0,284,8,25,24.2,Matches
28,Luiz Araújo\Luiz-Araujo,br BRA,FWMF,Lille,22,1996,8.7,2,1,0,22,9,1,17,1,11,0,0,0,47,2,8,20,Matches
29,Alphonse Areola\Alphonse-Areola,fr FRA,GK,Paris S-G,25,1993,21,1,0,0,0,2,0,0,0,0,0,0,0,84,0,0,,Matches
30,Yoël Armougom\Yoel-Armougom,fr FRA,DFMF,Caen,20,1998,20.6,5,1,1,20,15,1,49,8,18,0,0,0,159,17,12,58.6,Matches
31,Youcef Attal\Youcef-Attal,dz ALG,DFMF,Nice,22,1996,25.1,8,0,0,42,58,9,58,26,33,3,0,0,222,33,31,51.6,Matches
32,Ludovic Baal\Ludovic-Baal,gf GUF,DF,Rennes,32,1986,1.4,0,0,0,0,2,0,3,0,1,0,0,0,24,0,1,0,Matches
33,Stéphane Bahoken\Stephane-Bahoken,cm CMR,FW,Angers,26,1992,27.4,3,0,0,55,37,31,32,5,12,0,0,0,110,27,65,29.3,Matches
34,Fodé Ballo-Touré\Fode-Ballo-Toure,sn SEN,DF,Monaco,21,1997,17.7,4,0,0,17,25,1,62,14,32,0,0,1,152,26,19,57.8,Matches
35,Fodé Ballo-Touré\Fode-Ballo-Toure,sn SEN,DF,Lille,21,1997,17.7,3,0,0,14,30,2,24,15,26,1,1,0,180,30,17,63.8,Matches
36,Florent Balmont\Florent-Balmont,fr FRA,MF,Dijon,38,1980,12,3,0,0,22,22,1,12,4,21,0,0,0,115,1,8,11.1,Matches
37,Mario Balotelli\Mario-Balotelli,it ITA,FW,Nice,27,1990,8.4,5,0,0,19,15,3,5,4,0,0,0,0,31,7,10,41.2,Matches
38,Mario Balotelli\Mario-Balotelli,it ITA,FW,Marseille,27,1990,10.4,5,1,0,24,25,5,1,3,8,0,0,0,30,13,22,37.1,Matches
39,Abdoulaye Bamba\Abdoulaye-Bamba,ci CIV,DF,Angers,28,1990,28.6,6,0,0,22,25,2,48,31,30,0,0,0,252,19,21,47.5,Matches
40,Jonathan Bamba\Jonathan-Bamba,fr FRA,FWMF,Lille,22,1996,33.4,4,0,0,26,68,2,39,25,20,0,0,0,253,25,30,45.5,Matches
41,Yacine Bammou\Yacine-Bammou,ma MAR,FWMF,Caen,26,1991,10.3,2,0,0,9,9,3,22,7,6,0,0,0,90,7,21,25,Matches
42,Danilo Barbosa\Danilo-Barbosa,br BRA,MF,Nice,22,1996,17.2,1,1,0,18,34,0,4,12,20,0,0,0,111,15,9,62.5,Matches
43,Antonio Barreca\Antonio-Barreca,it ITA,DF,Monaco,23,1995,6.6,0,0,0,7,7,0,13,4,3,0,0,0,56,8,9,47.1,Matches
44,Toma Ba_i_\Toma-Basic,hr CRO,MF,Bordeaux,21,1996,14.8,3,0,0,24,23,0,20,7,17,0,0,0,113,27,22,55.1,Matches
45,Thomas Basila\Thomas-Basila,fr FRA,DF,Nantes,19,1999,1,0,0,0,0,1,0,0,1,2,0,0,0,8,3,1,75,Matches
46,Paul Baysse\Paul-Baysse,fr FRA,DF,Bordeaux,30,1988,0.8,1,0,0,1,0,0,0,1,1,0,0,0,13,2,0,100,Matches
47,Paul Baysse\Paul-Baysse,fr FRA,DF,Caen,30,1988,19.9,3,1,1,16,14,3,0,16,15,0,1,1,178,40,21,65.6,Matches
48,Claudio Beauvue\Claudio-Beauvue,GPE,FW,Caen,30,1988,16.7,1,0,0,23,28,4,26,3,12,1,0,0,75,38,54,41.3,Matches
49,Hatem Ben Arfa\Hatem-Ben-Arfa,fr FRA,MFFW,Rennes,31,1987,22.6,1,0,0,18,42,4,25,2,7,1,0,0,111,1,10,9.1,Matches
50,Diego Benaglio\Diego-Benaglio,ch SUI,GK,Monaco,34,1983,22.9,2,0,0,1,2,0,0,0,0,0,1,0,119,0,0,,Matches
51,Nicolas Benezet\Nicolas-Benezet,fr FRA,MFFW,Guingamp,27,1991,18.5,1,0,0,24,43,8,57,13,28,0,0,0,173,10,31,24.4,Matches
52,Walter Benítez\Walter-Benitez,ar ARG,GK,Nice,25,1993,35,1,0,0,0,4,0,0,0,0,0,0,0,161,0,0,,Matches
53,Yassine Benrahou\Yassine-Benrahou,fr FRA,MFDF,Bordeaux,19,1999,2,0,0,0,2,4,0,5,2,3,0,0,0,17,1,3,25,Matches
54,Ramy Bensebaini\Ramy-Bensebaini,dz ALG,DF,Rennes,23,1995,23.9,9,0,0,31,35,1,29,25,30,0,1,1,238,39,25,60.9,Matches
55,Yassine Benzia\Yassine-Benzia,dz ALG,MF,Lille,23,1994,1.8,0,0,0,3,3,0,2,0,1,0,0,0,14,0,0,,Matches
56,Robert Beri_\Robert-Beric,si SVN,FW,Saint-Étienne,27,1991,13.1,0,0,0,33,23,5,5,3,5,0,0,0,44,22,44,33.3,Matches
57,Paul Bernardoni\Paul-Bernardoni,fr FRA,GK,Nîmes,21,1997,38,0,0,0,0,7,0,0,0,0,0,0,0,199,0,1,0,Matches
58,Juan Bernat\Juan-Bernat,es ESP,DFMF,Paris S-G,25,1993,20.4,6,1,0,33,20,6,47,14,28,0,0,0,141,12,17,41.4,Matches
59,Antoine Bernede\Antoine-Bernede,fr FRA,MF,Paris S-G,19,1999,1.9,0,0,0,2,1,0,0,3,6,0,0,0,16,0,5,0,Matches
60,Dimitry Bertaud\Dimitry-Bertaud,fr FRA,GK,Montpellier,20,1998,1,0,0,0,0,0,0,0,0,0,0,0,0,5,0,0,,Matches
61,Giulian Biancone\Giulian-Biancone,fr FRA,DF,Monaco,18,2000,1,0,0,0,2,0,0,1,2,2,0,0,0,9,1,2,33.3,Matches
62,Ludovic Blas\Ludovic-Blas,fr FRA,MFFW,Guingamp,20,1997,26.4,5,0,0,38,35,2,19,24,43,0,0,0,306,32,57,36,Matches
63,Alexis Blin\Alexis-Blin,fr FRA,MF,Amiens,21,1996,22.1,4,0,0,29,31,1,2,23,58,0,1,0,290,35,51,40.7,Matches
64,Antonin Bobichon\Antonin-Bobichon,fr FRA,MF,Nîmes,22,1995,23.9,2,0,0,35,11,1,14,15,21,0,0,0,223,16,27,37.2,Matches
65,Yann Bodiger\Yann-Bodiger,fr FRA,MF,Toulouse,23,1995,0.1,0,0,0,0,0,0,0,0,0,0,0,0,5,0,0,,Matches
66,Mathieu Bodmer\Mathieu-Bodmer,fr FRA,MFFW,Amiens,35,1982,11.9,1,0,0,13,13,1,7,4,12,0,0,0,64,27,30,47.4,Matches
67,Sacha Boey\Sacha-Boey,fr FRA,DFMF,Rennes,17,2000,0.2,0,0,0,0,0,0,0,0,0,0,0,0,1,0,1,0,Matches
68,Olivier Boscagli\Olivier-Boscagli,fr FRA,DFMF,Nice,20,1997,9.6,1,0,0,6,22,0,18,13,6,0,0,0,94,11,17,39.3,Matches
69,Gabriel Boschilia\Gabriel-Boschilia,br BRA,FWMF,Nantes,22,1996,14.7,1,0,0,19,24,0,15,9,18,0,0,0,112,1,14,6.7,Matches
70,John Bostock\John-Bostock,tt TRI,MF,Toulouse,26,1992,10.9,1,0,0,19,14,0,5,11,13,0,0,0,103,8,7,53.3,Matches
71,Denis Bouanga\Denis-Bouanga,ga GAB,FWMF,Nîmes,23,1994,29.3,5,0,0,41,28,7,50,11,44,0,0,0,206,20,52,27.8,Matches
72,Zacharie Boucher\Zacharie-Boucher,fr FRA,GK,Angers,26,1992,2,0,0,0,0,0,0,0,0,0,0,0,0,10,0,0,,Matches
73,Arnold Bouka Moutou\Arnold-Bouka-Moutou,cg CGO,DFFW,Dijon,29,1988,0.7,0,0,0,1,1,0,2,2,1,0,0,0,10,0,0,,Matches
74,Benjamin Bourigeaud\Benjamin-Bourigeaud,fr FRA,MFFW,Rennes,24,1994,26.9,5,0,0,36,14,3,58,14,27,0,0,0,210,10,28,26.3,Matches
75,Bilal Boutobba\Bilal-Boutobba,fr FRA,MF,Montpellier,19,1998,0.4,0,0,0,0,3,0,2,0,0,0,0,0,4,0,0,,Matches
76,Umut Bozok\Umut-Bozok,tr TUR,FW,Nîmes,21,1996,13.7,1,0,0,16,29,11,5,2,7,0,0,0,51,14,30,31.8,Matches
77,Pedro Brazão\Pedro-Brazao,pt POR,FWDF,Nice,15,2002,0.2,0,0,0,0,0,0,0,0,0,0,0,0,1,0,0,,Matches
78,Anthony Briançon\Anthony-Briancon,fr FRA,DF,Nîmes,23,1994,32.5,9,1,0,34,24,1,2,47,26,0,3,0,330,56,39,58.9,Matches
79,Jimmy Briand\Jimmy-Briand,fr FRA,FW,Bordeaux,32,1985,27.7,1,0,0,37,48,19,12,6,11,0,0,0,110,31,76,29,Matches
80,Gianluigi Buffon\Gianluigi-Buffon,it ITA,GK,Paris S-G,40,1978,17,0,0,0,1,1,0,0,0,0,0,0,0,78,1,0,100,Matches
81,Patrick Burner\Patrick-Burner,fr FRA,DF,Nice,22,1996,15,3,0,0,14,12,0,22,20,18,0,1,0,108,10,12,45.5,Matches
82,Ludovic Butelle\Ludovic-Butelle,fr FRA,GK,Angers,35,1983,36,1,1,0,2,5,0,0,0,0,0,1,0,199,0,0,,Matches
83,Rémy Cabella\Remy-Cabella,fr FRA,MFFW,Saint-Étienne,28,1990,33.3,5,1,1,35,67,4,65,12,45,0,0,0,268,12,25,32.4,Matches
84,Anthony Caci\Anthony-Caci,fr FRA,DF,Strasbourg,21,1997,25.5,1,0,0,27,9,1,27,31,33,0,1,0,228,17,23,42.5,Matches
85,Mathieu Cafaro\Mathieu-Cafaro,fr FRA,FWMF,Reims,21,1997,23.3,5,0,0,36,29,3,64,13,29,0,0,0,158,10,32,23.8,Matches
86,Yannick Cahuzac\Yannick-Cahuzac,fr FRA,MFDF,Toulouse,33,1985,15.9,8,1,0,24,21,0,1,22,30,0,1,0,209,17,17,50,Matches
87,Marc-Aurèle Caillard\Marc-Aurele-Caillard,fr FRA,GK,Guingamp,24,1994,21,0,0,0,0,5,0,0,0,0,0,0,0,92,0,0,,Matches
88,Duje _aleta-Car\Duje-Caleta-Car,hr CRO,DF,Marseille,21,1996,17.2,1,2,0,13,5,1,1,9,11,0,0,0,174,56,22,71.8,Matches
89,Mahdi Camara\Mahdi-Camara,fr FRA,FW,Saint-Étienne,20,1998,0.1,0,0,0,1,0,0,0,0,0,0,0,0,2,0,0,,Matches
90,Souleymane Camara\Souleymane-Camara,sn SEN,FWMF,Montpellier,35,1982,1.5,0,0,0,3,6,2,1,0,0,0,0,0,11,6,11,35.3,Matches
91,Eduardo Camavinga\Eduardo-Camavinga,fr FRA,MF,Rennes,15,2002,4,1,0,0,9,11,0,0,2,12,0,0,0,39,3,2,60,Matches
92,Pierrick Capelle\Pierrick-Capelle,fr FRA,MFDF,Angers,31,1987,20.5,2,0,0,33,8,1,36,30,28,0,0,0,188,23,20,53.5,Matches
93,Yoan Cardinale\Yoan-Cardinale,fr FRA,GK,Nice,24,1994,3,0,0,0,0,0,0,0,0,0,0,0,0,12,0,0,,Matches
94,Diego Carlos\Diego-Carlos,br BRA,DF,Nantes,25,1993,35,8,0,0,46,26,2,3,22,44,0,1,0,382,58,52,52.7,Matches
95,Louis Carnot\Louis-Carnot,fr FRA,MF,Guingamp,17,2001,0.1,0,0,0,0,0,0,0,0,0,0,0,0,0,0,0,,Matches
96,Lionel Carole\Lionel-Carole,fr FRA,DFMF,Strasbourg,27,1991,19.2,2,0,0,12,27,2,42,29,17,0,0,0,165,24,24,50,Matches
97,Moreto Cassamã\Moreto-Cassama,gw GNB,MF,Reims,20,1998,0.7,0,0,0,2,0,0,0,0,3,0,0,0,5,0,0,,Matches
98,Edinson Cavani\Edinson-Cavani,uy URU,FW,Paris S-G,31,1987,18.6,1,0,0,13,16,12,10,9,7,2,0,0,72,3,6,33.3,Matches
99,Zeki Çelik\Zeki-Celik,tr TUR,DF,Lille,21,1997,33,5,1,0,55,29,1,70,34,55,2,3,0,300,15,28,34.9,Matches
100,Nacer Chadli\Nacer-Chadli,be BEL,MFFW,Monaco,28,1989,7.7,1,0,0,10,8,3,10,4,3,0,0,0,51,10,6,62.5,Matches
101,Fouad Chafik\Fouad-Chafik,ma MAR,DF,Dijon,31,1986,20.5,2,0,0,14,18,1,38,14,35,0,0,0,182,19,17,52.8,Matches
102,Kwon Chang-hoon\Kwon-Chang-hoon,kr KOR,FWMF,Dijon,24,1994,10.4,1,0,0,9,12,4,21,4,6,0,0,0,78,12,22,35.3,Matches
103,Xavier Chavalerin\Xavier-Chavalerin,fr FRA,MF,Reims,27,1991,36,8,0,0,49,12,1,39,55,66,0,1,0,331,14,17,45.2,Matches
104,Pablo Chavarría\Pablo-Chavarria,ar ARG,FW,Reims,30,1988,21.9,3,0,0,47,24,30,29,3,19,0,0,0,81,52,77,40.3,Matches
105,Pape Cheikh Diop\Pape-Cheikh-Diop,sn SEN,MF,Lyon,20,1997,5,3,0,0,13,8,0,0,1,2,0,0,0,35,0,6,0,Matches
106,Laurent Ciman\Laurent-Ciman,be BEL,DF,Dijon,32,1985,8,3,0,0,11,5,0,0,4,9,0,0,0,87,14,8,63.6,Matches
107,Till Cissokho\Till-Cissokho,fr FRA,DF,Bordeaux,18,2000,0.9,0,0,0,1,1,0,0,1,1,0,0,0,6,4,0,100,Matches
108,Marcus Coco\Marcus-Coco,fr FRA,FWMF,Guingamp,22,1996,20.4,3,1,0,48,50,7,49,12,33,1,0,0,141,53,52,50.5,Matches
109,Racine Coly\Racine-Coly,sn SEN,DFMF,Nice,22,1995,5.6,2,0,0,7,7,0,9,7,3,0,0,0,51,7,8,46.7,Matches
110,Daniel Congré\Daniel-Congre,fr FRA,DF,Montpellier,33,1985,36.6,5,1,0,37,30,1,5,44,40,0,0,0,347,63,39,61.8,Matches
111,Benjamin Corgnet\Benjamin-Corgnet,fr FRA,MFFW,Strasbourg,31,1987,7.5,0,0,0,17,19,2,10,2,8,0,0,0,44,18,21,46.2,Matches
112,Andreas Cornelius\Andreas-Cornelius,dk DEN,FW,Bordeaux,25,1993,8.8,4,0,0,39,17,8,4,1,2,0,0,0,47,52,32,61.9,Matches
113,Maxwel Cornet\Maxwel-Cornet,ci CIV,FW,Lyon,21,1996,14.2,2,0,0,8,18,9,42,6,11,0,0,0,77,11,20,35.5,Matches
114,Quentin Cornette\Quentin-Cornette,fr FRA,MFFW,Amiens,24,1994,2.3,0,0,0,3,7,1,3,1,5,0,0,0,18,1,0,100,Matches
115,Nuno da Costa\Nuno-da-Costa,cv CPV,FW,Strasbourg,27,1991,22.8,3,0,0,41,42,9,19,23,21,1,0,0,97,41,53,43.6,Matches
116,Benoît Costil\Benoit-Costil,fr FRA,GK,Bordeaux,31,1987,37,0,0,0,0,5,0,0,0,0,0,0,0,162,0,0,,Matches
117,Kalifa Coulibaly\Kalifa-Coulibaly,ml MLI,FW,Nantes,26,1991,19.5,6,1,1,55,22,20,22,2,11,1,0,0,74,86,72,54.4,Matches
118,Senou Coulibaly\Senou-Coulibaly,ml MLI,DFMF,Dijon,23,1994,4.6,1,1,0,9,1,0,0,7,5,0,0,0,47,8,5,61.5,Matches
119,Nicolas Cozza\Nicolas-Cozza,fr FRA,DF,Montpellier,19,1999,10.9,0,0,0,11,10,0,3,15,11,0,1,0,111,14,11,56,Matches
120,Enzo Crivelli\Enzo-Crivelli,fr FRA,FW,Caen,23,1995,25.1,7,0,0,44,46,5,7,2,10,0,0,0,91,72,98,42.4,Matches
121,Wylan Cyprien\Wylan-Cyprien,fr FRA,MF,Nice,23,1995,26.2,2,1,1,24,49,1,38,12,24,0,0,0,259,9,7,56.3,Matches
122,Damien Da Silva\Damien-Da-Silva,fr FRA,DF,Rennes,30,1988,31.9,4,0,0,24,25,0,2,34,24,0,2,0,318,65,36,64.4,Matches
123,Kouadio-Yves Dabila\Kouadio-Yves-Dabila,ci CIV,DF,Lille,21,1997,8.7,2,0,0,6,3,0,0,2,9,0,1,0,90,4,10,28.6,Matches
124,Abdoulaye Dabo\Abdoulaye-Dabo,fr FRA,FW,Nantes,17,2001,1.3,0,0,0,2,2,0,1,0,0,0,0,0,8,0,2,0,Matches
125,Colin Dagba\Colin-Dagba,fr FRA,DF,Paris S-G,19,1998,10.2,2,0,0,19,6,1,22,4,11,0,0,0,66,3,12,20,Matches
126,Dante\Dante,br BRA,DF,Nice,34,1983,35.8,11,0,0,43,20,1,4,34,39,0,1,0,323,49,34,59,Matches
127,Lucas Deaux\Lucas-Deaux,fr FRA,MF,Guingamp,29,1988,13.2,4,0,0,33,12,2,14,10,35,0,0,0,134,22,24,47.8,Matches
128,Mathieu Debuchy\Mathieu-Debuchy,fr FRA,DF,Saint-Étienne,33,1985,21.6,5,1,1,35,20,7,67,24,22,0,2,0,204,68,36,65.4,Matches
129,Romain Del Castillo\Romain-Del-Castillo,fr FRA,FWMF,Rennes,22,1996,14.9,1,0,0,31,21,3,47,14,23,0,0,0,129,19,24,44.2,Matches
130,Andy Delort\Andy-Delort,dz ALG,FW,Montpellier,26,1991,34.6,4,0,0,91,54,25,116,10,20,0,0,0,198,97,122,44.3,Matches
131,Moussa Dembélé\Moussa-Dembele,fr FRA,FW,Lyon,22,1996,22.4,1,0,0,35,13,17,13,5,9,3,0,0,87,32,46,41,Matches
132,Jessy Deminguet\Jessy-Deminguet,fr FRA,MFFW,Caen,20,1998,14.1,2,0,0,22,14,0,6,13,28,0,0,0,129,12,11,52.2,Matches
133,Jason Denayer\Jason-Denayer,be BEL,DF,Lyon,23,1995,30.6,2,0,0,14,10,0,2,24,22,0,0,0,278,37,25,59.7,Matches
134,Memphis Depay\Memphis-Depay,nl NED,FWMF,Lyon,24,1994,30.4,5,0,0,36,33,11,78,7,15,0,0,0,158,7,13,35,Matches
135,Clément Depres\Clement-Depres,fr FRA,FW,Nîmes,23,1994,4.9,1,0,0,13,6,1,2,1,4,0,0,0,27,36,24,60,Matches
136,Ángel Di María\Angel-Di-Maria,ar ARG,FWMF,Paris S-G,30,1988,25.8,2,0,0,11,19,6,89,20,19,1,0,0,165,0,1,0,Matches
137,Boulaye Dia\Boulaye-Dia,sn SEN,FW,Reims,21,1996,8.3,2,0,0,9,13,2,3,1,7,1,0,0,46,16,28,36.4,Matches
138,Moussa Diaby\Moussa-Diaby,fr FRA,MFFW,Paris S-G,19,1999,12.7,1,0,0,15,6,2,28,10,12,0,0,0,73,1,9,10,Matches
139,Bafodé Diakité\Bafode-Diakite,fr FRA,DF,Toulouse,17,2001,7,2,0,0,8,7,0,4,9,7,0,1,0,77,19,10,65.5,Matches
140,Abdoulaye Diallo\Abdoulaye-Diallo,sn SEN,GK,Rennes,26,1992,5.5,0,0,0,0,1,0,0,0,0,0,0,0,22,0,0,,Matches
141,Mustapha Diallo\Mustapha-Diallo,sn SEN,MF,Nîmes,32,1986,5.1,5,0,0,20,10,0,2,11,14,0,0,0,79,12,4,75,Matches
142,Lassana Diarra\Lassana-Diarra,fr FRA,MF,Paris S-G,33,1985,1.8,0,0,0,6,3,0,0,2,2,0,0,0,14,1,1,50,Matches
143,Bakaye Dibassy\Bakaye-Dibassy,ml MLI,DF,Amiens,28,1989,32.7,5,1,0,35,17,2,40,25,28,0,1,0,326,46,52,46.9,Matches
144,Étienne Didot\Etienne-Didot,fr FRA,MF,Guingamp,35,1983,23.4,4,0,0,42,28,2,21,22,35,0,0,0,352,22,25,46.8,Matches
145,Tristan Dingomé\Tristan-Dingome,cm CMR,MF,Reims,27,1991,14.9,5,0,0,29,12,2,10,8,16,0,0,0,114,4,16,20,Matches
146,Ismaël Diomandé\Ismael-Diomande,ci CIV,MFDF,Caen,25,1992,14.4,5,1,1,27,19,1,3,8,17,0,0,0,137,8,4,66.7,Matches
147,Lois Diony\Lois-Diony,fr FRA,FW,Saint-Étienne,25,1992,17.7,3,0,0,29,28,6,28,2,12,0,0,0,86,23,37,38.3,Matches
148,Sofiane Diop\Sofiane-Diop,fr FRA,MFFW,Monaco,18,2000,8.2,1,0,0,18,11,1,12,13,8,0,0,0,49,5,4,55.6,Matches
149,Assane Dioussé\Assane-Diousse,sn SEN,MF,Saint-Étienne,20,1997,2.4,0,0,0,2,3,0,2,1,6,0,0,0,34,2,2,50,Matches
150,Axel Disasi\Axel-Disasi,fr FRA,DF,Reims,20,1998,1.8,0,0,0,0,0,0,0,2,1,0,0,0,17,5,2,71.4,Matches
151,Koffi Djidji\Koffi-Djidji,ci CIV,DF,Nantes,25,1992,1,0,0,0,0,0,0,0,1,1,0,0,0,5,0,0,,Matches
152,Alexander Djiku\Alexander-Djiku,gh GHA,DF,Caen,23,1994,30.6,9,1,0,51,43,1,0,52,38,0,2,0,358,62,41,60.2,Matches
153,Papy Djilobodji\Papy-Djilobodji,sn SEN,DFFW,Guingamp,29,1988,1.9,1,1,0,3,0,0,1,0,1,0,0,0,22,8,3,72.7,Matches
154,Keagan Dolly\Keagan-Dolly,za RSA,FW,Montpellier,25,1993,1,0,0,0,2,2,0,1,0,1,0,0,0,7,0,3,0,Matches
155,Gabriel Dos Santos\Gabriel-Dos-Santos,br BRA,DF,Lille,20,1997,11.8,1,0,0,14,13,0,0,11,11,0,0,0,88,38,13,74.5,Matches
156,Mathieu Dossevi\Mathieu-Dossevi,tg TOG,FWMF,Toulouse,30,1988,27.4,0,0,0,30,46,19,113,26,31,1,0,0,168,6,22,21.4,Matches
157,Moussa Doumbia\Moussa-Doumbia,ml MLI,FWMF,Reims,23,1994,17.8,5,0,0,30,68,10,29,5,18,1,0,0,147,9,21,30,Matches
158,Souleyman Doumbia\Souleyman-Doumbia,ci CIV,DF,Rennes,21,1996,6.7,0,0,0,7,7,1,5,1,8,0,0,0,59,11,5,68.8,Matches
159,Julian Draxler\Julian-Draxler,de GER,MFFW,Paris S-G,24,1993,22.7,6,0,0,25,14,1,22,11,21,0,0,0,181,13,10,56.5,Matches
160,Leo Dubois\Leo-Dubois,fr FRA,DF,Lyon,23,1994,22.7,2,0,0,30,15,2,78,19,34,0,0,0,236,27,21,56.3,Matches
161,Maxime Dupé\Maxime-Dupe,fr FRA,GK,Nantes,25,1993,10.4,1,0,0,0,0,0,0,0,0,0,0,0,42,0,0,,Matches
162,Jimmy Durmaz\Jimmy-Durmaz,se SWE,MFFW,Toulouse,29,1989,21.1,5,0,0,28,19,1,40,12,27,0,0,0,173,4,18,18.2,Matches
163,Félix Eboa Eboa\Felix-Eboa-Eboa,cm CMR,DF,Guingamp,21,1997,27,5,0,0,25,18,0,10,26,34,0,1,0,317,80,38,67.8,Matches
164,Björn Engels\Bjorn-Engels,be BEL,DF,Reims,23,1994,33,4,0,0,21,17,2,4,23,9,0,0,1,271,70,38,64.8,Matches
165,Lucas Evangelista\Lucas-Evangelista,br BRA,FWMF,Nantes,23,1995,8,0,0,0,19,31,0,17,5,16,0,0,0,72,14,12,53.8,Matches
166,Valentin Eysseric\Valentin-Eysseric,fr FRA,MFFW,Nantes,26,1992,2.3,1,0,0,8,9,0,4,1,1,1,0,0,20,0,4,0,Matches
167,Fábio\Fabio,br BRA,DF,Nantes,28,1990,14.2,4,1,0,18,19,1,32,19,34,0,1,0,113,13,11,54.2,Matches
168,Cesc Fàbregas\Cesc-Fabregas,es ESP,MF,Monaco,31,1987,10.7,2,0,0,6,17,0,5,6,12,0,0,0,107,6,16,27.3,Matches
169,Romain Faivre\Romain-Faivre,fr FRA,MFFW,Monaco,20,1998,1,1,0,0,3,2,0,0,1,1,0,0,0,8,0,1,0,Matches
170,Fayçal Fajr\Faycal-Fajr,ma MAR,MF,Caen,29,1988,36,6,0,0,43,89,4,64,22,30,0,0,0,390,11,21,34.4,Matches
171,Radamel Falcao\Radamel-Falcao,co COL,FW,Monaco,32,1986,28.4,10,0,0,70,63,14,7,5,17,1,1,0,112,62,77,44.6,Matches
172,Nabil Fekir\Nabil-Fekir,fr FRA,MF,Lyon,25,1993,22.1,5,0,0,44,65,18,38,11,26,1,0,0,114,10,27,27,Matches
173,Yassin Fekir\Yassin-Fekir,fr FRA,FW,Lyon,21,1997,0.1,0,0,0,0,0,0,1,0,1,0,0,0,2,0,0,,Matches
174,Juan Ferney Otero\Juan-Ferney-Otero,co COL,FWMF,Amiens,23,1995,24.2,1,0,0,29,39,14,61,15,17,0,0,0,186,30,54,35.7,Matches
175,Jordan Ferri\Jordan-Ferri,fr FRA,MF,Nîmes,26,1992,20.8,5,0,0,39,29,2,14,9,35,0,0,0,290,15,25,37.5,Matches
176,Jordan Ferri\Jordan-Ferri,fr FRA,MF,Lyon,26,1992,1.3,0,0,0,2,2,0,3,2,4,0,0,0,12,0,1,0,Matches
177,Guessouma Fofana\Guessouma-Fofana,fr FRA,MF,Amiens,25,1992,2.1,1,0,0,5,2,0,2,4,4,0,0,0,15,5,2,71.4,Matches
178,Guessouma Fofana\Guessouma-Fofana,fr FRA,MF,Guingamp,25,1992,5.3,2,0,0,11,5,0,3,5,11,0,0,0,52,7,6,53.8,Matches
179,Wesley Fofana\Wesley-Fofana,fr FRA,DF,Saint-Étienne,17,2000,1.8,0,0,0,2,4,0,1,1,6,0,0,0,14,4,2,66.7,Matches
180,Youssouf Fofana\Youssouf-Fofana,fr FRA,MF,Strasbourg,19,1999,10.1,0,0,0,17,9,0,4,12,19,0,0,0,68,3,3,50,Matches
181,Thomas Foket\Thomas-Foket,be BEL,DF,Reims,23,1994,32,7,0,0,51,42,4,32,35,49,0,2,0,295,20,28,41.7,Matches
182,Thomas Fontaine\Thomas-Fontaine,mg MAD,DFMF,Reims,27,1991,4.7,1,0,0,6,3,0,0,3,4,0,0,0,41,6,3,66.7,Matches
183,José Fonte\Jose-Fonte,pt POR,DF,Lille,34,1983,34.6,5,1,0,30,17,0,3,25,19,0,2,0,361,89,35,71.8,Matches
184,Rui Fonte\Rui-Fonte,pt POR,FW,Lille,28,1990,7,1,0,0,22,4,2,3,1,15,0,0,0,35,25,22,53.2,Matches
185,Steven Fortes\Steven-Fortes,cv CPV,DF,Toulouse,26,1992,1.5,0,0,0,1,1,0,0,2,3,0,0,0,14,3,1,75,Matches
186,Angelo Fulgini\Angelo-Fulgini,fr FRA,MFFW,Angers,21,1996,18.2,1,0,0,20,46,1,18,29,20,1,0,0,144,13,19,40.6,Matches
187,Milan Gaji_\Milan-Gajic,rs SRB,DF,Bordeaux,22,1996,1,0,0,0,1,1,0,3,1,2,0,0,0,7,2,2,50,Matches
188,Ignatius Ganago\Ignatius-Ganago,cm CMR,FW,Nice,19,1999,11.5,1,0,0,9,12,2,6,1,4,1,0,0,35,11,17,39.3,Matches
189,Ganso\Ganso,br BRA,MFFW,Amiens,28,1989,5.8,0,0,0,9,9,0,5,4,9,0,0,0,36,3,1,75,Matches
190,Manu García\Manu-Garcia,es ESP,MF,Toulouse,20,1998,20.5,2,1,1,29,47,0,7,12,22,0,0,0,158,2,7,22.2,Matches
191,Jérémy Gélin\Jeremy-Gelin,fr FRA,DFMF,Rennes,21,1997,14.2,3,1,0,18,8,0,1,20,16,0,0,0,167,7,15,31.8,Matches
192,Romain Genevois\Romain-Genevois,ht HAI,DF,Caen,30,1987,4,0,0,0,4,0,0,3,4,6,0,0,0,35,2,3,40,Matches
193,Valère Germain\Valere-Germain,fr FRA,FW,Marseille,28,1990,24.1,1,0,0,23,20,5,17,7,17,0,0,0,105,72,116,38.3,Matches
194,Willem Geubbels\Willem-Geubbels,fr FRA,MF,Monaco,16,2001,0.1,0,0,0,0,0,0,0,0,0,0,0,0,1,0,0,,Matches
195,Lamine Ghezali\Lamine-Ghezali,fr FRA,FWMF,Saint-Étienne,19,1999,0.5,1,0,0,3,2,0,2,0,1,0,0,0,7,0,2,0,Matches
196,Saman Ghoddos\Saman-Ghoddos,ir IRN,FWMF,Amiens,24,1993,20.3,4,0,0,29,43,5,35,3,18,0,0,0,129,11,21,34.4,Matches
197,Andrei Girotto\Andrei-Girotto,br BRA,MF,Nantes,26,1992,16.4,6,3,2,34,23,0,7,15,36,0,0,0,214,38,29,56.7,Matches
198,Kamil Glik\Kamil-Glik,pl POL,DF,Monaco,30,1988,33,10,0,0,31,40,0,2,39,23,0,2,0,286,82,58,58.6,Matches
199,Eddy Gnahoré\Eddy-Gnahore,fr FRA,MF,Amiens,24,1993,24.9,4,2,2,34,9,3,6,15,35,0,0,0,218,27,22,55.1,Matches
200,Mauro Goicoechea\Mauro-Goicoechea,uy URU,GK,Toulouse,30,1988,7.9,0,0,0,0,2,0,0,0,0,0,0,0,49,0,0,,Matches
201,Aleksandr Golovin\Aleksandr-Golovin,ru RUS,MFFW,Monaco,22,1996,25.4,7,1,0,45,43,1,54,15,26,0,0,0,223,9,21,30,Matches
202,Anthony Gonçalves\Anthony-Goncalves,fr FRA,MFFW,Strasbourg,32,1986,11.8,3,0,0,32,9,2,50,7,12,0,0,0,84,9,11,45,Matches
203,Mathieu Gorgelin\Mathieu-Gorgelin,fr FRA,GK,Lyon,27,1990,4,0,0,0,0,0,0,0,0,0,0,0,0,18,0,0,,Matches
204,Prince-Désir Gouano\Prince-Desir-Gouano,fr FRA,DF,Amiens,24,1993,29.1,2,0,0,30,41,0,0,29,21,0,2,1,267,61,32,65.6,Matches
205,Yoann Gourcuff\Yoann-Gourcuff,fr FRA,MFFW,Dijon,32,1986,1.5,0,0,0,2,3,0,2,0,1,0,0,0,14,0,1,0,Matches
206,Max Gradel\Max-Gradel,ci CIV,FWMF,Toulouse,30,1987,36,6,0,0,70,94,17,96,14,35,2,0,0,248,33,55,37.5,Matches
207,Jonathan Gradit\Jonathan-Gradit,fr FRA,DF,Caen,25,1992,22.3,1,0,0,21,37,1,13,28,32,0,0,1,198,38,34,52.8,Matches
208,Samuel Grandsir\Samuel-Grandsir,fr FRA,FWMF,Strasbourg,21,1996,2.6,0,1,0,2,3,2,6,0,9,0,0,0,13,1,3,25,Matches
209,Samuel Grandsir\Samuel-Grandsir,fr FRA,FWMF,Monaco,21,1996,5.2,1,1,0,10,2,2,30,4,8,0,0,0,40,2,6,25,Matches
210,Clément Grenier\Clement-Grenier,fr FRA,MF,Rennes,27,1991,29.6,6,0,0,34,25,0,43,21,25,0,1,0,299,5,16,23.8,Matches
211,Jérémy Grimm\Jeremy-Grimm,fr FRA,MF,Strasbourg,31,1987,1.9,2,0,0,4,3,1,1,4,2,0,1,0,19,4,3,57.1,Matches
212,Metehan Güçlü\Metehan-Guclu,tr TUR,FW,Paris S-G,19,1999,0.2,0,0,0,1,0,0,0,0,0,0,0,0,0,0,0,,Matches
213,Makhtar Gueye\Makhtar-Gueye,sn SEN,FWMF,Saint-Étienne,20,1997,0.6,0,0,0,1,1,0,0,0,2,0,0,0,4,3,1,75,Matches
214,Frederic Guilbert\Frederic-Guilbert,fr FRA,DF,Caen,23,1994,32.4,10,1,1,57,37,1,62,49,53,0,0,0,358,53,52,50.5,Matches
215,Baptiste Guillaume\Baptiste-Guillaume,be BEL,FW,Nîmes,23,1995,13.1,4,0,0,24,20,3,5,5,7,1,0,0,50,53,50,51.5,Matches
216,Sehrou Guirassy\Sehrou-Guirassy,fr FRA,FW,Amiens,22,1996,12.3,0,1,0,16,38,8,5,2,4,0,0,0,61,63,54,53.8,Matches
217,Régis Gurtner\Regis-Gurtner,fr FRA,GK,Amiens,31,1986,38,4,0,0,1,8,0,0,0,0,0,0,0,209,0,0,,Matches
218,Luiz Gustavo\Luiz-Gustavo,br BRA,MFDF,Marseille,31,1987,27.1,8,0,0,38,41,2,5,24,38,0,2,0,258,7,21,25,Matches
219,Oussama Haddadi\Oussama-Haddadi,tn TUN,DFMF,Dijon,26,1992,29.7,6,1,1,30,12,4,103,33,34,0,0,0,290,24,21,53.3,Matches
220,Oualid El Hajjam\Oualid-El-Hajjam,ma MAR,DFMF,Amiens,27,1991,6,1,0,0,10,8,0,13,10,9,0,1,0,58,6,3,66.7,Matches
221,Romain Hamouma\Romain-Hamouma,fr FRA,FWMF,Saint-Étienne,31,1987,17.6,3,1,1,24,34,4,56,10,23,0,0,0,109,19,39,32.8,Matches
222,Féthi Harek\Fethi-Harek,dz ALG,DF,Nîmes,35,1982,2,1,0,0,2,1,0,0,2,3,0,0,0,21,4,2,66.7,Matches
223,Benjamin Henrichs\Benjamin-Henrichs,de GER,DFMF,Monaco,21,1997,20.3,3,0,0,35,42,4,41,36,34,0,0,0,152,13,10,56.5,Matches
224,Christophe Hérelle\Christophe-Herelle,mq MTQ,DF,Nice,25,1992,32.6,9,1,0,36,46,0,5,45,36,0,1,0,311,73,34,68.2,Matches
225,Vitorino Hilton\Vitorino-Hilton,br BRA,DF,Montpellier,40,1977,35.9,5,1,0,23,45,0,1,44,28,0,0,1,397,64,32,66.7,Matches
226,Tomá_ Hubo_an\Tomas-Hubocan,sk SVK,DF,Marseille,32,1985,0.8,1,0,0,1,0,0,0,2,2,0,0,0,6,4,0,100,Matches
227,Adrien Hunou\Adrien-Hunou,fr FRA,FWMF,Rennes,24,1994,13.8,1,0,0,13,23,13,8,4,8,0,0,0,57,7,18,28,Matches
228,Suk Hyun-jun\Suk-Hyun-jun,kr KOR,FW,Reims,27,1991,8.8,3,0,0,25,16,13,8,3,4,0,0,0,28,54,37,59.3,Matches
229,Didier Ibrahim Ndong\Didier-Ibrahim-Ndong,ga GAB,MF,Guingamp,24,1994,8.3,3,0,0,18,10,0,4,13,11,0,0,0,88,13,16,44.8,Matches
230,Edgar Ié\Edgar-Ie,pt POR,DF,Lille,24,1994,2.7,1,0,0,3,0,1,2,5,5,0,1,0,37,4,4,50,Matches
231,Edgar Ié\Edgar-Ie,pt POR,DF,Nantes,24,1994,8.6,2,0,0,12,9,2,8,12,12,0,1,0,81,6,5,54.5,Matches
232,Jordan Ikoko\Jordan-Ikoko,cd COD,DF,Guingamp,24,1994,19,3,0,0,18,21,2,34,16,30,0,1,0,153,9,15,37.5,Matches
233,Jonathan Ikone\Jonathan-Ikone,fr FRA,MFFW,Lille,20,1998,31.1,3,0,0,36,29,2,29,2,21,0,0,0,156,9,39,18.8,Matches
234,Emmanuel Imorou\Emmanuel-Imorou,bj BEN,DF,Caen,29,1988,12.4,2,0,0,9,8,1,17,22,11,0,0,0,121,14,7,66.7,Matches
235,Wilson Isidor\Wilson-Isidor,fr FRA,FW,Monaco,17,2000,0.5,0,0,0,1,0,0,1,1,0,0,0,0,1,0,0,,Matches
236,Christophe Jallet\Christophe-Jallet,fr FRA,DFMF,Nice,34,1983,9.8,3,0,0,8,4,0,17,8,15,0,0,0,71,6,9,40,Matches
237,Nicolas Janvier\Nicolas-Janvier,fr FRA,MF,Rennes,19,1998,0,0,0,0,0,0,0,0,0,0,0,0,0,0,0,0,,Matches
238,Assil Jaziri\Assil-Jaziri,tn TUN,FWMF,Nice,18,1999,0.4,0,0,0,2,1,0,2,1,2,0,0,0,5,0,1,0,Matches
239,Corentin Jean\Corentin-Jean,fr FRA,FWMF,Toulouse,23,1995,7,1,0,0,9,15,5,16,5,6,1,0,0,51,9,22,29,Matches
240,Benjamin Jeannot\Benjamin-Jeannot,fr FRA,FW,Dijon,26,1992,16,3,0,0,34,22,7,9,7,12,0,0,0,92,53,59,47.3,Matches
241,Jemerson\Jemerson,br BRA,DFMF,Monaco,25,1992,24.7,9,1,1,43,22,1,0,20,36,0,1,0,216,53,28,65.4,Matches
242,Jakob Johansson\Jakob-Johansson,se SWE,MF,Rennes,28,1990,7.9,0,0,0,7,7,0,1,5,13,0,0,0,106,12,9,57.1,Matches
243,Karl-Johan Johnsson\Karl-Johan-Johnsson,se SWE,GK,Guingamp,28,1990,17,0,0,0,0,3,0,0,0,0,0,0,0,95,0,0,,Matches
244,Evens Joseph\Evens-Joseph,fr FRA,FWMF,Caen,19,1999,3.6,0,0,0,4,12,0,1,2,4,1,0,0,22,2,7,22.2,Matches
245,Vuka_in Jovanovi_\Vukasin-Jovanovic,rs SRB,DF,Bordeaux,22,1996,15.3,7,1,0,18,16,0,0,24,13,0,1,0,178,26,27,49.1,Matches
246,Stevan Joveti_\Stevan-Jovetic,me MNE,MFFW,Monaco,28,1989,4.4,1,0,0,5,3,1,3,0,2,0,0,0,26,4,7,36.4,Matches
247,Nathaël Julan\Nathael-Julan,fr FRA,FWMF,Guingamp,22,1996,4.8,1,0,0,4,9,1,2,0,2,0,0,0,27,23,21,52.3,Matches
248,Christopher Jullien\Christopher-Jullien,fr FRA,DF,Toulouse,25,1993,33.5,8,0,0,44,21,2,4,27,26,0,1,0,323,112,29,79.4,Matches
249,Sory Kaba\Sory-Kaba,gn GUI,FWMF,Dijon,23,1995,2.6,0,0,0,12,6,3,0,0,1,0,0,0,19,13,9,59.1,Matches
250,Samuel Kalu\Samuel-Kalu,ng NGA,FW,Bordeaux,20,1997,14.2,3,1,0,19,38,2,38,12,14,1,0,0,99,17,24,41.5,Matches
251,François Kamano\Francois-Kamano,gn GUI,FWMF,Bordeaux,22,1996,28.5,6,0,0,51,50,11,33,18,27,1,0,0,155,4,16,20,Matches
252,Boubacar Kamara\Boubacar-Kamara,fr FRA,DF,Marseille,18,1999,26.8,6,0,0,25,31,1,5,24,33,0,1,0,283,58,37,61.1,Matches
253,Hassane Kamara\Hassane-Kamara,fr FRA,DFFW,Reims,23,1994,10.3,1,0,0,12,10,0,10,15,13,0,1,0,93,8,14,36.4,Matches
254,Wilfried Kanga\Wilfried-Kanga,fr FRA,FW,Angers,20,1998,5.5,3,0,0,11,7,0,5,1,1,1,0,0,19,9,9,50,Matches
255,Yann Karamoh\Yann-Karamoh,fr FRA,FWMF,Bordeaux,20,1998,13.6,2,0,0,12,27,3,37,4,6,0,0,0,84,1,12,7.7,Matches
256,Eiji Kawashima\Eiji-Kawashima,jp JPN,GK,Strasbourg,35,1983,1,0,0,0,0,0,0,0,0,0,0,0,0,8,0,0,,Matches
257,Thilo Kehrer\Thilo-Kehrer,de GER,DF,Paris S-G,21,1996,21.1,4,0,0,26,18,0,8,18,44,0,3,0,194,43,27,61.4,Matches
258,Jules Keita\Jules-Keita,gn GUI,FWMF,Dijon,20,1998,5.1,3,0,0,12,8,4,5,1,4,0,0,0,32,0,4,0,Matches
259,Christophe Kerbrat\Christophe-Kerbrat,fr FRA,DF,Guingamp,31,1986,23.3,3,1,0,7,22,1,3,44,24,0,0,0,263,17,34,33.3,Matches
260,Saîf-Eddine Khaoui\Saif-Eddine-Khaoui,tn TUN,MFFW,Caen,23,1995,15,0,0,0,19,10,0,11,15,7,0,0,0,121,8,12,40,Matches
261,Wahbi Khazri\Wahbi-Khazri,tn TUN,FWMF,Saint-Étienne,27,1991,31.3,10,1,0,56,52,24,63,17,27,3,0,0,150,11,29,27.5,Matches
262,Presnel Kimpembe\Presnel-Kimpembe,fr FRA,DF,Paris S-G,22,1995,22.3,4,1,0,30,41,1,3,24,26,0,0,1,226,22,19,53.7,Matches
263,Djégui Koita\Djegui-Koita,fr FRA,DF,Guingamp,18,1999,1.9,0,0,0,1,1,0,0,1,3,0,0,0,11,0,3,0,Matches
264,Randal Kolo Muani\Randal-Kolo-Muani,fr FRA,FWMF,Nantes,19,1998,1.4,1,0,0,8,1,0,2,0,1,0,0,0,6,1,4,20,Matches
265,Timothée Kolodziejczak\Timothee-Kolodziejczak,fr FRA,DF,Saint-Étienne,26,1991,35.4,7,0,0,31,13,0,38,30,26,0,0,0,318,36,22,62.1,Matches
266,Ghislain Konan\Ghislain-Konan,ci CIV,DF,Reims,22,1995,20,0,0,0,15,29,3,51,25,28,0,1,0,230,19,28,40.4,Matches
267,Moussa Konaté\Moussa-Konate,sn SEN,FW,Amiens,25,1993,20.8,2,0,0,43,38,24,8,5,9,1,0,0,74,40,67,37.4,Matches
268,Kouadio Koné\Kouadio-Kone,fr FRA,MF,Toulouse,17,2001,0.8,0,0,0,1,1,0,0,0,3,0,0,0,4,0,1,0,Matches
269,Lamine Koné\Lamine-Kone,ci CIV,DF,Strasbourg,29,1989,23.9,2,0,0,23,22,0,3,25,19,0,2,0,230,43,23,65.2,Matches
270,Youssouf Koné\Youssouf-Kone,ml MLI,DF,Lille,23,1995,19,3,0,0,18,27,2,53,28,45,0,0,0,142,12,16,42.9,Matches
271,Christian Kouakou\Christian-Kouakou,ci CIV,FW,Caen,27,1991,0.1,0,0,0,0,0,0,0,0,0,0,0,0,,,,,Matches
272,Tomá_ Koubek\Tomas-Koubek,cz CZE,GK,Rennes,25,1992,32.5,1,0,0,0,1,0,0,0,0,0,0,0,149,0,0,,Matches
273,Jules Koundé\Jules-Kounde,fr FRA,DF,Bordeaux,19,1998,37,4,0,0,26,22,0,5,46,23,0,2,0,430,78,64,54.9,Matches
274,Emil Krafth\Emil-Krafth,se SWE,DF,Amiens,23,1994,33,2,0,0,40,36,1,66,17,38,0,0,0,321,30,29,50.8,Matches
275,Rene Krhin\Rene-Krhin,si SVN,MF,Nantes,28,1990,11.7,2,0,0,6,13,0,0,20,13,0,0,0,138,20,10,66.7,Matches
276,Layvin Kurzawa\Layvin-Kurzawa,fr FRA,DFMF,Paris S-G,25,1992,11.2,4,0,0,28,6,6,25,6,14,0,0,0,100,21,12,63.6,Matches
277,Rafa_ Kurzawa\Rafal-Kurzawa,pl POL,FWMF,Amiens,25,1993,2.7,0,0,0,4,6,0,9,4,3,0,0,0,22,3,5,37.5,Matches
278,Enock Kwateng\Enock-Kwateng,fr FRA,DF,Nantes,21,1997,22.7,4,0,0,26,21,1,57,65,32,0,0,0,268,36,18,66.7,Matches
279,Grejohn Kyei\Grejohn-Kyei,fr FRA,FW,Reims,22,1995,0,0,0,0,0,0,0,0,0,0,0,0,0,1,0,0,,Matches
280,Gaëtan Laborde\Gaetan-Laborde,fr FRA,FWMF,Montpellier,24,1994,32.2,1,1,0,37,37,8,53,6,20,0,0,0,191,66,93,41.5,Matches
281,Gaëtan Laborde\Gaetan-Laborde,fr FRA,FW,Bordeaux,24,1994,1,0,0,0,1,0,0,1,0,2,0,0,0,7,4,4,50,Matches
282,Kenny Lala\Kenny-Lala,fr FRA,DFMF,Strasbourg,26,1991,34,4,0,0,34,38,0,108,29,43,0,1,0,333,17,26,39.5,Matches
283,Mohamed Lamine Diaby\Mohamed-Lamine-Diaby,fr FRA,FW,Nice,17,2001,1.8,0,0,0,4,3,3,0,1,1,0,0,0,4,2,10,16.7,Matches
284,Loïck Landre\Loick-Landre,fr FRA,DF,Nîmes,26,1992,17.7,6,1,0,23,16,2,0,14,28,0,0,0,170,26,19,57.8,Matches
285,Johan Larsson\Johan-Larsson,se SWE,DF,Guingamp,28,1990,1,0,0,0,1,0,0,4,2,1,0,0,0,8,0,0,,Matches
286,Paul Lasne\Paul-Lasne,fr FRA,MFDF,Montpellier,29,1989,19.9,5,0,0,31,26,4,37,18,33,0,1,0,190,15,14,51.7,Matches
287,Alexandre Lauray\Alexandre-Lauray,fr FRA,DF,Bordeaux,21,1997,2.9,1,0,0,2,1,0,0,5,5,0,0,0,18,4,5,44.4,Matches
288,Armand Lauriente\Armand-Lauriente,fr FRA,FW,Rennes,19,1998,0,0,0,0,0,0,0,0,0,0,0,0,0,0,0,0,,Matches
289,Wesley Lautoa\Wesley-Lautoa,nc NCL,DFMF,Dijon,30,1987,33.6,12,1,1,53,38,0,2,46,50,0,1,1,339,37,39,48.7,Matches
290,Mickaël Le Bihan\Mickael-Le-Bihan,fr FRA,FW,Nice,28,1990,2.3,2,0,0,2,3,1,2,1,1,0,0,0,12,0,4,0,Matches
291,Damien Le Tallec\Damien-Le-Tallec,fr FRA,MF,Montpellier,28,1990,31.2,3,0,0,55,30,1,5,30,46,0,0,0,368,70,50,58.3,Matches
292,James Lea Siliki\James-Lea-Siliki,fr FRA,MFFW,Rennes,22,1996,13.6,2,0,0,25,25,0,55,10,15,0,0,0,86,4,5,44.4,Matches
293,Rafael Leão\Rafael-Leao,pt POR,FW,Lille,19,1999,14.3,3,0,0,25,17,3,12,2,4,1,0,0,49,19,40,32.2,Matches
294,Benjamin Lecomte\Benjamin-Lecomte,fr FRA,GK,Montpellier,27,1991,37,1,0,0,2,7,0,0,0,0,0,1,0,232,0,0,,Matches
295,Pierre Lees-Melou\Pierre-Lees-Melou,fr FRA,MF,Nice,25,1993,26.6,5,1,0,44,31,2,15,25,49,0,0,0,213,10,14,41.7,Matches
296,Jordan Lefort\Jordan-Lefort,fr FRA,DFMF,Amiens,24,1993,20,4,1,0,16,15,1,15,31,17,0,1,0,217,39,25,60.9,Matches
297,Lukas Lerager\Lukas-Lerager,dk DEN,MF,Bordeaux,25,1993,14.4,4,0,0,21,14,0,4,15,25,0,0,0,172,21,14,60,Matches
298,Igor Lewczuk\Igor-Lewczuk,pl POL,DF,Bordeaux,33,1985,5,0,0,0,4,0,0,1,2,4,0,0,0,47,9,6,60,Matches
299,Aaron Leya Iseka\Aaron-Leya-Iseka,be BEL,FW,Toulouse,20,1997,16,2,1,0,23,14,7,2,1,2,0,0,0,50,21,39,35,Matches
300,Dimitri Liénard\Dimitri-Lienard,fr FRA,MFDF,Strasbourg,30,1988,14.3,1,0,0,5,16,3,34,16,18,0,0,0,148,4,9,30.8,Matches
301,Lucas Lima\Lucas-Lima,br BRA,DFFW,Nantes,26,1991,27.7,6,0,0,46,31,7,135,24,34,0,0,0,316,26,29,47.3,Matches
302,Anthony Limbombe\Anthony-Limbombe,be BEL,FW,Nantes,24,1994,13.7,2,0,0,6,27,9,39,6,10,0,0,0,91,9,11,45,Matches
303,Giovani Lo Celso\Giovani-Lo-Celso,ar ARG,MF,Paris S-G,22,1996,0.1,0,0,0,1,2,0,0,0,2,0,0,0,2,0,0,,Matches
304,Enzo Loiodice\Enzo-Loiodice,fr FRA,MF,Dijon,17,2000,9.4,4,1,1,13,18,0,1,6,16,0,0,0,100,5,6,45.5,Matches
305,Anthony Lopes\Anthony-Lopes,pt POR,GK,Lyon,27,1990,34,0,0,0,1,7,0,0,0,0,0,1,0,152,0,0,,Matches
306,Rony Lopes\Rony-Lopes,pt POR,FWMF,Monaco,22,1995,20.5,1,0,0,16,28,5,64,7,26,0,0,0,118,7,15,31.8,Matches
307,Cristian López\Cristian-Lopez,es ESP,FW,Angers,29,1989,4.1,2,0,0,11,12,1,1,2,10,1,0,0,10,14,21,40,Matches
308,Maxime Lopez\Maxime-Lopez,fr FRA,MF,Marseille,20,1997,24.2,4,0,0,31,15,0,32,13,28,0,0,0,257,5,10,33.3,Matches
309,Albert Lottin\Albert-Lottin,fr FRA,MFFW,Bordeaux,16,2001,0.2,0,0,0,1,0,0,0,0,0,0,0,0,5,0,0,,Matches
310,Imran Louza\Imran-Louza,fr FRA,MF,Nantes,19,1999,1,1,0,0,4,0,0,1,0,1,0,0,0,12,0,0,,Matches
311,Hervé Lybohy\Herve-Lybohy,ne NIG,DF,Nîmes,35,1983,16.4,3,0,0,18,10,0,1,8,15,0,1,0,155,21,21,50,Matches
312,Yann M'Vila\Yann-MVila,fr FRA,MF,Saint-Étienne,28,1990,36.2,5,1,0,24,33,0,7,44,54,0,0,0,431,39,27,59.1,Matches
313,Thiago Maia\Thiago-Maia,br BRA,MF,Lille,21,1997,11.3,4,0,0,18,14,1,3,15,24,0,0,0,158,13,11,54.2,Matches
314,Mike Maignan\Mike-Maignan,fr FRA,GK,Lille,22,1995,38,1,0,0,0,10,0,0,0,0,0,0,0,189,0,0,,Matches
315,Josh Maja\Josh-Maja,ng NGA,FWMF,Bordeaux,19,1998,2.2,1,0,0,4,2,0,0,1,2,0,0,0,10,1,4,20,Matches
316,Abdul Majeed Waris\Abdul-Majeed-Waris,gh GHA,FW,Nantes,26,1991,25,3,0,0,17,73,11,28,9,17,3,0,0,109,7,26,21.2,Matches
317,Jean-Victor Makengo\Jean-Victor-Makengo,fr FRA,FWMF,Nice,20,1998,11.4,3,0,0,12,14,0,6,8,8,0,0,0,61,4,16,20,Matches
318,Antonio Mance\Antonio-Mance,hr CRO,FWMF,Nantes,22,1995,0.6,1,0,0,3,0,0,3,0,1,0,0,0,0,1,3,25,Matches
319,Vincent Manceau\Vincent-Manceau,fr FRA,DF,Angers,29,1989,31,2,0,0,29,35,1,47,38,49,0,0,1,309,18,10,64.3,Matches
320,Steve Mandanda\Steve-Mandanda,fr FRA,GK,Marseille,33,1985,30.4,1,1,0,3,2,0,0,0,0,0,2,0,127,0,0,,Matches
321,Reinildo Mandava\Reinildo-Mandava,mz MOZ,DF,Lille,24,1994,1.1,0,0,0,5,2,0,3,2,3,0,0,0,7,2,1,66.7,Matches
322,Thomas Mangani\Thomas-Mangani,fr FRA,MF,Angers,31,1987,17.8,2,1,0,14,12,0,27,13,30,0,0,0,204,12,22,35.3,Matches
323,Harrison Manzala\Harrison-Manzala,cd COD,MFFW,Angers,24,1994,0.8,0,0,0,1,4,1,2,0,2,0,0,0,6,1,2,33.3,Matches
324,Myziane Maolida\Myziane-Maolida,fr FRA,FWMF,Nice,19,1999,10.6,2,0,0,5,7,3,15,0,7,0,0,0,61,4,8,33.3,Matches
325,Faitout Maouassa\Faitout-Maouassa,fr FRA,DF,Nîmes,20,1998,23.7,2,1,1,13,26,0,55,12,26,0,0,0,186,16,10,61.5,Matches
326,Fernando Marçal\Fernando-Marcal,br BRA,DF,Lyon,29,1989,9.8,2,0,0,9,8,0,12,16,12,0,0,0,122,33,18,64.7,Matches
327,Marcelo\Marcelo,br BRA,DF,Lyon,31,1987,32,6,0,0,33,12,0,5,50,29,0,0,2,414,141,31,82,Matches
328,Mariano\Mariano,do DOM,FW,Lyon,24,1993,1.6,0,0,0,3,1,0,0,1,0,0,0,0,2,2,0,100,Matches
329,Jordan Marié\Jordan-Marie,fr FRA,MF,Dijon,26,1991,20,4,0,0,22,14,0,11,33,34,0,0,0,220,17,20,45.9,Matches
330,Marquinhos\Marquinhos,br BRA,DFMF,Paris S-G,24,1994,29.9,2,1,0,30,11,1,5,23,35,0,0,0,315,60,35,63.2,Matches
331,Jonas Martin\Jonas-Martin,fr FRA,MF,Strasbourg,28,1990,22.9,9,0,0,35,23,0,20,26,31,0,0,0,246,13,14,48.1,Matches
332,Marvin Martin\Marvin-Martin,fr FRA,MFFW,Reims,30,1988,6.9,1,0,0,6,15,1,4,1,3,0,0,0,41,1,12,7.7,Matches
333,Pablo Martinez\Pablo-Martinez,fr FRA,DF,Strasbourg,29,1989,31.3,7,0,0,29,48,0,6,37,28,1,0,0,314,44,31,58.7,Matches
334,Gelson Martins\Gelson-Martins,pt POR,FWMF,Monaco,23,1995,15.4,1,0,0,14,25,2,47,5,22,0,0,0,110,6,16,27.3,Matches
335,Han-Noah Massengo\Han-Noah-Massengo,fr FRA,FWMF,Monaco,17,2001,0.7,0,0,0,0,1,0,2,0,2,0,0,0,3,1,0,100,Matches
336,Eric Maxim Choupo-Moting\Eric-Maxim-Choupo-Moting,cm CMR,FWMF,Paris S-G,29,1989,8.9,0,0,0,16,6,12,4,6,4,0,0,0,40,8,16,33.3,Matches
337,Kylian Mbappé\Kylian-Mbappe,fr FRA,FW,Paris S-G,19,1998,26,5,1,0,19,44,30,48,5,4,4,0,0,80,2,5,28.6,Matches
338,Loïc Mbe Soh\Loic-Mbe-Soh,fr FRA,DF,Paris S-G,17,2001,2,0,0,0,1,0,0,0,0,0,0,0,0,23,8,3,72.7,Matches
339,Nolan Mbemba\Nolan-Mbemba,cg CGO,MFDF,Reims,23,1995,4,0,0,0,3,5,0,2,8,10,0,0,0,61,8,1,88.9,Matches
340,Adama Mbengue\Adama-Mbengue,sn SEN,DF,Caen,24,1993,8.2,3,0,0,21,8,0,21,6,27,0,1,0,90,5,6,45.5,Matches
341,Stéphane Mbia\Stephane-Mbia,cm CMR,DFMF,Toulouse,32,1986,5,1,0,0,5,9,0,0,11,0,0,0,0,40,8,6,57.1,Matches
342,Kara Mbodji\Kara-Mbodji,sn SEN,DF,Nantes,28,1989,5.6,0,0,0,3,7,0,1,4,7,0,0,0,57,10,2,83.3,Matches
343,Jordi Mboula\Jordi-Mboula,es ESP,FW,Monaco,19,1999,3.1,1,0,0,6,4,0,20,1,2,0,0,0,21,1,3,25,Matches
344,Farid El Melali\Farid-El-Melali,dz ALG,FWMF,Angers,21,1997,3.6,1,0,0,7,8,0,4,5,5,0,0,0,39,1,4,20,Matches
345,Pedro Mendes\Pedro-Mendes,pt POR,DF,Montpellier,27,1990,29.6,7,0,0,44,47,0,9,26,35,1,0,0,275,27,36,42.9,Matches
346,Thiago Mendes\Thiago-Mendes,br BRA,MF,Lille,26,1992,34.2,10,0,0,39,66,0,28,51,70,0,2,0,479,21,27,43.8,Matches
347,Stiven Mendoza\Stiven-Mendoza,co COL,FWMF,Amiens,26,1992,20.9,4,0,0,25,45,2,53,9,22,0,0,0,154,8,11,42.1,Matches
348,Alexandre Mendy\Alexandre-Mendy,gw GNB,FW,Guingamp,24,1994,8.5,2,0,0,14,9,10,1,2,3,0,0,0,29,15,28,34.9,Matches
349,Edouard Mendy\Edouard-Mendy,sn SEN,GK,Reims,26,1992,38,3,0,0,2,15,0,1,1,0,0,0,0,227,0,0,,Matches
350,Ferland Mendy\Ferland-Mendy,fr FRA,DF,Lyon,23,1995,28.1,2,0,0,29,42,0,74,25,30,0,1,0,293,39,26,60,Matches
351,Mehdi Merghem\Mehdi-Merghem,fr FRA,FWMF,Guingamp,21,1997,8,3,0,0,12,7,0,20,5,13,0,0,0,74,9,6,60,Matches
352,Romain Métanire\Romain-Metanire,mg MAD,DFMF,Reims,28,1990,3.5,1,1,0,6,5,1,2,4,7,0,1,0,33,1,3,25,Matches
353,Thomas Meunier\Thomas-Meunier,be BEL,DFMF,Paris S-G,26,1991,17.9,2,0,0,23,4,5,59,9,26,1,0,1,180,26,10,72.2,Matches
354,Mexer\Mexer,mz MOZ,DF,Rennes,29,1988,27.4,3,0,0,13,10,0,1,16,12,0,0,0,232,49,22,69,Matches
355,Matt Miazga\Matt-Miazga,us USA,DF,Nantes,23,1995,8,5,0,0,11,4,0,0,9,6,0,1,0,126,23,5,82.1,Matches
356,Clément Michelin\Clement-Michelin,fr FRA,DF,Toulouse,21,1997,1,0,0,0,1,0,0,1,2,1,0,0,0,12,2,1,66.7,Matches
357,Florian Miguel\Florian-Miguel,fr FRA,DF,Nîmes,21,1996,12.4,2,1,1,14,19,1,9,11,11,0,0,0,98,16,18,47.1,Matches
358,Kostas Mitroglou\Kostas-Mitroglou,gr GRE,FW,Marseille,30,1988,6.4,0,0,0,8,5,6,0,0,0,0,0,0,13,8,11,42.1,Matches
359,Stefan Mitrovi_\Stefan-Mitrovic,rs SRB,DF,Strasbourg,28,1990,33.6,8,2,0,19,10,1,0,31,7,0,1,1,268,45,35,56.3,Matches
360,Hakim El Mokeddem\Hakim-El-Mokeddem,br BRA,FWMF,Toulouse,19,1999,0.3,0,0,0,0,0,0,1,0,0,0,0,0,5,1,1,50,Matches
361,Florent Mollet\Florent-Mollet,fr FRA,MFFW,Montpellier,26,1991,28.5,6,1,1,46,33,7,65,17,17,0,0,0,194,8,26,23.5,Matches
362,Thomas Monconduit\Thomas-Monconduit,fr FRA,MF,Amiens,27,1991,31.3,6,0,0,51,43,1,8,23,61,0,0,0,376,40,22,64.5,Matches
363,Kévin Monnet-Paquet\Kevin-Monnet-Paquet,fr FRA,MFDF,Saint-Étienne,29,1988,16.5,4,0,0,22,10,1,28,10,32,0,1,0,153,16,50,24.2,Matches
364,Steven Moreira\Steven-Moreira,fr FRA,DFMF,Toulouse,23,1994,9.6,2,0,0,13,5,2,13,6,6,0,0,0,75,5,8,38.5,Matches
365,Jérémy Morel\Jeremy-Morel,mg MAD,DF,Lyon,34,1984,11.8,4,0,0,13,9,0,0,10,8,0,1,0,130,19,24,44.2,Matches
366,Lebo Mothiba\Lebo-Mothiba,za RSA,FW,Lille,22,1996,2.8,0,0,0,9,1,2,2,0,0,0,0,0,5,3,9,25,Matches
367,Lebo Mothiba\Lebo-Mothiba,za RSA,FW,Strasbourg,22,1996,19.7,3,0,0,50,26,9,18,3,6,2,0,0,57,29,48,37.7,Matches
368,François Moubandje\Francois-Moubandje,ch SUI,DF,Toulouse,28,1990,21.5,3,0,0,24,19,1,43,22,23,0,0,0,230,27,25,51.9,Matches
369,Jessy Moulin\Jessy-Moulin,fr FRA,GK,Saint-Étienne,32,1986,1,0,0,0,0,0,0,0,0,0,0,0,1,11,0,0,,Matches
370,Herman Moussaki\Herman-Moussaki,fr FRA,MFFW,Caen,19,1999,2.3,1,0,0,4,6,0,1,0,3,0,0,0,9,4,13,23.5,Matches
371,Samuel Moutoussamy\Samuel-Moutoussamy,cd COD,MFFW,Nantes,21,1996,18.3,0,0,0,17,11,3,21,5,27,0,0,0,131,8,15,34.8,Matches
372,Ndombe Mubele\Ndombe-Mubele,cd COD,FW,Toulouse,24,1994,5.2,0,0,0,6,13,2,6,1,3,0,0,0,26,3,8,27.3,Matches
373,Benoît Mukinayi\Benoit-Mukinayi,fr FRA,DF,Monaco,17,2001,19.6,4,0,0,13,5,0,0,20,18,1,1,1,173,35,13,72.9,Matches
374,Kévin N'Doram\Kevin-NDoram,fr FRA,DFMF,Monaco,22,1996,2.2,2,0,0,8,2,0,0,4,2,0,0,0,27,3,2,60,Matches
375,Abdallah N'dour\Abdallah-Ndour,sn SEN,DFMF,Strasbourg,24,1993,3.2,0,0,0,3,4,0,7,6,5,0,0,0,34,2,1,66.7,Matches
376,Cheikh N'Doye\Cheikh-NDoye,sn SEN,MF,Angers,32,1986,25.9,4,0,0,32,23,3,17,22,24,1,0,0,222,124,53,70.1,Matches
377,Nathan N'Goumou\Nathan-NGoumou,fr FRA,FW,Toulouse,18,2000,0.8,0,0,0,1,0,0,0,0,1,0,0,0,5,0,1,0,Matches
378,Clinton N'Jie\Clinton-NJie,cm CMR,FWMF,Marseille,24,1993,4,0,0,0,7,3,1,5,0,5,0,0,0,23,5,6,45.5,Matches
379,Georges-Kévin N'Koudou\Georges-Kevin-NKoudou,fr FRA,MF,Monaco,23,1995,0.3,0,0,0,1,3,0,1,0,1,0,0,0,5,0,1,0,Matches
380,Stanley N'Soki\Stanley-NSoki,fr FRA,DF,Paris S-G,19,1999,7.8,2,0,0,9,3,1,8,14,12,0,0,0,78,11,4,73.3,Matches
381,Naldo\Naldo,br BRA,DF,Monaco,35,1982,3.3,0,2,0,3,1,0,0,3,3,0,0,0,23,14,6,70,Matches
382,Aly Ndom\Aly-Ndom,fr FRA,MF,Reims,22,1996,4,1,0,0,8,2,0,0,5,5,0,0,0,43,9,3,75,Matches
383,Aly Ndom\Aly-Ndom,fr FRA,MF,Caen,22,1996,0.5,1,0,0,1,0,0,0,1,0,0,0,0,4,1,0,100,Matches
384,Tanguy Ndombele\Tanguy-Ndombele,fr FRA,MF,Lyon,21,1996,29.9,3,0,0,44,73,0,5,30,53,0,1,0,267,14,12,53.8,Matches
385,Neymar\Neymar,br BRA,MFFW,Paris S-G,26,1992,16,2,0,0,13,58,7,24,4,10,2,0,0,90,5,2,71.4,Matches
386,Yeni Ngbakoto\Yeni-Ngbakoto,cd COD,FWMF,Guingamp,26,1992,6.3,0,0,0,11,8,1,16,4,5,0,0,0,39,13,9,59.1,Matches
387,M'Baye Niang\MBaye-Niang,sn SEN,FW,Rennes,23,1994,19.9,5,0,0,45,45,11,22,9,16,3,0,0,76,33,39,45.8,Matches
388,Casimir Ninga\Casimir-Ninga,td CHA,FWMF,Caen,25,1993,27.4,9,0,0,64,35,15,41,18,32,0,0,0,189,21,49,30,Matches
389,Christopher Nkunku\Christopher-Nkunku,fr FRA,MFFW,Paris S-G,20,1997,12.8,0,0,0,21,30,0,15,11,11,0,0,0,94,10,9,52.6,Matches
390,Arnaud Nordin\Arnaud-Nordin,fr FRA,FWMF,Saint-Étienne,20,1998,11.7,2,0,0,14,35,2,20,8,6,0,0,0,83,13,11,54.2,Matches
391,Gerzino Nyamsi\Gerzino-Nyamsi,fr FRA,DF,Rennes,21,1997,6,1,1,1,13,2,0,0,2,6,0,0,0,31,20,13,60.6,Matches
392,Lucas Ocampos\Lucas-Ocampos,ar ARG,FWMF,Marseille,24,1994,30.1,11,0,0,51,64,6,65,31,55,0,0,0,235,24,50,32.4,Matches
393,Sheyi Ojo\Sheyi-Ojo,eng ENG,FWMF,Reims,21,1997,5.2,0,0,0,3,10,0,13,2,3,0,0,0,27,3,16,15.8,Matches
394,Alexandre Olliero\Alexandre-Olliero,fr FRA,GK,Nantes,22,1996,1,0,0,0,0,0,0,0,0,0,0,0,0,5,0,0,,Matches
395,Prince Oniangué\Prince-Oniangue,cg CGO,MF,Caen,29,1988,26,3,0,0,27,28,1,6,16,35,0,0,0,220,36,38,48.6,Matches
396,Otávio\Otavio,br BRA,MF,Bordeaux,24,1994,31.9,4,0,0,56,24,0,4,27,80,0,0,0,354,17,30,36.2,Matches
397,Remi Oudin\Remi-Oudin,fr FRA,FW,Reims,21,1996,29,4,0,0,32,17,8,57,24,31,0,0,0,201,17,46,27,Matches
398,Ambroise Oyongo\Ambroise-Oyongo,cm CMR,DFMF,Montpellier,27,1991,23.7,5,0,0,25,24,0,63,21,20,0,0,1,171,8,28,22.2,Matches
399,Pablo\Pablo,br BRA,DF,Bordeaux,27,1991,21.5,2,3,0,18,12,1,0,27,20,0,2,0,291,59,19,75.6,Matches
400,Vincent Pajot\Vincent-Pajot,fr FRA,MF,Angers,27,1990,7.9,2,0,0,19,12,1,2,10,14,0,0,0,50,26,15,63.4,Matches
401,Sergi Palencia\Sergi-Palencia,es ESP,DF,Bordeaux,22,1996,22.1,6,0,0,27,26,1,55,15,49,0,1,0,214,15,28,34.9,Matches
402,Nicolas Pallois\Nicolas-Pallois,fr FRA,DF,Nantes,30,1987,24,8,0,0,25,12,2,4,31,42,0,2,0,313,35,21,62.5,Matches
403,Mickaël Panos\Mickael-Panos,fr FRA,DF,Saint-Étienne,21,1997,0.3,0,0,0,0,0,0,1,1,1,0,0,0,1,0,1,0,Matches
404,Elhadji Pape Diaw\Elhadji-Pape-Diaw,sn SEN,DF,Angers,23,1994,0.2,0,0,0,0,0,0,0,0,0,0,0,0,0,1,0,100,Matches
405,Gaëtan Paquiez\Gaetan-Paquiez,fr FRA,DF,Nîmes,24,1994,14.8,5,0,0,18,11,0,14,7,26,0,0,0,134,13,18,41.9,Matches
406,Leandro Paredes\Leandro-Paredes,ar ARG,MF,Paris S-G,24,1994,13.9,1,0,0,14,23,0,7,11,17,0,0,0,119,7,8,46.7,Matches
407,Mateo Pavlovi_\Mateo-Pavlovic,ba BIH,DF,Angers,28,1990,27.7,7,1,0,29,10,0,2,11,20,0,0,0,192,42,25,62.7,Matches
408,Dimitri Payet\Dimitri-Payet,fr FRA,MFFW,Marseille,31,1987,21.2,3,0,0,13,34,2,92,2,7,1,0,0,116,2,9,18.2,Matches
409,Stef Peeters\Stef-Peeters,be BEL,MF,Caen,26,1992,4.5,0,0,0,9,1,0,3,5,7,0,0,0,27,0,0,,Matches
410,Pelé\Pele,gw GNB,MF,Monaco,26,1991,5.2,1,0,0,9,7,0,1,4,4,1,0,0,58,6,5,54.5,Matches
411,Yohann Pelé\Yohann-Pele,fr FRA,GK,Marseille,35,1982,7.6,0,0,0,0,1,0,0,0,0,0,0,0,39,0,0,,Matches
412,Maxime Pélican\Maxime-Pelican,fr FRA,FW,Nice,20,1998,1,0,0,0,1,1,0,1,0,0,0,0,0,6,0,8,0,Matches
413,Pietro Pellegri\Pietro-Pellegri,it ITA,FWMF,Monaco,17,2001,0.9,1,0,0,4,2,0,1,1,1,0,0,0,4,1,4,20,Matches
414,Théo Pellenard\Theo-Pellenard,fr FRA,DF,Angers,24,1994,5.5,0,0,0,10,1,0,13,6,8,0,0,0,35,10,1,90.9,Matches
415,Andy Pelmard\Andy-Pelmard,fr FRA,DF,Nice,18,2000,3.1,0,0,0,4,2,0,0,1,3,0,0,0,31,3,2,60,Matches
416,Nicolas Pépé\Nicolas-Pepe,ci CIV,FWMF,Lille,23,1995,36.9,1,0,0,27,108,12,59,10,17,5,0,0,206,31,28,52.5,Matches
417,Loïc Perrin\Loic-Perrin,fr FRA,DF,Saint-Étienne,32,1985,30,2,0,0,26,20,0,3,28,31,0,3,0,301,72,26,73.5,Matches
418,Matthias Phaeton\Matthias-Phaeton,fr FRA,FWMF,Guingamp,18,2000,0.6,0,0,0,1,2,0,0,0,1,0,0,0,3,0,3,0,Matches
419,Lebogang Phiri\Lebogang-Phiri,za RSA,MF,Guingamp,23,1994,21.4,3,0,0,25,13,0,2,23,41,1,0,0,238,13,17,43.3,Matches
420,Jérémy Pied\Jeremy-Pied,fr FRA,DF,Lille,29,1989,5.2,0,0,0,6,5,0,9,3,6,0,0,0,51,6,11,35.3,Matches
421,Ronaël Pierre-Gabriel\Ronael-Pierre-Gabriel,fr FRA,DF,Monaco,20,1998,3.9,1,0,0,5,6,0,2,2,6,0,0,0,33,5,5,50,Matches
422,Erik Pieters\Erik-Pieters,nl NED,DF,Amiens,29,1988,14,2,0,0,18,23,0,26,11,35,0,0,0,153,20,13,60.6,Matches
423,Virgile Pinson\Virgile-Pinson,fr FRA,FW,Reims,22,1996,0.1,0,0,0,0,0,0,1,0,0,0,0,0,2,0,0,,Matches
424,Lenny Pintor\Lenny-Pintor,fr FRA,FW,Lyon,17,2000,0,0,0,0,0,0,0,0,0,0,0,0,0,0,0,0,,Matches
425,Facundo Píriz\Facundo-Piriz,uy URU,MF,Montpellier,28,1990,1.3,0,0,0,2,0,0,0,3,3,0,0,0,16,5,4,55.6,Matches
426,Jaroslav Pla_il\Jaroslav-Plasil,cz CZE,MF,Bordeaux,36,1982,16,2,0,0,19,25,0,12,16,28,0,0,0,171,17,17,50,Matches
427,Morgan Poaty\Morgan-Poaty,cg CGO,MF,Montpellier,21,1997,1,0,0,0,0,3,0,5,0,0,0,0,0,8,0,0,,Matches
428,Denis-Will Poha\Denis-Will-Poha,fr FRA,MF,Rennes,21,1997,0.3,0,0,0,1,1,0,1,0,0,0,0,0,4,0,0,,Matches
429,Pierre-Yves Polomat\Pierre-Yves-Polomat,fr FRA,DFMF,Saint-Étienne,24,1993,10.6,2,0,0,12,6,1,33,13,14,0,0,0,91,11,15,42.3,Matches
430,Maxime Poundjé\Maxime-Poundje,fr FRA,DF,Bordeaux,25,1992,28.2,4,0,0,26,20,1,83,21,23,0,0,0,229,33,27,55,Matches
431,Gaëtan Poussin\Gaetan-Poussin,fr FRA,GK,Bordeaux,19,1999,1,0,0,0,0,1,0,0,0,0,0,0,0,4,0,0,,Matches
432,Sanjin Prci_\Sanjin-Prcic,ba BIH,MF,Strasbourg,24,1993,11.7,1,0,0,11,4,0,12,14,14,0,0,0,135,12,5,70.6,Matches
433,Nicolas de Préville\Nicolas-de-Preville,fr FRA,FWMF,Bordeaux,27,1991,14.1,5,0,0,44,36,4,32,7,20,0,1,0,100,24,20,54.5,Matches
434,Adrien Rabiot\Adrien-Rabiot,fr FRA,MF,Paris S-G,23,1995,11.8,3,0,0,23,8,0,0,9,23,0,0,1,118,10,8,55.6,Matches
435,Nemanja Radonji_\Nemanja-Radonjic,rs SRB,FW,Marseille,22,1996,7.6,2,0,0,6,3,5,13,2,5,0,1,0,36,2,10,16.7,Matches
436,Rafael\Rafael,br BRA,DF,Lyon,28,1990,11.4,4,1,0,21,20,2,36,11,15,0,0,1,112,12,7,63.2,Matches
437,Andrea Raggi\Andrea-Raggi,it ITA,DFMF,Monaco,34,1984,5.5,1,1,0,1,6,1,7,5,4,0,0,0,33,1,2,33.3,Matches
438,Baba Rahman\Baba-Rahman,gh GHA,DF,Reims,24,1994,10.7,3,0,0,15,14,0,4,19,17,0,0,0,102,16,22,42.1,Matches
439,Adil Rami\Adil-Rami,fr FRA,DF,Marseille,32,1985,15.7,2,0,0,17,11,2,1,7,11,0,3,0,206,41,12,77.4,Matches
440,Pedro Rebocho\Pedro-Rebocho,pt POR,DF,Guingamp,23,1995,36,4,0,0,21,36,2,125,28,35,0,1,0,390,35,33,51.5,Matches
441,Jeff Reine-Adélaïde\Jeff-Reine-Adelaide,fr FRA,FWMF,Angers,20,1998,28.4,2,0,0,31,68,4,9,23,24,1,0,0,194,9,25,26.5,Matches
442,Loïc Rémy\Loic-Remy,fr FRA,FW,Lille,31,1987,13.4,3,0,0,18,10,10,3,0,3,1,0,0,40,20,42,32.3,Matches
443,Baptiste Reynet\Baptiste-Reynet,fr FRA,GK,Toulouse,27,1990,30,0,1,0,1,10,0,0,0,0,0,0,1,160,0,0,,Matches
444,Kévin Rimane\Kevin-Rimane,gf GUF,MF,Paris S-G,27,1991,0.1,0,0,0,0,0,0,0,0,0,0,0,0,0,0,0,,Matches
445,Renaud Ripart\Renaud-Ripart,fr FRA,FWDF,Nîmes,25,1993,33.4,2,0,0,37,72,8,48,23,43,0,0,0,245,79,115,40.7,Matches
446,Mihailo Risti_\Mihailo-Ristic,rs SRB,DF,Montpellier,22,1995,3.6,0,0,0,3,5,0,5,5,8,0,0,0,18,4,4,50,Matches
447,Christopher Rocchia\Christopher-Rocchia,fr FRA,DF,Marseille,20,1998,0,0,0,0,0,0,0,1,0,0,0,0,0,0,0,0,,Matches
448,Kenny Rocha Santos\Kenny-Rocha-Santos,cv CPV,DF,Saint-Étienne,18,2000,0,0,0,0,0,0,0,0,0,0,0,0,0,0,0,0,,Matches
449,Ronny Rodelin\Ronny-Rodelin,fr FRA,MFFW,Guingamp,28,1989,8.8,0,0,0,10,9,3,7,3,5,0,0,0,55,35,14,71.4,Matches
450,Rolando\Rolando,pt POR,DF,Marseille,32,1985,8.9,2,0,0,8,2,0,0,4,12,0,0,0,91,16,14,53.3,Matches
451,Alaixys Romao\Alaixys-Romao,tg TOG,MF,Reims,34,1984,35.1,8,1,0,87,81,0,9,42,70,0,0,0,432,40,46,46.5,Matches
452,Valentin Rongier\Valentin-Rongier,fr FRA,MF,Nantes,23,1994,35.8,3,0,0,46,32,3,50,28,50,0,0,0,374,23,34,40.4,Matches
453,Valentin Rosier\Valentin-Rosier,fr FRA,DFMF,Dijon,21,1996,16.2,2,0,0,36,19,3,19,23,24,0,0,0,168,12,10,54.5,Matches
454,Nolan Roux\Nolan-Roux,fr FRA,FW,Guingamp,30,1988,17.1,2,0,0,25,37,6,6,2,8,0,0,0,62,39,49,44.3,Matches
455,Stéphane Ruffier\Stephane-Ruffier,fr FRA,GK,Saint-Étienne,31,1986,37,1,0,0,1,0,0,0,0,0,0,1,0,202,0,0,,Matches
456,Idriss Saadi\Idriss-Saadi,dz ALG,MF,Strasbourg,26,1992,0.1,0,0,0,0,0,1,0,0,0,0,0,0,0,0,0,,Matches
457,Youssouf Sabaly\Youssouf-Sabaly,sn SEN,DF,Bordeaux,25,1993,21.2,3,0,0,31,30,3,41,22,26,0,0,0,242,15,26,36.6,Matches
458,Ihsan Sacko\Ihsan-Sacko,fr FRA,FW,Nice,21,1997,4.9,0,1,0,12,6,4,3,3,6,1,0,0,22,4,11,26.7,Matches
459,Wesley Saïd\Wesley-Said,fr FRA,FWMF,Dijon,23,1995,25,4,0,0,50,16,7,33,8,17,0,0,0,110,13,28,31.7,Matches
460,Allan Saint-Maximin\Allan-Saint-Maximin,fr FRA,FWMF,Nice,21,1997,32.2,2,0,0,12,68,8,102,5,7,2,0,0,176,16,20,44.4,Matches
461,Théo Sainte-Luce\Theo-Sainte-Luce,fr FRA,FW,Nîmes,19,1998,0,0,0,0,0,0,0,0,0,0,0,0,0,0,0,0,,Matches
462,Hiroki Sakai\Hiroki-Sakai,jp JPN,DF,Marseille,28,1990,26.4,3,0,0,33,25,1,44,17,28,0,1,0,289,58,30,65.9,Matches
463,Diafra Sakho\Diafra-Sakho,sn SEN,FW,Rennes,28,1989,1.6,0,0,0,0,1,2,1,1,2,0,0,0,7,3,0,100,Matches
464,Emiliano Sala\Emiliano-Sala,ar ARG,FW,Nantes,27,1990,15.2,0,0,0,16,34,14,7,3,6,1,0,0,62,15,40,27.3,Matches
465,William Saliba\William-Saliba,fr FRA,DF,Saint-Étienne,17,2001,14.2,1,0,0,10,10,0,2,17,26,0,2,0,136,29,13,69,Matches
466,Yannis Salibur\Yannis-Salibur,fr FRA,FW,Guingamp,27,1991,0.2,0,0,0,0,0,0,0,0,0,0,0,0,0,0,0,,Matches
467,Yannis Salibur\Yannis-Salibur,fr FRA,FWMF,Saint-Étienne,27,1991,9.8,2,1,1,21,30,6,28,8,11,1,0,0,60,5,14,26.3,Matches
468,Brice Samba\Brice-Samba,cg CGO,GK,Caen,24,1994,38,1,0,0,0,3,0,0,0,0,0,0,0,175,0,0,,Matches
469,Junior Sambia\Junior-Sambia,fr FRA,MFFW,Montpellier,21,1996,10.3,3,0,0,20,24,4,20,6,9,0,0,0,79,11,11,50,Matches
470,Frédéric Sammaritano\Frederic-Sammaritano,fr FRA,FWMF,Dijon,32,1986,6,3,1,1,14,6,0,13,4,11,0,0,0,42,2,10,16.7,Matches
471,Ibrahim Sangaré\Ibrahim-Sangare,ci CIV,MF,Toulouse,20,1997,27.4,7,0,0,51,38,3,13,22,77,0,0,0,343,31,24,56.4,Matches
472,Younousse Sankharé\Younousse-Sankhare,sn SEN,MF,Bordeaux,28,1989,16.4,6,0,0,35,35,5,1,11,10,1,0,0,128,15,17,46.9,Matches
473,Baissama Sankoh\Baissama-Sankoh,gn GUI,MFFW,Caen,26,1992,7.2,2,1,0,9,11,0,3,3,5,0,0,0,59,11,10,52.4,Matches
474,Yaya Sanogo\Yaya-Sanogo,fr FRA,FW,Toulouse,25,1993,13.8,3,0,0,41,27,5,3,2,1,3,1,0,57,41,47,46.6,Matches
475,Morgan Sanson\Morgan-Sanson,fr FRA,MF,Marseille,23,1994,26.7,9,0,0,52,50,2,40,35,46,0,0,0,293,19,30,38.8,Matches
476,Baptiste Santamaria\Baptiste-Santamaria,fr FRA,MF,Angers,23,1995,36.1,2,0,0,51,49,1,7,58,89,0,0,0,436,29,27,51.8,Matches
477,Bouna Sarr\Bouna-Sarr,gn GUI,DFFW,Marseille,26,1992,24.9,3,1,1,37,32,3,67,30,52,0,0,0,271,32,20,61.5,Matches
478,Ismaila Sarr\Ismaila-Sarr,sn SEN,FWMF,Rennes,20,1998,31,6,0,0,40,98,10,53,15,20,3,0,0,159,15,26,36.6,Matches
479,Malang Sarr\Malang-Sarr,fr FRA,DF,Nice,19,1999,33.3,1,0,0,31,30,0,10,51,24,0,1,1,312,42,21,66.7,Matches
480,Téji Savanier\Teji-Savanier,fr FRA,MF,Nîmes,26,1991,31.8,6,1,0,49,96,0,66,44,63,0,0,0,447,34,32,51.5,Matches
481,Stanley Segarel\Stanley-Segarel,fr FRA,FWMF,Amiens,24,1994,0.2,0,0,0,1,0,0,0,0,0,0,0,0,0,1,0,100,Matches
482,Ole Selnæs\Ole-Selnaes,no NOR,MF,Saint-Étienne,24,1994,18.5,6,0,0,30,12,1,5,16,23,0,0,0,210,15,21,41.7,Matches
483,Matz Sels\Matz-Sels,be BEL,GK,Strasbourg,26,1992,37,2,0,0,1,6,0,0,0,0,0,0,0,180,0,0,,Matches
484,Julien Serrano\Julien-Serrano,fr FRA,MFDF,Monaco,20,1998,1.3,1,0,0,2,1,1,3,3,4,0,0,0,6,1,1,50,Matches
485,Grégory Sertic\Gregory-Sertic,fr FRA,MF,Marseille,28,1989,1.2,1,0,0,3,0,0,1,1,0,0,0,0,23,2,0,100,Matches
486,Gen Shoji\Gen-Shoji,jp JPN,DF,Toulouse,25,1992,18,2,0,0,10,9,0,0,19,20,0,0,0,186,16,21,43.2,Matches
487,Djibril Sidibé\Djibril-Sidibe,fr FRA,DFMF,Monaco,26,1992,23.1,5,0,0,38,33,9,71,24,31,0,2,0,218,26,25,51,Matches
488,Kalidou Sidibé\Kalidou-Sidibe,fr FRA,MF,Toulouse,19,1999,14,8,0,0,38,14,0,3,12,20,0,0,0,210,52,25,67.5,Matches
489,Jordan Siebatcheu\Jordan-Siebatcheu,us USA,FW,Rennes,22,1996,6.8,0,0,0,13,7,2,1,1,6,1,0,0,26,7,14,33.3,Matches
490,Adrien Silva\Adrien-Silva,pt POR,MF,Monaco,29,1989,13.2,6,0,0,22,16,0,3,7,28,0,0,0,201,16,10,61.5,Matches
491,Gabriel Silva\Gabriel-Silva,br BRA,DFMF,Saint-Étienne,27,1991,15.9,1,0,0,18,30,2,25,16,11,0,0,0,140,21,22,48.8,Matches
492,Thiago Silva\Thiago-Silva,br BRA,DF,Paris S-G,33,1984,23.1,4,0,0,20,25,2,1,14,10,0,2,0,243,39,15,72.2,Matches
493,Giovanni Sio\Giovanni-Sio,ci CIV,FW,Montpellier,29,1989,0.7,0,0,0,2,2,1,1,0,0,0,0,0,5,3,1,75,Matches
494,Ibrahima Sissoko\Ibrahima-Sissoko,fr FRA,MF,Strasbourg,20,1997,29.6,9,0,0,73,28,0,15,28,40,0,0,0,328,44,39,53,Matches
495,Ellyes Skhiri\Ellyes-Skhiri,tn TUN,MF,Montpellier,23,1995,34.3,5,0,0,42,33,0,12,42,66,0,0,0,406,36,22,62.1,Matches
496,Petar _kuleti_\Petar-Skuletic,rs SRB,FWMF,Montpellier,28,1990,6.7,0,0,0,17,7,4,3,1,5,1,0,0,40,29,20,59.2,Matches
497,Naïm Sliti\Naim-Sliti,tn TUN,MFFW,Dijon,26,1992,25.4,2,0,0,32,70,9,40,14,28,1,0,0,178,4,27,12.9,Matches
498,Oumar Solet\Oumar-Solet,fr FRA,DF,Lyon,18,2000,0.7,1,0,0,2,0,0,0,1,0,0,0,0,12,3,0,100,Matches
499,Jérémy Sorbon\Jeremy-Sorbon,fr FRA,DF,Guingamp,34,1983,29.4,2,0,0,26,27,1,0,26,31,0,0,0,295,48,40,54.5,Matches
500,Adama Soumaoro\Adama-Soumaoro,fr FRA,DF,Lille,26,1992,19.1,6,1,1,26,21,0,0,13,16,0,0,0,186,28,17,62.2,Matches
501,Boubakary Soumaré\Boubakary-Soumare,fr FRA,MF,Lille,19,1999,6.3,2,0,0,6,8,0,1,7,16,0,0,0,60,5,7,41.7,Matches
502,Bassem Srarfi\Bassem-Srarfi,tn TUN,FWMF,Nice,21,1997,9.1,2,0,0,14,21,4,12,2,13,0,0,0,61,5,10,33.3,Matches
503,Timo Stavitski\Timo-Stavitski,fi FIN,FW,Caen,19,1999,0.2,0,0,0,0,0,0,0,0,0,0,0,0,0,0,0,,Matches
504,Kevin Strootman\Kevin-Strootman,nl NED,MF,Marseille,28,1990,21.6,7,0,0,36,9,2,14,18,40,0,0,0,257,27,30,47.4,Matches
505,Mathías Suárez\Mathias-Suarez,uy URU,DF,Montpellier,22,1996,6.1,2,0,0,15,16,1,17,6,7,0,0,0,46,8,7,53.3,Matches
506,Danijel Suba_i_\Danijel-Subasic,hr CRO,GK,Monaco,33,1984,12.6,1,0,0,1,2,0,0,0,0,0,0,0,53,0,0,,Matches
507,Neven Suboti_\Neven-Subotic,rs SRB,DF,Saint-Étienne,29,1988,23.9,2,1,0,12,5,0,2,27,20,0,0,0,244,28,14,66.7,Matches
508,Sanasi Sy\Sanasi-Sy,fr FRA,MF,Amiens,19,1999,0,0,0,0,0,0,0,0,0,0,0,0,0,1,0,0,,Matches
509,Seydou Sy\Seydou-Sy,sn SEN,GK,Monaco,22,1995,2.5,0,0,0,0,0,0,0,0,0,0,0,0,12,0,0,,Matches
510,Issiaga Sylla\Issiaga-Sylla,gn GUI,DFMF,Toulouse,24,1994,22.2,5,0,0,34,15,2,40,31,38,0,0,0,251,41,33,55.4,Matches
511,Moussa Sylla\Moussa-Sylla,fr FRA,FWMF,Monaco,18,1999,8.5,1,0,0,8,13,1,7,2,7,1,0,0,51,11,29,27.5,Matches
512,Eddy Sylvestre\Eddy-Sylvestre,fr FRA,FW,Nice,18,1999,3,0,0,0,4,6,0,2,4,2,0,0,0,14,0,2,0,Matches
513,Franck Tabanou\Franck-Tabanou,fr FRA,DF,Guingamp,29,1989,2,0,0,0,3,2,0,0,5,1,0,1,0,10,2,3,40,Matches
514,Flavien Tait\Flavien-Tait,fr FRA,MFFW,Angers,25,1993,33.2,2,0,0,33,69,5,95,19,29,2,0,0,253,7,15,31.8,Matches
515,Adrien Tameze\Adrien-Tameze,cm CMR,MF,Nice,24,1994,32.7,7,0,0,46,37,0,7,33,52,0,1,0,269,27,26,50.9,Matches
516,Ciprian T_t_ru_anu\Ciprian-Tatarusanu,ro ROU,GK,Nantes,32,1986,26.6,0,0,0,0,3,0,1,0,0,0,0,0,166,0,0,,Matches
517,Júlio Tavares\Julio-Tavares,cv CPV,FW,Dijon,29,1988,31.2,4,0,0,44,43,15,18,8,9,0,0,0,125,198,174,53.2,Matches
518,Malik Tchokounté\Malik-Tchokounte,fr FRA,FWMF,Caen,29,1988,16.4,3,0,0,49,30,11,7,8,8,1,0,0,105,74,53,58.3,Matches
519,Aurélien Tchouaméni\Aurelien-Tchouameni,fr FRA,MF,Bordeaux,18,2000,7.8,3,0,0,17,8,1,3,10,16,0,0,0,67,9,15,37.5,Matches
520,Martin Terrier\Martin-Terrier,fr FRA,FW,Lyon,21,1997,16.5,2,0,0,13,12,5,14,8,9,0,0,0,98,21,21,50,Matches
521,Kenny Tete\Kenny-Tete,nl NED,DF,Lyon,22,1995,11.6,1,0,0,20,12,1,46,19,15,0,0,0,123,14,17,45.2,Matches
522,Florian Thauvin\Florian-Thauvin,fr FRA,FWMF,Marseille,25,1993,29,5,1,0,30,48,10,73,10,17,1,0,0,148,16,21,43.2,Matches
523,Sada Thioub\Sada-Thioub,sn SEN,FWMF,Nîmes,23,1995,27.5,3,0,0,39,28,3,73,11,26,1,0,0,201,16,28,36.4,Matches
524,Romain Thomas\Romain-Thomas,fr FRA,DF,Angers,30,1988,26.6,4,0,0,27,17,0,0,19,30,2,1,1,230,46,29,61.3,Matches
525,Adrien Thomasson\Adrien-Thomasson,fr FRA,MFFW,Strasbourg,24,1993,27.5,5,1,1,27,42,6,35,11,30,0,1,0,207,9,34,20.9,Matches
526,Marcus Thuram\Marcus-Thuram,fr FRA,FWMF,Guingamp,20,1997,28.6,4,2,0,44,43,8,58,8,36,2,1,0,184,85,82,50.9,Matches
527,Youri Tielemans\Youri-Tielemans,be BEL,MF,Monaco,21,1997,18.7,5,0,0,23,31,1,15,10,28,0,0,0,216,15,12,55.6,Matches
528,Cheick Timite\Cheick-Timite,ci CIV,FWMF,Amiens,20,1997,16.2,2,0,0,43,25,1,23,7,17,0,1,0,93,12,30,28.6,Matches
529,Jean-Clair Todibo\Jean-Clair-Todibo,fr FRA,DF,Toulouse,18,1999,9.3,3,1,1,12,5,0,0,8,18,1,1,0,110,10,12,45.5,Matches
530,Abdoulaye Touré\Abdoulaye-Toure,fr FRA,MF,Nantes,24,1994,30.5,4,1,0,29,47,1,18,40,32,1,0,0,342,38,43,46.9,Matches
531,Almamy Touré\Almamy-Toure,ml MLI,DF,Monaco,22,1996,3.8,0,0,0,5,2,0,3,6,8,0,0,0,27,7,2,77.8,Matches
532,Lucas Tousart\Lucas-Tousart,fr FRA,MF,Lyon,21,1997,19.2,3,2,2,26,18,1,3,18,44,0,0,1,216,24,28,46.2,Matches
533,Adama Traoré\Adama-Traore,ml MLI,MFFW,Monaco,23,1995,2.7,0,0,0,3,3,0,1,3,1,0,0,0,13,5,3,62.5,Matches
534,Bertrand Traoré\Bertrand-Traore,bf BFA,FW,Lyon,22,1995,23.5,5,0,0,20,45,18,33,20,14,3,0,0,130,14,23,37.8,Matches
535,Charles Traore\Charles-Traore,ml MLI,DF,Nantes,26,1992,12.9,3,0,0,26,22,0,24,14,27,0,1,0,114,21,15,58.3,Matches
536,Cheick Traoré\Cheick-Traore,ml MLI,DF,Guingamp,23,1995,16.8,3,0,0,25,11,1,46,8,28,0,1,0,129,22,20,52.4,Matches
537,Gaoussou Traoré\Gaoussou-Traore,fr FRA,MF,Amiens,18,1999,1.2,1,0,0,1,4,0,0,0,4,0,0,0,10,3,0,100,Matches
538,Hamari Traoré\Hamari-Traore,ml MLI,DF,Rennes,26,1992,33,7,0,0,49,26,5,66,38,31,0,0,0,352,29,42,40.8,Matches
539,Ismaël Traoré\Ismael-Traore,ci CIV,DF,Angers,31,1986,29.3,2,1,0,14,6,2,1,43,25,1,1,0,218,22,23,48.9,Matches
540,Driss Trichard\Driss-Trichard,fr FRA,DF,Bordeaux,23,1995,1,0,0,0,2,1,0,2,0,1,0,0,0,12,0,1,0,Matches
541,Valentín Vada\Valentin-Vada,ar ARG,MF,Saint-Étienne,22,1996,4.5,1,0,0,8,9,0,2,6,3,0,0,0,51,2,3,40,Matches
542,Valentín Vada\Valentin-Vada,ar ARG,MF,Bordeaux,22,1996,0.4,0,0,0,0,1,0,0,0,0,0,0,0,3,0,0,,Matches
543,William Vainqueur\William-Vainqueur,fr FRA,MF,Monaco,29,1988,0.9,0,0,0,0,1,0,0,1,5,0,0,0,14,2,1,66.7,Matches
544,Pierrick Valdivia\Pierrick-Valdivia,fr FRA,MF,Nîmes,30,1988,0.3,0,0,0,0,1,0,0,1,1,0,0,0,2,1,0,100,Matches
545,Theo Valls\Theo-Valls,fr FRA,MF,Nîmes,22,1995,19.7,2,0,0,19,12,0,10,11,20,1,0,0,211,16,16,50,Matches
546,Marco Verratti\Marco-Verratti,it ITA,MF,Paris S-G,25,1992,20.9,7,0,0,36,56,0,6,13,47,0,0,0,196,1,12,7.7,Matches
547,Carlos Vinícius\Carlos-Vinicius,br BRA,FWMF,Monaco,23,1995,5.8,3,0,0,13,7,8,4,1,2,1,0,0,34,10,16,38.5,Matches
548,Paul Wade\Paul-Wade,fr FRA,FW,Nice,18,2000,0.1,0,0,0,0,0,0,0,0,0,0,0,0,0,0,0,,Matches
549,Anthony Walongwa\Anthony-Walongwa,cd COD,DF,Nantes,24,1993,1,0,0,0,1,0,0,0,0,0,0,0,0,9,4,0,100,Matches
550,Rémi Walter\Remi-Walter,fr FRA,MFFW,Nice,23,1995,9.3,1,0,0,9,14,0,4,8,12,0,0,0,78,6,6,50,Matches
551,Timothy Weah\Timothy-Weah,us USA,FW,Paris S-G,18,2000,0.6,1,0,0,2,0,0,1,0,1,0,0,0,2,1,0,100,Matches
552,Xeka\Xeka,pt POR,MF,Lille,23,1994,25.1,10,0,0,56,28,0,8,15,37,0,0,0,254,24,28,46.2,Matches
553,Cédric Yamberé\Cedric-Yambere,cf CTA,DF,Dijon,27,1990,31.2,4,0,0,32,33,2,0,22,23,0,0,0,271,39,50,43.8,Matches
554,Elie Youan\Elie-Youan,fr FRA,FW,Nantes,19,1999,0.2,0,0,0,0,0,0,2,0,0,0,0,0,2,1,0,100,Matches
555,Zaydou Youssouf\Zaydou-Youssouf,fr FRA,FWMF,Bordeaux,19,1999,4.7,1,0,0,9,12,1,4,3,3,0,0,0,21,5,7,41.7,Matches
556,Younn Zahary\Younn-Zahary,km COM,DF,Caen,19,1998,8.2,3,0,0,12,3,0,2,9,8,0,3,0,62,11,18,37.9,Matches
557,Mehdi Zeffane\Mehdi-Zeffane,dz ALG,DF,Rennes,26,1992,13.5,4,0,0,12,5,1,21,14,10,0,0,0,100,12,12,50,Matches
558,Arton Zekaj\Arton-Zekaj,xk KVX,FW,Lille,18,2000,0,0,0,0,0,0,0,0,0,0,0,0,0,0,0,0,,Matches
559,Mootaz Zemzemi\Mootaz-Zemzemi,tn TUN,FWMF,Strasbourg,18,1999,0,0,0,0,0,0,0,0,0,1,0,0,0,1,0,0,,Matches
560,Arber Zeneli\Arber-Zeneli,xk KVX,FWMF,Reims,23,1995,9,0,0,0,8,12,2,22,1,6,0,0,0,76,2,1,66.7,Matches
561,Kévin Zohi\Kevin-Zohi,ml MLI,FWMF,Strasbourg,21,1996,7,0,0,0,7,10,2,10,2,10,0,0,0,37,3,7,30,Matches
562,Bongani Zungu\Bongani-Zungu,za RSA,MF,Amiens,25,1992,2.6,2,0,0,5,5,0,0,2,4,0,0,0,30,0,5,0,Matches