Player,Nation,Pos,Squad,Age,Born,90s,CrdY,CrdR,2CrdY,Fls,Fld,Off,Crs,Int,TklW,PKwon,PKcon,OG,Recov,Won,Lost,Won%,Matches
Sabit Abdulai\Sabit-Abdulai,gh GHA,MF,Getafe,21-353,1999,0.6,0,0,0,0,1,0,1,1,0,0,0,0,4,0,1,0,Matches
Marcos Acuña\Marcos-Acuna,ar ARG,DF,Sevilla,29-183,1991,22.5,4,0,0,39,28,1,67,22,43,0,2,0,196,18,29,38.3,Matches
Bobby Adekanye\Bobby-Adekanye,nl NED,FWMF,Cádiz,22-074,1999,0.4,0,0,0,1,0,0,2,0,0,0,0,0,4,0,0,,Matches
Martin Agirregabiria\Martin-Agirregabiria,es ESP,DFMF,Alavés,24-354,1996,14.3,1,0,0,20,19,1,18,31,12,0,0,0,96,13,20,39.4,Matches
Joseph Aidoo\Joseph-Aidoo,gh GHA,DF,Celta Vigo,25-212,1995,12.6,3,0,0,12,13,1,1,13,17,0,0,0,137,41,38,51.9,Matches
Carlos Akapo\Carlos-Akapo,gq EQG,DF,Cádiz,28-048,1993,6.4,3,1,1,8,2,0,12,6,9,0,0,0,60,12,5,70.6,Matches
Paul Akouokou\Paul-Akouokou,ci CIV,MF,Betis,23-130,1997,4.2,5,1,1,11,2,0,2,6,8,0,0,0,37,8,8,50,Matches
Jony Álamo\Jony-Alamo,es ESP,MF,Elche,19-216,2001,0.8,0,0,0,0,2,0,0,0,1,0,0,0,7,0,1,0,Matches
Jordi Alba\Jordi-Alba,es ESP,DF,Barcelona,32-039,1989,28.1,8,0,0,19,14,10,90,36,21,0,0,1,249,4,12,25,Matches
Raúl Albiol\Raul-Albiol,es ESP,DF,Villarreal,35-237,1985,30.6,7,0,0,11,16,1,3,22,16,0,1,0,280,54,44,55.1,Matches
Paco Alcácer\Paco-Alcacer,es ESP,FW,Villarreal,27-242,1993,15.4,0,0,0,7,7,16,5,6,4,0,0,0,39,9,40,18.4,Matches
Pedro Alcalá\Pedro-Alcala,es ESP,DF,Cádiz,32-041,1989,8,2,0,0,12,5,1,0,17,7,0,0,1,42,15,14,51.7,Matches
Rubén Alcaraz\Ruben-Alcaraz,es ESP,MF,Valladolid,29-363,1991,22.4,9,0,0,43,39,0,5,26,36,0,0,0,272,53,54,49.5,Matches
Iván Alejo\Ivan-Alejo,es ESP,MFFW,Cádiz,26-078,1995,6.6,4,0,0,20,19,4,35,2,9,0,0,0,36,14,8,63.6,Matches
Carles Aleñá\Carles-Alena,es ESP,MF,Barcelona,23-114,1998,0.5,1,0,0,4,0,0,0,0,0,0,0,0,3,2,0,100,Matches
Carles Aleñá\Carles-Alena,es ESP,MFFW,Getafe,23-114,1998,12.1,1,0,0,16,20,0,18,6,5,0,0,0,91,12,33,26.7,Matches
Alfon\Alfon,es ESP,MF,Celta Vigo,21-360,1999,0.4,0,0,0,0,4,0,0,0,0,0,0,0,2,0,0,,Matches
Sergio Álvarez\Sergio-Alvarez,es ESP,MFDF,Eibar,29-096,1992,17,3,0,0,37,16,0,6,12,23,0,0,0,221,42,45,48.3,Matches
Yeray Álvarez\Yeray-Alvarez,es ESP,DF,Athletic Club,26-095,1995,18.6,6,0,0,17,15,0,2,34,16,0,0,0,194,65,38,63.1,Matches
Emmanuel Amankwaa Akurugu\Emmanuel-Amankwaa-Akurugu,gh GHA,DF,Getafe,19-160,2001,0.5,0,0,0,0,0,0,0,0,0,0,0,0,2,1,0,100,Matches
Jon Ander Garrido\Jon-Ander-Garrido,es ESP,MF,Cádiz,31-202,1989,7.6,1,0,0,13,4,0,2,7,13,0,0,0,74,19,23,45.2,Matches
Ángel\Angel,es ESP,GK,Granada,18-311,2002,1,0,0,0,0,0,0,0,0,0,0,0,0,2,0,0,,Matches
Miguel Ángel Rubio\Miguel-Angel-Rubio,es ESP,DF,Valladolid,23-049,1998,1.5,0,0,0,2,1,1,0,0,1,0,0,0,18,10,7,58.8,Matches
José Ángel\Jose-Angel,es ESP,DF,Eibar,31-236,1989,6.5,3,0,0,5,4,0,19,9,5,0,0,0,89,13,12,52,Matches
José Antonio Miranda\Jose-Antonio-Miranda,gq EQG,MFDF,Getafe,22-281,1998,0.3,1,0,0,2,1,0,0,1,0,0,0,0,4,2,0,100,Matches
Aritz Arambarri\Aritz-Arambarri,es ESP,DF,Real Sociedad,23-088,1998,0.3,0,0,0,0,0,0,0,0,0,0,0,0,4,1,1,50,Matches
Mauro Arambarri\Mauro-Arambarri,uy URU,MF,Getafe,25-211,1995,30.2,10,0,0,52,71,1,48,48,54,0,0,0,316,47,57,45.2,Matches
Néstor Araujo\Nestor-Araujo,mx MEX,DF,Celta Vigo,29-243,1991,23.5,4,0,0,29,4,0,2,28,15,0,0,0,242,60,32,65.2,Matches
Ronald Araújo\Ronald-Araujo,uy URU,DF,Barcelona,22-053,1999,12.8,2,0,0,8,14,1,0,9,15,1,1,0,116,45,10,81.8,Matches
Anaitz Arbilla\Anaitz-Arbilla,es ESP,DF,Eibar,33-349,1987,26.2,8,0,0,34,12,0,30,47,23,0,2,0,379,71,48,59.7,Matches
Unai Arietaleanizbeaskoa\Unai-Arietaleanizbeaskoa,es ESP,FWMF,Eibar,22-118,1999,0.5,1,0,0,3,1,2,0,0,0,0,0,0,1,0,2,0,Matches
Sergio Arribas\Sergio-Arribas,es ESP,FWDF,Real Madrid,19-211,2001,1.4,1,0,0,1,2,2,1,3,1,0,0,0,13,1,2,33.3,Matches
Sergio Asenjo\Sergio-Asenjo,es ESP,GK,Villarreal,31-305,1989,32,1,0,0,0,2,0,0,0,0,0,0,0,127,0,0,,Matches
Marco Asensio\Marco-Asensio,es ESP,FWMF,Real Madrid,25-098,1996,18.3,1,0,0,4,27,6,59,14,10,0,0,0,107,8,6,57.1,Matches
Iago Aspas\Iago-Aspas,es ESP,FW,Celta Vigo,33-271,1987,28.2,8,0,0,21,50,12,37,15,4,0,1,0,136,16,46,25.8,Matches
Miguel Atienza\Miguel-Atienza,es ESP,MF,Eibar,21-337,1999,4.5,1,0,0,5,2,0,2,7,12,0,0,0,36,9,8,52.9,Matches
Ezequiel Ávila\Ezequiel-Avila,ar ARG,FWMF,Osasuna,27-082,1994,0.6,0,0,0,3,4,0,2,0,0,0,0,0,3,1,2,33.3,Matches
Ramon Azeez\Ramon-Azeez,ng NGA,MFDF,Granada,28-138,1992,1.1,0,0,0,1,1,0,1,0,3,0,0,0,12,4,1,80,Matches
Carlos Bacca\Carlos-Bacca,co COL,FW,Villarreal,34-233,1986,6.8,1,0,0,8,5,6,5,2,6,0,0,0,20,12,19,38.7,Matches
Édgar Badía\Edgar-Badia,es ESP,GK,Elche,29-076,1992,30,0,0,0,0,4,0,0,0,0,0,0,0,147,0,0,,Matches
Alex Baena\Alex-Baena,es ESP,MF,Villarreal,19-283,2001,1.4,0,0,0,1,4,0,3,2,0,0,0,0,5,0,2,0,Matches
Miguel Baeza\Miguel-Baeza,es ESP,MFFW,Celta Vigo,21-033,2000,5.8,0,0,0,4,8,4,6,6,5,0,0,0,33,10,9,52.6,Matches
Mikel Balenziaga\Mikel-Balenziaga,es ESP,DF,Athletic Club,33-059,1988,13.8,0,0,0,13,13,1,18,8,13,0,0,0,108,14,15,48.3,Matches
Barcia\Barcia,es ESP,DF,Granada,20-119,2000,1,1,0,0,2,1,0,1,1,0,1,0,0,14,4,0,100,Matches
Enis Bardhi\Enis-Bardhi,mk MKD,MFFW,Levante,25-301,1995,16.2,4,0,0,22,21,4,31,25,19,0,0,0,128,5,24,17.2,Matches
Kike Barja\Kike-Barja,es ESP,MFFW,Osasuna,24-028,1997,13.1,2,0,0,15,22,1,46,18,7,1,0,0,99,20,18,52.6,Matches
Marc Baró Ortiz\Marc-Baro-Ortiz,es ESP,DF,Cádiz,21-249,1999,1,0,0,0,1,3,0,2,3,1,0,0,0,5,0,0,,Matches
Antonio Barragán\Antonio-Barragan,es ESP,DF,Elche,33-321,1987,21.3,6,0,0,32,24,2,32,28,13,1,1,0,136,24,19,55.8,Matches
Ander Barrenetxea\Ander-Barrenetxea,es ESP,MFFW,Real Sociedad,19-123,2001,12.6,7,0,0,38,17,3,25,10,17,0,0,0,90,5,26,16.1,Matches
Marc Bartra\Marc-Bartra,es ESP,DF,Betis,30-104,1991,14.8,3,0,0,26,12,1,4,21,9,0,3,0,154,39,24,61.9,Matches
Rodrigo Battaglia\Rodrigo-Battaglia,ar ARG,MF,Alavés,29-291,1991,24.5,8,1,0,30,25,1,5,14,27,0,0,0,223,37,21,63.8,Matches
Jon Bautista\Jon-Bautista,es ESP,FWMF,Real Sociedad,25-300,1995,3.1,2,0,0,8,4,2,2,1,4,0,0,0,14,14,23,37.8,Matches
Fran Beltrán\Fran-Beltran,es ESP,MF,Celta Vigo,22-085,1999,11,3,0,0,14,6,0,4,9,12,0,0,0,108,7,13,35,Matches
Sergio Benito\Sergio-Benito,es ESP,FW,Valladolid,22-037,1999,0,0,0,0,0,0,0,0,0,0,0,0,0,0,0,0,,Matches
Karim Benzema\Karim-Benzema,fr FRA,FW,Real Madrid,33-131,1987,27.3,2,0,0,17,23,23,21,11,5,0,0,0,94,23,27,46,Matches
Yuri Berchiche\Yuri-Berchiche,es ESP,DF,Athletic Club,31-078,1990,18.7,3,0,0,18,30,1,64,16,23,1,0,0,176,23,14,62.2,Matches
Álex Berenguer\Alex-Berenguer,es ESP,MFFW,Athletic Club,25-299,1995,21.5,3,0,0,42,35,16,57,19,23,1,0,0,124,21,27,43.8,Matches
Pedro Bigas\Pedro-Bigas,es ESP,DF,Eibar,30-226,1990,16.8,1,0,0,21,6,0,6,16,12,0,2,0,219,60,25,70.6,Matches
Blanco\Blanco,es ESP,MFDF,Real Madrid,20-280,2000,1.4,0,0,0,4,2,0,1,1,0,0,0,0,16,0,3,0,Matches
Alejandro Blanco\Alejandro-Blanco,es ESP,MF,Valencia,22-134,1998,6.4,1,0,0,4,8,2,6,6,3,0,0,0,41,2,8,20,Matches
Rubén Blanco\Ruben-Blanco,es ESP,GK,Celta Vigo,25-278,1995,18.2,0,1,0,1,2,0,0,0,0,0,0,0,88,0,0,,Matches
Yann Bodiger\Yann-Bodiger,fr FRA,MF,Cádiz,26-079,1995,2.8,0,0,0,9,3,0,1,6,2,0,0,0,29,10,15,40,Matches
Yassine Bounou\Yassine-Bounou,ma MAR,GK,Sevilla,30-024,1991,29,3,0,0,0,3,0,0,0,0,0,0,1,127,0,0,,Matches
Lucas Boyé\Lucas-Boye,ar ARG,FW,Elche,25-060,1996,25.3,8,1,1,82,30,9,9,16,22,0,0,0,127,29,109,21,Matches
Martin Braithwaite\Martin-Braithwaite,dk DEN,FW,Barcelona,29-328,1991,12.2,3,0,0,11,20,14,7,7,6,0,0,0,38,15,14,51.7,Matches
Darko Brašanac\Darko-Brasanac,rs SRB,MF,Osasuna,29-076,1992,7.8,2,0,0,21,7,1,11,3,10,0,0,0,70,23,22,51.1,Matches
Álvaro Bravo\Alvaro-Bravo,es ESP,MF,Granada,23-084,1998,0.2,0,0,0,0,0,0,0,0,1,0,0,0,2,2,1,66.7,Matches
Claudio Bravo\Claudio-Bravo,cl CHI,GK,Betis,38-016,1983,15,2,0,0,0,0,0,0,0,0,0,0,0,67,0,0,,Matches
Yan Brice Eteki\Yan-Brice-Eteki,cm CMR,MF,Granada,23-246,1997,11,0,1,0,35,14,0,1,10,17,0,1,0,96,20,17,54.1,Matches
Juan Brunet\Juan-Brunet,ar ARG,MF,Granada,23-095,1998,0.3,0,0,0,1,0,0,0,0,0,0,0,0,2,1,0,100,Matches
Bryan\Bryan,es ESP,MFFW,Eibar,20-077,2001,21.4,6,0,0,24,38,9,89,13,14,0,0,0,153,12,43,21.8,Matches
Bryan\Bryan,es ESP,FW,Sevilla,20-077,2001,0.1,0,0,0,1,0,0,0,0,1,0,0,0,1,1,1,50,Matches
Ante Budimir\Ante-Budimir,hr CRO,FW,Osasuna,29-281,1991,14.7,2,0,0,22,28,19,4,1,12,0,0,0,66,110,75,59.5,Matches
Esteban Burgos\Esteban-Burgos,ar ARG,DF,Eibar,29-110,1992,12.3,5,0,0,14,3,1,0,12,8,0,0,0,176,38,34,52.8,Matches
Burgui\Burgui,es ESP,MF,Alavés,27-182,1993,0.2,0,0,0,0,1,0,0,0,1,0,0,0,2,1,0,100,Matches
Sergio Busquets\Sergio-Busquets,es ESP,MF,Barcelona,32-287,1988,23,8,0,0,38,48,0,3,26,32,0,0,0,256,39,33,54.2,Matches
Erick Cabaco\Erick-Cabaco,uy URU,DF,Getafe,26-010,1995,14.7,9,0,0,24,20,1,3,12,17,0,0,0,140,52,19,73.2,Matches
Cala\Cala,es ESP,DF,Cádiz,31-154,1989,24.2,8,0,0,32,30,1,0,23,23,1,1,0,204,53,35,60.2,Matches
Jonathan Calleri\Jonathan-Calleri,ar ARG,FW,Osasuna,27-218,1993,17.2,4,0,0,42,39,16,14,5,6,0,0,0,73,86,91,48.6,Matches
Dani Calvo\Dani-Calvo,es ESP,DF,Elche,27-028,1994,15.8,3,0,0,15,13,2,1,16,12,0,1,0,86,43,30,58.9,Matches
José Campaña\Jose-Campana,es ESP,MF,Levante,27-333,1993,8.3,0,0,0,7,13,1,16,8,8,0,0,0,76,6,8,42.9,Matches
Sergio Canales\Sergio-Canales,es ESP,MFFW,Betis,30-072,1991,24.7,4,0,0,13,19,2,41,13,11,0,0,0,159,9,26,25.7,Matches
Ander Capa\Ander-Capa,es ESP,DF,Athletic Club,29-080,1992,23.7,5,0,0,26,9,1,54,30,23,0,1,0,214,23,22,51.1,Matches
Étienne Capoue\Etienne-Capoue,fr FRA,MF,Villarreal,32-292,1988,9.9,4,1,0,23,16,0,0,17,9,0,1,0,83,19,6,76,Matches
Isaac Carcelen\Isaac-Carcelen,es ESP,DF,Cádiz,28-006,1993,24.7,1,0,0,14,43,0,30,39,32,0,2,0,241,33,27,55,Matches
Cárdenas\Cardenas,es ESP,GK,Levante,24-032,1997,4,1,0,0,0,0,0,0,0,0,0,0,0,19,0,0,,Matches
Marc Cardona\Marc-Cardona,es ESP,FWMF,Osasuna,25-295,1995,0.6,0,0,0,3,1,1,1,0,0,0,0,0,7,0,2,0,Matches
Diego Carlos\Diego-Carlos,br BRA,DF,Sevilla,28-045,1993,27.5,8,0,0,42,19,0,3,24,20,0,2,1,220,60,43,58.3,Matches
Juan Carlos\Juan-Carlos,es ESP,MFFW,Huesca,30-045,1991,3.2,0,0,0,13,7,0,2,3,3,0,0,0,24,5,5,50,Matches
Yannick Carrasco\Yannick-Carrasco,be BEL,DFMF,Atlético Madrid,27-237,1993,19.2,5,0,0,25,26,2,55,21,20,0,1,0,138,3,15,16.7,Matches
Sergio Carreira\Sergio-Carreira,es ESP,DF,Celta Vigo,20-198,2000,2.9,0,0,0,2,2,0,4,1,2,0,0,0,16,1,1,50,Matches
Guido Carrillo\Guido-Carrillo,ar ARG,FW,Elche,29-339,1991,9.5,3,0,0,23,10,2,2,6,7,0,0,0,44,70,51,57.9,Matches
Dani Carvajal\Dani-Carvajal,es ESP,DF,Real Madrid,29-108,1992,10.6,5,0,0,16,11,0,22,16,21,0,1,0,100,11,8,57.9,Matches
William Carvalho\William-Carvalho,pt POR,MF,Betis,29-022,1992,12.4,6,1,1,16,11,0,2,8,16,0,0,0,113,30,19,61.2,Matches
Casemiro\Casemiro,br BRA,MF,Real Madrid,29-065,1992,27.5,10,1,1,51,52,4,9,53,51,0,0,0,306,94,69,57.7,Matches
Sofian Chakla\Sofian-Chakla,ma MAR,DF,Villarreal,27-239,1993,0.1,0,0,0,0,0,0,0,0,0,0,0,0,2,2,0,100,Matches
Sofian Chakla\Sofian-Chakla,ma MAR,DF,Getafe,27-239,1993,9.2,5,0,0,14,15,0,0,13,7,0,3,1,104,36,15,70.6,Matches
Chema\Chema,es ESP,DFMF,Getafe,29-057,1992,4,2,1,0,8,3,0,0,4,3,0,0,0,44,4,10,28.6,Matches
Denis Cheryshev\Denis-Cheryshev,ru RUS,MF,Valencia,30-124,1990,11.7,3,0,0,25,14,1,30,7,17,0,0,0,67,15,18,45.5,Matches
Samuel Chukwueze\Samuel-Chukwueze,ng NGA,MFFW,Villarreal,21-342,1999,14.4,0,0,0,12,30,15,37,6,9,1,0,0,88,12,15,44.4,Matches
Víctor Chust\Victor-Chust,es ESP,DF,Real Madrid,21-055,2000,1.1,0,0,0,1,0,0,0,1,1,0,0,0,9,3,3,50,Matches
Cifu\Cifu,es ESP,DF,Elche,30-206,1990,4.9,1,0,0,6,5,0,9,3,6,0,0,0,49,7,7,50,Matches
Alberto Cifuentes\Alberto-Cifuentes,es ESP,GK,Cádiz,41-335,1979,2,0,0,0,0,1,0,0,0,0,0,0,0,12,0,0,,Matches
Jasper Cillessen\Jasper-Cillessen,nl NED,GK,Valencia,32-007,1989,5,0,0,0,0,0,0,0,0,0,0,0,0,31,0,0,,Matches
Carlos Clerc\Carlos-Clerc,es ESP,DF,Levante,29-067,1992,27.6,5,0,0,34,25,4,80,28,43,1,0,0,254,44,27,62,Matches
Coke\Coke,es ESP,DF,Levante,34-003,1987,8.1,1,0,0,8,7,0,8,10,10,0,1,0,63,11,18,37.9,Matches
Francis Coquelin\Francis-Coquelin,fr FRA,MF,Villarreal,29-351,1991,7.1,4,0,0,15,15,0,3,15,7,0,0,0,79,11,8,57.9,Matches
Iñigo Córdoba\Inigo-Cordoba,es ESP,FWMF,Athletic Club,24-047,1997,1.1,0,0,0,3,3,1,1,1,0,0,0,0,11,2,0,100,Matches
Iñigo Córdoba\Inigo-Cordoba,es ESP,MF,Alavés,24-047,1997,2.4,0,0,0,7,4,2,6,4,5,0,0,0,20,5,6,45.5,Matches
Ángel Correa\Angel-Correa,ar ARG,FWMF,Atlético Madrid,26-051,1995,22.5,3,0,0,34,24,11,32,19,26,0,0,0,147,12,37,24.5,Matches
Rober Correa\Rober-Correa,es ESP,DF,Eibar,28-221,1992,8.1,2,0,0,3,13,0,16,11,9,1,0,0,100,33,18,64.7,Matches
Thierry Correia\Thierry-Correia,pt POR,DF,Valencia,22-051,1999,19.2,6,1,1,28,33,2,43,25,26,0,0,0,159,28,26,51.9,Matches
Diego Costa\Diego-Costa,es ESP,FW,Atlético Madrid,32-204,1988,2.3,1,0,0,7,3,5,2,0,0,1,0,0,3,9,15,37.5,Matches
Jaume Costa\Jaume-Costa,es ESP,DFMF,Villarreal,33-042,1988,3.8,1,0,0,7,8,0,7,8,3,0,0,0,30,6,5,54.5,Matches
Thibaut Courtois\Thibaut-Courtois,be BEL,GK,Real Madrid,28-353,1992,33,0,0,0,1,3,0,0,0,0,0,1,0,148,0,0,,Matches
Philippe Coutinho\Philippe-Coutinho,br BRA,MFFW,Barcelona,28-321,1992,7.3,0,0,0,9,13,1,10,4,6,0,0,0,39,3,9,25,Matches
Juan Cruz Armada\Juan-Cruz-Armada,es ESP,DF,Osasuna,28-275,1992,20,4,0,0,11,4,2,38,8,17,0,1,0,167,25,25,50,Matches
Sergio Cubero Ezcurra\Sergio-Cubero-Ezcurra,es ESP,MF,Eibar,21-236,1999,0,0,0,0,0,0,0,0,0,0,0,0,0,0,0,0,,Matches
Cucho\Cucho,co COL,FWMF,Getafe,22-009,1999,15.8,4,0,0,33,31,10,31,5,10,0,0,0,96,40,72,35.7,Matches
Marc Cucurella\Marc-Cucurella,es ESP,MF,Getafe,22-281,1998,31.3,7,0,0,60,51,6,76,46,46,0,0,0,254,64,91,41.3,Matches
Patrick Cutrone\Patrick-Cutrone,it ITA,FW,Valencia,23-116,1998,1.2,0,0,0,2,1,1,1,1,0,0,0,0,4,0,9,0,Matches
Moussa Dembélé\Moussa-Dembele,fr FRA,FWMF,Atlético Madrid,24-291,1996,1,0,0,0,3,0,3,1,0,0,0,0,0,8,6,4,60,Matches
Ousmane Dembélé\Ousmane-Dembele,fr FRA,FW,Barcelona,23-349,1997,16.7,2,0,0,12,21,9,43,10,8,0,0,0,64,6,12,33.3,Matches
Sergiño Dest\Sergino-Dest,us USA,DF,Barcelona,20-177,2000,17.9,1,0,0,15,8,3,35,12,15,0,0,0,126,5,7,41.7,Matches
Deyverson\Deyverson,br BRA,FW,Alavés,29-356,1991,9.5,3,0,0,14,23,10,12,10,6,0,0,0,72,62,44,58.5,Matches
Abdoulay Diaby\Abdoulay-Diaby,ml MLI,MF,Getafe,29-343,1991,0.2,0,0,0,1,0,0,2,0,1,0,0,0,1,0,1,0,Matches
Mouctar Diakhaby\Mouctar-Diakhaby,fr FRA,DF,Valencia,24-131,1996,19.9,4,1,0,20,8,4,2,5,12,0,1,0,164,43,13,76.8,Matches
Víctor Díaz\Victor-Diaz,es ESP,DF,Granada,32-321,1988,7,2,0,0,7,1,0,22,12,10,0,1,0,70,13,12,52,Matches
Papakouli Diop\Papakouli-Diop,sn SEN,MF,Eibar,35-041,1986,22.4,7,2,1,33,15,2,7,35,32,0,0,0,300,78,63,55.3,Matches
Djené\Djene,tg TOG,DF,Getafe,29-119,1991,28.4,8,2,1,32,30,0,6,40,31,1,2,0,326,61,41,59.8,Matches
Marko Dmitrovi?\Marko-Dmitrovic,rs SRB,GK,Eibar,29-095,1992,30.7,0,0,0,1,4,0,0,0,1,0,0,0,173,0,0,,Matches
Jaume Doménech\Jaume-Domenech,es ESP,GK,Valencia,30-175,1990,28,1,0,0,0,1,0,0,0,0,0,0,0,141,0,0,,Matches
John Donald\John-Donald,es ESP,DF,Elche,20-242,2000,0.6,0,0,0,1,0,0,0,0,0,0,0,0,1,0,1,0,Matches
Cheick Doukouré\Cheick-Doukoure,ci CIV,MF,Levante,28-230,1992,0.9,1,0,0,5,3,1,0,2,3,0,0,0,8,1,0,100,Matches
Idrissa Doumbia\Idrissa-Doumbia,ci CIV,MF,Huesca,23-015,1998,7.8,4,0,0,12,5,0,0,8,8,0,0,0,69,2,5,28.6,Matches
Domingos Duarte\Domingos-Duarte,pt POR,DF,Granada,26-050,1995,23.4,4,1,0,19,19,0,2,28,14,0,1,0,239,54,30,64.3,Matches
Óscar Duarte\Oscar-Duarte,cr CRC,DF,Levante,31-330,1989,19.8,2,0,0,30,6,2,2,24,12,0,1,0,162,72,45,61.5,Matches
Rubén Duarte\Ruben-Duarte,es ESP,DF,Alavés,25-193,1995,24.5,5,1,1,39,30,0,49,37,27,0,1,0,230,51,26,66.2,Matches
Unai Dufur\Unai-Dufur,es ESP,DF,Eibar,22-118,1999,0.7,0,0,0,1,0,0,0,0,2,0,0,0,6,1,1,50,Matches
Hugo Duro\Hugo-Duro,es ESP,FW,Real Madrid,21-170,1999,0.6,0,0,0,1,1,0,1,0,0,0,0,0,1,1,5,16.7,Matches
Aritz Elustondo\Aritz-Elustondo,es ESP,DF,Real Sociedad,27-032,1994,16.2,5,0,0,17,22,1,7,3,14,0,1,0,167,41,35,53.9,Matches
Rodrigo Ely\Rodrigo-Ely,br BRA,DF,Alavés,27-177,1993,5.2,1,0,0,8,2,0,0,2,3,0,0,0,50,16,2,88.9,Matches
Emerson\Emerson,br BRA,DF,Betis,22-105,1999,28.2,7,1,0,47,63,2,61,58,49,0,1,1,219,48,33,59.3,Matches
Youssef En-Nesyri\Youssef-En-Nesyri,ma MAR,FW,Sevilla,23-332,1997,22,2,0,0,24,32,23,14,6,16,1,0,0,88,92,73,55.8,Matches
Sergi Enrich\Sergi-Enrich,es ESP,FW,Eibar,31-062,1990,11.2,1,0,0,28,12,5,4,6,10,1,0,0,68,69,75,47.9,Matches
Dani Escriche\Dani-Escriche,es ESP,FWMF,Huesca,23-036,1998,8.6,5,0,0,19,15,6,4,7,12,1,0,0,52,15,32,31.9,Matches
Sergio Escudero\Sergio-Escudero,es ESP,DF,Sevilla,31-239,1989,4.8,2,0,0,7,6,0,10,5,8,0,0,0,36,9,4,69.2,Matches
Alfonso Espino\Alfonso-Espino,uy URU,DF,Cádiz,29-114,1992,27.2,5,0,0,31,21,2,57,42,55,0,0,0,235,37,41,47.4,Matches
Vicente Esquerdo\Vicente-Esquerdo,es ESP,MF,Valencia,22-117,1999,2.6,1,0,0,3,0,0,2,5,6,0,0,0,18,2,3,40,Matches
Pervis Estupiñán\Pervis-Estupinan,ec ECU,DF,Villarreal,23-098,1998,11.5,0,0,0,18,18,6,57,26,21,1,1,0,116,9,13,40.9,Matches
Xabier Etxeita\Xabier-Etxeita,es ESP,DF,Getafe,33-180,1987,9.8,3,0,0,14,2,0,0,10,6,0,0,1,112,18,24,42.9,Matches
Edu Expósito\Edu-Exposito,es ESP,MF,Eibar,24-271,1996,23.8,4,0,0,27,25,0,26,30,23,0,0,0,301,33,38,46.5,Matches
Fali\Fali,es ESP,DFMF,Cádiz,27-260,1993,25.3,9,0,0,18,19,0,13,23,19,0,1,0,171,34,27,55.7,Matches
Ansu Fati\Ansu-Fati,es ESP,FW,Barcelona,18-180,2002,4.8,1,0,0,6,11,2,5,1,3,2,0,0,20,2,4,33.3,Matches
Nabil Fekir\Nabil-Fekir,fr FRA,MFFW,Betis,27-285,1993,25.3,4,1,0,70,82,11,47,10,33,3,0,0,134,15,63,19.2,Matches
Felipe\Felipe,br BRA,DF,Atlético Madrid,31-348,1989,18.8,6,0,0,26,12,0,2,37,15,0,0,1,185,77,17,81.9,Matches
João Félix\Joao-Felix,pt POR,FWMF,Atlético Madrid,21-170,1999,16,5,0,0,13,43,6,13,7,5,1,0,0,87,21,27,43.8,Matches
Aitor Fernández\Aitor-Fernandez,es ESP,GK,Levante,29-361,1991,28,0,0,0,0,2,0,0,0,0,0,0,0,146,0,1,0,Matches
Álex Fernández\Alex-Fernandez,es ESP,MF,Cádiz,28-196,1992,21.6,1,0,0,11,31,1,41,21,15,0,0,0,186,22,28,44,Matches
Álvaro Fernández\Alvaro-Fernandez,es ESP,GK,Huesca,23-016,1998,17,0,0,0,0,2,0,0,0,0,0,0,0,86,0,0,,Matches
Andrés Fernández\Andres-Fernandez,es ESP,GK,Huesca,34-133,1986,16,0,0,0,0,3,0,0,0,0,0,0,0,86,0,0,,Matches
Augusto Fernández\Augusto-Fernandez,ar ARG,MF,Cádiz,35-019,1986,3.3,1,0,0,5,1,0,0,9,4,0,0,0,36,2,5,28.6,Matches
Carlos Fernández\Carlos-Fernandez,es ESP,FWMF,Real Sociedad,24-342,1996,4.1,5,0,0,18,9,0,1,3,1,0,1,0,22,14,19,42.4,Matches
Carlos Fernández\Carlos-Fernandez,es ESP,FW,Sevilla,24-342,1996,1.6,0,0,0,4,7,0,2,1,0,0,0,0,9,5,6,45.5,Matches
Joaquín Fernández\Joaquin-Fernandez,es ESP,DF,Valladolid,24-333,1996,20.8,8,0,0,27,13,3,0,29,15,1,1,0,178,62,42,59.6,Matches
Fernando\Fernando,br BRA,MF,Sevilla,33-278,1987,24.9,6,0,0,38,16,1,1,35,50,0,0,0,263,55,33,62.5,Matches
David Ferreiro\David-Ferreiro,es ESP,MFFW,Huesca,33-028,1988,23.5,3,0,0,48,33,14,95,11,12,0,0,0,167,11,23,32.4,Matches
Facundo Ferreyra\Facundo-Ferreyra,ar ARG,FW,Celta Vigo,30-046,1991,3.2,3,0,0,20,6,1,1,0,2,0,0,0,12,11,13,45.8,Matches
Fidel\Fidel,es ESP,MFDF,Elche,31-184,1989,22.1,6,0,0,23,41,4,57,11,26,0,0,0,140,8,20,28.6,Matches
Junior Firpo\Junior-Firpo,es ESP,DF,Barcelona,24-250,1996,2.7,1,0,0,6,6,2,4,3,2,0,0,0,15,1,2,33.3,Matches
Kingsley Fobi\Kingsley-Fobi,gh GHA,DF,Granada,22-221,1998,0.5,0,0,0,0,1,0,0,0,0,0,0,0,3,0,0,,Matches
Ramón Folch\Ramon-Folch,es ESP,MF,Elche,31-207,1989,0,0,0,0,0,0,0,0,0,0,0,0,0,0,0,0,,Matches
José Fontán\Jose-Fontan,es ESP,DF,Celta Vigo,21-077,2000,6.7,2,1,1,16,3,1,4,9,7,0,0,0,52,12,9,57.1,Matches
Dimitri Foulquier\Dimitri-Foulquier,fr FRA,DF,Granada,28-037,1993,23.6,7,0,0,25,14,2,29,23,22,0,1,1,184,21,33,38.9,Matches
Juan Foyth\Juan-Foyth,ar ARG,DFMF,Villarreal,23-107,1998,13,6,0,0,20,14,0,2,19,26,0,1,0,130,36,21,63.2,Matches
Jorge de Frutos\Jorge-de-Frutos,es ESP,MFFW,Levante,24-068,1997,19.3,2,0,0,30,24,3,55,15,28,2,0,0,93,12,29,29.3,Matches
Ramiro Funes Mori\Ramiro-Funes-Mori,ar ARG,DF,Villarreal,30-055,1991,5.1,0,0,0,3,2,0,2,7,2,0,0,0,51,19,6,76,Matches
Javi Galán\Javi-Galan,es ESP,DF,Huesca,26-161,1994,30.6,4,0,0,56,82,5,92,22,70,0,0,0,259,17,32,34.7,Matches
Enric Gallego\Enric-Gallego,es ESP,FW,Osasuna,34-229,1986,7.7,1,0,0,25,12,3,7,0,6,0,0,0,41,75,53,58.6,Matches
Kévin Gameiro\Kevin-Gameiro,fr FRA,FW,Valencia,33-355,1987,11.4,0,0,0,9,8,8,2,0,6,0,0,0,35,9,27,25,Matches
Aleix García\Aleix-Garcia,es ESP,MF,Eibar,23-305,1997,4.7,1,0,0,4,1,0,3,3,4,0,0,0,40,6,2,75,Matches
Borja García\Borja-Garcia,es ESP,MFFW,Huesca,30-178,1990,12.3,0,0,0,3,33,1,8,9,10,0,0,0,93,9,11,45,Matches
Dani García\Dani-Garcia,es ESP,MF,Athletic Club,30-340,1990,20.6,8,0,0,28,22,0,5,28,23,0,1,0,256,47,38,55.3,Matches
David García\David-Garcia,es ESP,DF,Osasuna,27-074,1994,30,7,0,0,40,23,0,4,41,20,0,0,1,399,162,45,78.3,Matches
Manu García\Manu-Garcia,es ESP,MF,Alavés,35-003,1986,10.4,8,1,1,16,22,0,5,13,15,0,0,0,91,40,32,55.6,Matches
Raúl García\Raul-Garcia,es ESP,DFMF,Valladolid,31-364,1989,5.6,2,0,0,5,8,1,20,5,3,0,0,0,57,18,13,58.1,Matches
Raúl García\Raul-Garcia,es ESP,FWMF,Athletic Club,34-292,1986,18.5,7,1,1,50,48,10,15,9,16,0,0,0,117,106,71,59.9,Matches
Rubén García\Ruben-Garcia,es ESP,MFFW,Osasuna,27-289,1993,27.3,2,0,0,38,40,6,82,22,38,1,0,0,179,57,65,46.7,Matches
Sergi García\Sergi-Garcia,es ESP,MF,Alavés,22-015,1999,0.2,0,0,0,0,0,0,0,0,1,0,0,0,1,0,0,,Matches
Unai García\Unai-Garcia,es ESP,DF,Osasuna,29-085,1992,11.2,3,0,0,12,4,0,3,12,8,0,0,1,117,15,17,46.9,Matches
Mario Gaspar\Mario-Gaspar,es ESP,DF,Villarreal,30-156,1990,18.6,3,0,0,16,8,0,30,22,19,1,1,0,107,28,31,47.5,Matches
Paulo Gazzaniga\Paulo-Gazzaniga,ar ARG,GK,Elche,29-117,1992,3,1,0,0,0,0,0,0,0,0,0,0,0,19,0,0,,Matches
David Gil\David-Gil,es ESP,GK,Cádiz,27-108,1994,1,0,0,0,0,0,0,0,0,0,0,0,0,6,0,0,,Matches
Álvaro Giménez\Alvaro-Gimenez,es ESP,FWMF,Cádiz,29-345,1991,4.5,0,0,0,8,6,4,1,3,2,0,0,0,18,20,29,40.8,Matches
Dani Gómez\Dani-Gomez,es ESP,FW,Levante,22-273,1998,15.8,3,0,0,25,35,11,10,3,5,1,0,0,72,11,47,19,Matches
Ibai Gómez\Ibai-Gomez,es ESP,MF,Athletic Club,31-169,1989,2.5,0,0,0,1,1,1,11,2,3,0,0,0,16,3,3,50,Matches
Maxi Gómez\Maxi-Gomez,uy URU,FW,Valencia,24-258,1996,25.4,7,1,1,47,64,31,14,1,8,4,0,0,93,102,89,53.4,Matches
Moi Gómez\Moi-Gomez,es ESP,MFFW,Villarreal,26-310,1994,24.9,1,0,0,19,29,9,42,19,15,0,1,0,167,9,32,22,Matches
Papu Gómez\Papu-Gomez,ar ARG,MFFW,Sevilla,33-073,1988,7.4,0,0,0,11,19,1,17,15,5,1,0,0,44,4,6,40,Matches
Sergi Gómez\Sergi-Gomez,es ESP,DF,Sevilla,29-032,1992,8,2,0,0,1,1,0,0,3,3,0,0,0,51,23,22,51.1,Matches
Sergio Gómez\Sergio-Gomez,es ESP,FWMF,Huesca,20-237,2000,6.5,1,0,0,5,5,1,19,14,13,0,0,0,38,0,6,0,Matches
Maxime Gonalons\Maxime-Gonalons,fr FRA,MF,Granada,32-050,1989,12.7,6,1,0,27,25,2,3,18,40,0,1,0,164,30,17,63.8,Matches
Bruno González\Bruno-Gonzalez,es ESP,DF,Valladolid,30-340,1990,24.1,8,0,0,31,16,0,0,29,13,0,0,0,201,54,41,56.8,Matches
Diego González\Diego-Gonzalez,es ESP,DF,Elche,26-091,1995,11.2,4,0,0,15,4,0,1,11,10,0,0,1,90,32,15,68.1,Matches
Sergio González\Sergio-Gonzalez,es ESP,MF,Cádiz,23-350,1997,1,0,0,0,1,1,0,0,2,0,0,0,0,13,2,3,40,Matches
Urko González\Urko-Gonzalez,es ESP,MF,Real Sociedad,20-040,2001,0.5,1,0,0,4,1,0,0,0,0,0,0,0,6,1,1,50,Matches
Andoni Gorosabel\Andoni-Gorosabel,es ESP,DF,Real Sociedad,24-268,1996,22.8,2,0,0,34,25,0,55,22,29,0,1,0,178,15,30,33.3,Matches
Antoine Griezmann\Antoine-Griezmann,fr FRA,FWMF,Barcelona,30-039,1991,23.3,4,0,0,10,29,10,25,11,23,2,0,0,107,16,14,53.3,Matches
Andrés Guardado\Andres-Guardado,mx MEX,MF,Betis,34-213,1986,12,2,0,0,18,9,0,6,20,13,0,0,0,127,17,16,51.5,Matches
Sergi Guardiola\Sergi-Guardiola,es ESP,FW,Valladolid,29-335,1991,19.2,4,0,0,39,37,12,17,9,6,1,0,0,94,58,101,36.5,Matches
Nemanja Gudelj\Nemanja-Gudelj,rs SRB,MFDF,Sevilla,29-164,1991,9.5,6,0,0,14,6,0,3,12,16,0,0,0,67,18,15,54.5,Matches
Gonçalo Guedes\Goncalo-Guedes,pt POR,MFFW,Valencia,24-151,1996,20.7,3,1,0,25,53,3,45,13,17,0,0,0,117,11,15,42.3,Matches
Ander Guevara\Ander-Guevara,es ESP,MF,Real Sociedad,23-296,1997,19.6,4,0,0,23,13,1,4,19,29,0,0,0,247,26,26,50,Matches
John Guidetti\John-Guidetti,se SWE,FWMF,Alavés,29-014,1992,1.1,0,0,0,5,0,1,1,0,0,0,0,0,7,3,1,75,Matches
Hugo Guillamón\Hugo-Guillamon,es ESP,DF,Valencia,21-088,2000,17.4,7,0,0,28,23,1,0,13,10,0,1,1,158,51,40,56,Matches
Jon Guridi\Jon-Guridi,es ESP,MF,Real Sociedad,26-060,1995,7.7,2,0,0,11,13,0,2,8,10,1,0,0,63,13,18,41.9,Matches
Raúl Guti\Raul-Guti,es ESP,MF,Elche,24-120,1996,28.7,3,0,0,34,46,1,12,38,22,0,0,0,246,15,21,41.7,Matches
Marcos Mauro López Gutiérrez\Marcos-Mauro-Lopez-Gutierrez,ar ARG,DF,Cádiz,30-110,1991,17.3,2,1,0,11,4,0,0,14,14,0,1,0,129,32,25,56.1,Matches
Miguel Gutiérrez\Miguel-Gutierrez,es ESP,DF,Real Madrid,19-276,2001,0.2,0,0,0,2,2,0,0,1,0,0,0,0,2,0,1,0,Matches
Munir El Haddadi\Munir-El-Haddadi,ma MAR,FW,Sevilla,25-240,1995,9.4,2,0,0,22,28,8,19,3,9,0,0,0,73,10,14,41.7,Matches
Eden Hazard\Eden-Hazard,be BEL,FW,Real Madrid,30-112,1991,4.5,0,0,0,1,12,3,3,4,0,0,0,0,19,2,5,28.6,Matches
Mario Hermoso\Mario-Hermoso,es ESP,DF,Atlético Madrid,25-315,1995,24.2,5,0,0,24,27,2,3,28,34,0,0,1,208,36,30,54.5,Matches
Aridane Hernández\Aridane-Hernandez,gq EQG,DF,Osasuna,32-037,1989,20.5,3,1,0,18,19,0,2,39,18,0,0,0,222,75,28,72.8,Matches
Héctor Herrera\Hector-Herrera,mx MEX,MF,Atlético Madrid,31-010,1990,7.4,2,0,0,9,7,1,3,9,12,0,0,0,84,18,15,54.5,Matches
Sergio Herrera\Sergio-Herrera,es ESP,GK,Osasuna,27-328,1993,29.9,2,0,0,1,10,0,0,0,0,0,1,1,206,0,0,,Matches
Yangel Herrera\Yangel-Herrera,ve VEN,MF,Granada,23-112,1998,23.4,7,0,0,64,55,5,14,25,38,1,1,0,252,120,107,52.9,Matches
Pablo Hervías\Pablo-Hervias,es ESP,DFFW,Valladolid,28-052,1993,11.9,1,0,0,8,14,0,65,13,17,0,0,0,109,9,12,42.9,Matches
Jordan Holsgrove\Jordan-Holsgrove,sco SCO,MF,Celta Vigo,21-231,1999,1.2,0,0,0,2,3,0,2,0,1,0,0,0,4,0,0,,Matches
Vicente Iborra\Vicente-Iborra,es ESP,MF,Villarreal,33-103,1988,10.3,4,0,0,15,9,0,1,5,13,0,0,0,94,20,19,51.3,Matches
Oussama Idrissi\Oussama-Idrissi,ma MAR,FWMF,Sevilla,25-062,1996,0.3,0,0,0,1,0,0,3,1,1,0,0,0,3,0,1,0,Matches
Iglesias\Iglesias,es ESP,DFFW,Getafe,22-300,1998,4.1,1,0,0,9,10,0,6,6,7,0,0,0,34,7,8,46.7,Matches
Borja Iglesias\Borja-Iglesias,es ESP,FW,Betis,28-102,1993,11.1,2,0,0,17,14,4,5,5,0,3,0,0,40,23,41,35.9,Matches
Ilaix\Ilaix,es ESP,MF,Barcelona,18-100,2003,2.9,0,0,0,7,9,0,0,4,5,0,0,0,17,6,6,50,Matches
Asier Illarramendi\Asier-Illarramendi,es ESP,MF,Real Sociedad,31-052,1990,3.6,2,0,0,6,11,0,2,5,3,0,0,0,24,10,14,41.7,Matches
Pablo Insua\Pablo-Insua,es ESP,DF,Huesca,27-232,1993,17.6,9,0,0,27,5,1,2,15,18,0,0,0,129,47,32,59.5,Matches
Takashi Inui\Takashi-Inui,jp JPN,MFFW,Eibar,32-331,1988,19.1,0,0,0,24,16,8,68,12,10,1,0,0,106,11,35,23.9,Matches
Alexander Isak\Alexander-Isak,se SWE,FW,Real Sociedad,21-220,1999,22.2,4,0,0,20,28,20,20,4,10,2,0,0,67,34,59,36.6,Matches
Isco\Isco,es ESP,MFFW,Real Madrid,29-008,1992,9.2,1,0,0,17,14,0,17,5,8,0,0,0,46,5,13,27.8,Matches
Jairo Izquierdo\Jairo-Izquierdo,es ESP,MFDF,Cádiz,27-189,1993,12.9,4,0,0,11,13,3,23,15,5,0,0,0,114,8,13,38.1,Matches
Saidy Janko\Saidy-Janko,ch SUI,DF,Valladolid,25-189,1995,10.5,3,0,0,11,2,2,28,20,11,0,0,0,71,27,12,69.2,Matches
Adnan Januzaj\Adnan-Januzaj,be BEL,FWMF,Real Sociedad,26-083,1995,8.9,1,0,0,6,29,2,31,4,4,1,0,0,60,9,9,50,Matches
Jason\Jason,es ESP,MFDF,Valencia,26-297,1994,4.8,4,1,1,6,14,0,12,8,6,0,0,0,34,4,10,28.6,Matches
Luis Javier Suárez\Luis-Javier-Suarez,co COL,FWMF,Granada,23-148,1997,14,5,0,0,17,23,4,15,8,13,1,0,0,66,19,54,26,Matches
Joaquín\Joaquin,es ESP,FWMF,Betis,39-282,1981,12.7,1,0,0,5,10,1,31,12,4,0,0,0,72,12,18,40,Matches
John Joe\John-Joe,ie IRL,MFDF,Getafe,17-217,2003,0.7,0,0,0,2,0,0,0,1,1,0,0,0,7,1,3,25,Matches
Frenkie de Jong\Frenkie-de-Jong,nl NED,MFDF,Barcelona,23-352,1997,30.2,4,0,0,21,38,5,14,29,24,0,1,0,274,43,24,64.2,Matches
Luuk de Jong\Luuk-de-Jong,nl NED,FW,Sevilla,30-245,1990,13,3,0,0,20,31,8,1,1,5,0,0,0,54,64,64,50,Matches
Jony\Jony,es ESP,MFFW,Osasuna,29-294,1991,8.4,0,0,0,10,7,1,49,9,5,0,0,0,62,7,6,53.8,Matches
Joan Jordán\Joan-Jordan,es ESP,MF,Sevilla,26-297,1994,23.9,8,1,1,49,38,0,28,16,25,0,0,0,228,17,19,47.2,Matches
Josan\Josan,es ESP,MFDF,Elche,31-147,1989,18.3,2,0,0,20,23,1,57,17,23,0,0,0,123,12,7,63.2,Matches
Willian José\Willian-Jose,br BRA,FW,Real Sociedad,29-157,1991,7.7,0,0,0,3,10,3,3,1,4,0,0,0,27,12,18,40,Matches
Joselu\Joselu,es ESP,FW,Alavés,31-033,1990,29.5,1,0,0,38,67,13,20,15,21,1,0,0,134,234,121,65.9,Matches
Josema\Josema,es ESP,DF,Elche,24-327,1996,20.1,3,0,0,19,16,1,16,32,25,0,0,0,138,37,28,56.9,Matches
Jota\Jota,es ESP,MF,Alavés,29-317,1991,14,5,1,1,17,4,2,20,15,14,0,0,0,103,9,17,34.6,Matches
Jota\Jota,pt POR,FW,Valladolid,22-030,1999,5.5,1,0,0,5,6,1,12,5,3,,,0,,,,,Matches
Luka Jovi?\Luka-Jovic,rs SRB,FWMF,Real Madrid,23-127,1997,1.7,0,0,0,2,1,2,1,0,0,0,0,0,7,3,4,42.9,Matches
Juanmi\Juanmi,es ESP,FWMF,Betis,27-344,1993,6.7,1,0,0,13,3,7,0,3,8,0,0,0,29,11,16,40.7,Matches
Vinicius Júnior\Vinicius-Junior,br BRA,FW,Real Madrid,20-291,2000,18.4,3,0,0,26,45,7,41,5,23,1,1,0,98,6,13,31.6,Matches
Jens Jønsson\Jens-Jonsson,dk DEN,MF,Cádiz,28-109,1993,24.8,5,0,0,32,20,0,3,40,37,0,1,0,228,44,31,58.7,Matches
Damian K?dzior\Damian-Kadzior,pl POL,FWMF,Eibar,28-317,1992,2.2,0,0,0,4,4,2,13,0,1,0,0,0,16,0,3,0,Matches
Lee Kangin\Lee-Kangin,kr KOR,FWMF,Valencia,20-069,2001,11.5,1,0,0,12,37,1,14,2,11,0,0,0,60,8,23,25.8,Matches
Stephane Keller\Stephane-Keller,cm CMR,DF,Alavés,19-252,2001,0.2,0,0,0,0,0,0,0,0,1,0,0,0,2,0,2,0,Matches
Kenedy\Kenedy,br BRA,FWMF,Granada,25-080,1996,16,3,0,0,32,21,1,32,21,18,0,1,0,108,12,24,33.3,Matches
Kike\Kike,es ESP,FW,Eibar,31-155,1989,29.4,3,1,1,59,80,12,25,7,21,1,0,0,125,151,209,41.9,Matches
Giorgi Kochorashvili\Giorgi-Kochorashvili,ge GEO,MF,Levante,21-304,1999,0,0,0,0,0,0,0,0,0,0,0,0,0,0,0,1,0,Matches
Kenan Kodro\Kenan-Kodro,ba BIH,FWMF,Athletic Club,27-253,1993,0.5,1,0,0,1,1,2,0,0,0,1,0,0,0,0,2,0,Matches
Kenan Kodro\Kenan-Kodro,ba BIH,FWMF,Valladolid,27-253,1993,4.3,1,0,0,7,5,1,0,2,0,1,0,0,15,22,24,47.8,Matches
Koba Koindredi\Koba-Koindredi,fr FRA,MF,Valencia,19-184,2001,0.2,0,0,0,0,0,0,0,0,2,0,0,0,0,1,1,50,Matches
Koke\Koke,es ESP,MF,Atlético Madrid,29-111,1992,29.3,8,0,0,38,40,0,17,32,46,0,0,0,298,19,23,45.2,Matches
Geoffrey Kondogbia\Geoffrey-Kondogbia,cf CTA,MF,Valencia,28-073,1993,4.9,1,0,0,8,10,0,1,4,10,0,0,0,41,5,6,45.5,Matches
Geoffrey Kondogbia\Geoffrey-Kondogbia,cf CTA,MF,Atlético Madrid,28-073,1993,5.2,4,0,0,15,8,0,0,6,19,0,0,0,65,4,7,36.4,Matches
Youssouf Koné\Youssouf-Kone,ml MLI,DFFW,Elche,25-298,1995,0.8,0,0,0,1,2,1,1,1,0,0,0,0,5,0,1,0,Matches
Jules Koundé\Jules-Kounde,fr FRA,DF,Sevilla,22-168,1998,28.1,4,0,0,19,22,3,12,31,21,0,2,0,268,106,63,62.7,Matches
Toni Kroos\Toni-Kroos,de GER,MF,Real Madrid,31-115,1990,22.5,6,0,0,25,31,1,39,22,24,0,0,0,145,16,8,66.7,Matches
Takefusa Kubo\Takefusa-Kubo,jp JPN,MFFW,Getafe,19-329,2001,7.3,1,0,0,16,18,3,10,10,5,0,0,0,42,5,21,19.2,Matches
Takefusa Kubo\Takefusa-Kubo,jp JPN,MFFW,Villarreal,19-329,2001,3.3,2,1,1,3,12,0,10,2,3,0,0,0,25,1,3,25,Matches
Kuki\Kuki,es ESP,MF,Valladolid,22-359,1998,0.3,0,0,0,1,0,0,1,0,1,0,0,0,3,1,1,50,Matches
Víctor Laguardia\Victor-Laguardia,es ESP,DF,Alavés,31-175,1989,25.2,5,1,0,24,8,1,3,20,15,0,0,0,208,51,29,63.8,Matches
Diego Lainez\Diego-Lainez,mx MEX,FWMF,Betis,20-324,2000,7.9,3,0,0,11,21,1,18,13,5,0,0,0,49,8,8,50,Matches
Toni Lato\Toni-Lato,es ESP,DF,Valencia,23-159,1997,5.5,2,0,0,9,3,1,6,5,4,0,0,1,47,11,8,57.9,Matches
Lauti\Lauti,uy URU,MFFW,Celta Vigo,20-079,2001,0.2,0,0,0,1,0,1,0,0,0,0,0,0,0,0,1,0,Matches
Robin Le Normand\Robin-Le-Normand,fr FRA,DF,Real Sociedad,24-169,1996,26.5,5,1,0,40,17,2,3,31,18,1,1,0,296,117,53,68.8,Matches
Jeremías Ledesma\Jeremias-Ledesma,ar ARG,GK,Cádiz,28-075,1993,30,0,0,0,1,4,0,0,0,0,0,1,0,165,0,0,,Matches
Florian Lejeune\Florian-Lejeune,fr FRA,DF,Alavés,29-344,1991,28.5,10,0,0,32,16,2,5,48,23,0,1,0,258,87,41,68,Matches
Iñigo Lekue\Inigo-Lekue,es ESP,DF,Athletic Club,27-360,1993,6,1,0,0,16,1,2,19,6,8,0,0,0,53,3,7,30,Matches
Thomas Lemar\Thomas-Lemar,fr FRA,MF,Atlético Madrid,25-168,1995,14.4,3,0,0,13,23,0,27,12,18,1,0,0,106,7,10,41.2,Matches
Clément Lenglet\Clement-Lenglet,fr FRA,DF,Barcelona,25-316,1995,23.6,8,1,1,40,29,6,5,30,23,0,2,1,225,60,36,62.5,Matches
Pedro León\Pedro-Leon,es ESP,MFFW,Eibar,34-156,1986,9.9,2,0,0,10,10,4,40,4,7,0,0,0,65,17,16,51.5,Matches
Sergio León\Sergio-Leon,es ESP,FW,Levante,32-113,1989,7.7,0,0,0,14,6,5,4,3,3,0,0,0,38,11,32,25.6,Matches
Diego Llorente\Diego-Llorente,es ESP,DF,Real Sociedad,27-256,1993,1,0,0,0,2,0,0,0,0,0,0,0,0,6,2,1,66.7,Matches
Marcos Llorente\Marcos-Llorente,es ESP,MFDF,Atlético Madrid,26-089,1995,28.1,6,0,0,49,31,6,64,27,41,0,0,0,198,24,32,42.9,Matches
Renan Lodi\Renan-Lodi,br BRA,DF,Atlético Madrid,23-021,1998,11.8,2,0,0,18,27,2,47,23,14,0,0,0,98,9,12,42.9,Matches
Pedro López Muñoz\Pedro-Lopez-Munoz,es ESP,DF,Huesca,37-179,1983,10.6,2,0,0,13,15,3,33,9,18,0,0,0,89,14,12,53.8,Matches
Adrián López\Adrian-Lopez,es ESP,FWMF,Osasuna,33-111,1988,5.2,0,0,0,3,4,4,7,0,4,0,0,0,34,16,30,34.8,Matches
Javi López\Javi-Lopez,es ESP,DFMF,Alavés,19-118,2002,2.8,1,1,0,3,3,0,11,6,5,0,0,0,31,3,3,50,Matches
Roberto López\Roberto-Lopez,es ESP,MF,Real Sociedad,21-005,2000,4.9,0,0,0,1,5,1,13,1,2,0,0,0,41,5,10,33.3,Matches
Unai López\Unai-Lopez,es ESP,MF,Athletic Club,25-181,1995,13.5,6,0,0,17,21,1,14,8,18,0,0,1,145,8,19,29.6,Matches
Anthony Lozano\Anthony-Lozano,hn HON,FW,Cádiz,28-004,1993,14,4,0,0,44,26,9,12,2,10,0,0,0,56,48,78,38.1,Matches
Jeison Lucumí\Jeison-Lucumi,co COL,FW,Elche,26-021,1995,0.5,0,0,0,1,0,0,0,0,1,0,0,0,3,1,1,50,Matches
José Luis Gayà\Jose-Luis-Gaya,es ESP,DF,Valencia,25-339,1995,28.5,6,0,0,27,28,10,88,30,33,0,2,0,237,27,40,40.3,Matches
José Luis Morales\Jose-Luis-Morales,es ESP,FWMF,Levante,33-280,1987,24.3,2,0,0,14,17,18,69,8,11,0,0,0,111,11,20,35.5,Matches
Luisinho\Luisinho,pt POR,DF,Huesca,35-359,1985,2,1,0,0,0,4,0,1,1,0,0,0,0,16,2,1,66.7,Matches
Luismi\Luismi,es ESP,MFDF,Elche,28-359,1992,1.8,0,0,0,4,1,0,1,3,4,0,1,0,15,1,0,100,Matches
Darwin Machís\Darwin-Machis,ve VEN,FWMF,Granada,28-081,1993,18.7,1,0,0,26,41,8,54,31,12,0,0,0,112,11,42,20.8,Matches
Pablo Maffeo\Pablo-Maffeo,es ESP,DF,Huesca,23-291,1997,18,4,0,0,11,37,2,49,23,19,0,2,0,183,29,24,54.7,Matches
Abdallahi Mahmoud\Abdallahi-Mahmoud,mr MTN,MF,Alavés,20-360,2000,0.7,0,0,0,1,1,0,0,1,2,0,0,0,5,1,2,33.3,Matches
Nemanja Maksimovi?\Nemanja-Maksimovic,rs SRB,MF,Getafe,26-093,1995,25.4,3,0,0,21,9,0,16,40,31,0,0,0,222,44,51,46.3,Matches
Filip Malbaši?\Filip-Malbasic,rs SRB,FWMF,Cádiz,28-162,1992,7.4,2,0,0,16,12,5,10,4,7,0,0,0,25,7,43,14,Matches
Hugo Mallo\Hugo-Mallo,es ESP,DF,Celta Vigo,29-311,1991,28.1,8,0,0,54,28,6,68,28,36,0,2,0,268,61,57,51.7,Matches
Mickael Malsa\Mickael-Malsa,mq MTQ,MF,Levante,25-199,1995,22.8,5,0,0,32,31,0,5,40,34,0,0,0,216,21,24,46.7,Matches
Aïssa Mandi\Aissa-Mandi,dz ALG,DF,Betis,29-189,1991,25.6,5,2,1,19,14,3,1,32,19,0,1,0,207,55,28,66.3,Matches
Eliaquim Mangala\Eliaquim-Mangala,fr FRA,DF,Valencia,30-075,1991,3.5,1,0,0,5,2,2,0,4,1,0,0,0,42,15,9,62.5,Matches
Maranhão\Maranhao,br BRA,FW,Valladolid,24-191,1996,11.2,1,0,0,22,23,5,5,0,4,1,0,0,44,37,72,33.9,Matches
Marcelo\Marcelo,br BRA,DF,Real Madrid,32-352,1988,10,3,0,0,8,14,3,34,9,16,0,1,0,62,4,12,25,Matches
Iván Marcone\Ivan-Marcone,ar ARG,MF,Elche,30-330,1990,26.7,10,1,1,28,17,0,3,34,44,0,2,0,248,23,15,60.5,Matches
Óscar de Marcos\Oscar-de-Marcos,es ESP,DFMF,Athletic Club,32-015,1989,13,2,0,0,8,4,2,34,13,12,0,0,0,94,7,12,36.8,Matches
José Mari\Jose-Mari,es ESP,MF,Cádiz,33-144,1987,12.4,4,0,0,23,13,0,4,15,15,0,0,0,149,25,21,54.3,Matches
José María Giménez\Jose-Maria-Gimenez,uy URU,DF,Atlético Madrid,26-099,1995,17.7,5,0,0,19,16,1,1,20,14,0,1,0,130,51,24,68,Matches
Mariano\Mariano,do DOM,FW,Real Madrid,27-271,1993,5.3,0,0,0,7,4,11,0,0,2,0,0,0,13,20,13,60.6,Matches
Adrián Marín\Adrian-Marin,es ESP,DF,Granada,24-110,1997,1.9,0,0,0,1,1,0,1,3,1,0,0,0,20,3,3,50,Matches
Adrián Marín\Adrian-Marin,es ESP,DFMF,Alavés,24-110,1997,1,0,0,0,3,0,0,0,1,1,0,0,0,12,3,1,75,Matches
Roger Martí\Roger-Marti,es ESP,FW,Levante,30-116,1991,21.3,4,0,0,41,22,12,15,3,11,0,0,0,74,16,53,23.2,Matches
Aarón Martín\Aaron-Martin,es ESP,DF,Celta Vigo,24-007,1997,12.6,1,0,0,13,12,2,31,13,5,0,0,0,78,12,22,35.3,Matches
Álex Martín\Alex-Martin,es ESP,DF,Cádiz,23-094,1998,0.1,0,0,0,0,0,0,0,0,0,0,0,0,0,0,0,,Matches
Iñigo Martínez\Inigo-Martinez,es ESP,DF,Athletic Club,29-347,1991,25,8,1,0,30,31,4,8,30,14,0,0,0,251,68,42,61.8,Matches
Javi Martínez\Javi-Martinez,es ESP,MFFW,Osasuna,21-128,1999,3.6,0,0,0,3,6,0,1,3,7,0,0,0,34,4,4,50,Matches
Marvin\Marvin,es ESP,DFFW,Real Madrid,20-300,2000,1,0,0,0,1,4,0,4,1,1,0,0,0,12,4,0,100,Matches
Jordi Masip\Jordi-Masip,es ESP,GK,Valladolid,32-116,1989,22,3,0,0,1,2,0,0,0,0,0,0,0,103,0,0,,Matches
Jaime Mata\Jaime-Mata,es ESP,FW,Getafe,32-187,1988,19.5,9,1,0,65,32,22,35,8,10,0,0,0,93,70,110,38.9,Matches
Borja Mayoral\Borja-Mayoral,es ESP,FW,Real Madrid,24-024,1997,0.3,0,0,0,2,0,2,0,0,0,0,0,0,1,0,1,0,Matches
Gonzalo Melero\Gonzalo-Melero,es ESP,MFFW,Levante,27-117,1994,15.8,3,0,0,20,27,1,4,16,12,0,0,0,124,33,47,41.3,Matches
Brais Méndez\Brais-Mendez,es ESP,MFFW,Celta Vigo,24-112,1997,24.9,6,0,0,64,44,3,22,28,38,1,0,0,165,25,60,29.4,Matches
Édgar Méndez\Edgar-Mendez,es ESP,MFFW,Alavés,31-117,1990,20.7,11,1,1,50,44,8,42,14,19,0,0,0,128,50,48,51,Matches
Eñaut Mendía\Enaut-Mendia,es ESP,FW,Eibar,21-308,1999,0.7,1,0,0,3,0,1,0,0,1,0,1,0,5,0,1,0,Matches
Ferland Mendy\Ferland-Mendy,fr FRA,DF,Real Madrid,25-325,1995,24.5,3,0,0,22,39,5,40,25,17,0,0,0,170,10,20,33.3,Matches
Mikel Merino\Mikel-Merino,es ESP,MF,Real Sociedad,24-311,1996,23.9,5,0,0,79,54,4,14,32,36,0,0,0,216,71,72,49.7,Matches
Martín Merquelanz\Martin-Merquelanz,es ESP,FWMF,Real Sociedad,25-321,1995,5.9,0,0,0,4,11,2,13,8,2,0,0,0,44,4,8,33.3,Matches
Roque Mesa\Roque-Mesa,es ESP,MF,Valladolid,31-326,1989,16.3,4,1,0,23,28,2,19,10,26,0,0,0,182,14,27,34.1,Matches
Lionel Messi\Lionel-Messi,ar ARG,FWMF,Barcelona,33-309,1987,28.6,4,0,0,21,77,6,52,6,12,0,0,0,103,12,7,63.2,Matches
Omenuke Mfulu\Omenuke-Mfulu,cd COD,MF,Elche,27-040,1994,5.5,2,0,0,9,4,0,1,5,12,0,0,0,36,4,4,50,Matches
Míchel\Michel,es ESP,MF,Valladolid,32-274,1988,8.2,2,0,0,14,9,0,19,12,9,0,0,0,89,8,11,42.1,Matches
Éder Militão\Eder-Militao,br BRA,DFMF,Real Madrid,23-101,1998,7.6,2,1,0,11,10,0,2,16,7,0,0,0,64,23,8,74.2,Matches
Luis Milla\Luis-Milla,es ESP,MF,Granada,26-204,1994,13.9,1,0,0,16,20,0,10,21,16,0,0,0,134,16,13,55.2,Matches
Pere Milla\Pere-Milla,es ESP,FWMF,Elche,28-218,1992,17.9,5,0,0,24,47,4,4,14,19,0,0,0,93,32,42,43.2,Matches
Alejandro Millán\Alejandro-Millan,es ESP,FW,Villarreal,21-173,1999,0,0,0,0,1,0,0,0,0,0,0,0,0,0,0,0,,Matches
Santi Mina\Santi-Mina,es ESP,FW,Celta Vigo,25-143,1995,22,4,0,0,57,50,8,6,8,13,2,0,0,89,77,95,44.8,Matches
Óscar Mingueza\Oscar-Mingueza,es ESP,DF,Barcelona,21-351,1999,19.1,4,0,0,18,15,1,13,22,38,0,0,0,147,14,22,38.9,Matches
Rafa Mir\Rafa-Mir,es ESP,FW,Huesca,23-315,1997,27,2,0,0,53,20,31,15,9,7,1,0,0,92,102,103,49.8,Matches
Jorge Miramón\Jorge-Miramon,es ESP,DF,Levante,31-331,1989,17.2,1,0,0,13,10,1,46,30,24,1,0,0,145,23,21,52.3,Matches
Juan Miranda\Juan-Miranda,es ESP,DF,Betis,21-100,2000,14.9,4,0,0,18,17,0,48,22,11,0,0,0,104,25,31,44.6,Matches
Luka Modri?\Luka-Modric,hr CRO,MF,Real Madrid,35-232,1985,26.6,3,0,0,27,28,1,44,46,25,0,0,0,200,20,19,51.3,Matches
Johan Mojica\Johan-Mojica,co COL,DF,Elche,28-251,1992,13.2,3,0,0,17,12,1,44,26,15,0,1,0,115,11,17,39.3,Matches
Guillem Molina\Guillem-Molina,es ESP,DF,Valencia,20-361,2000,1.7,1,0,0,4,2,0,0,2,0,0,1,0,18,4,5,44.4,Matches
Jorge Molina\Jorge-Molina,es ESP,FWMF,Granada,39-007,1982,13.7,2,0,0,20,23,6,5,1,6,1,0,0,57,67,72,48.2,Matches
Victor Mollejo\Victor-Mollejo,es ESP,MFDF,Getafe,20-098,2001,0.8,0,0,0,0,2,0,2,0,1,0,0,0,3,1,2,33.3,Matches
Jon Moncayola\Jon-Moncayola,es ESP,MF,Osasuna,22-351,1998,25.8,7,1,1,36,10,0,20,17,25,0,1,0,268,33,25,56.9,Matches
Nacho Monreal\Nacho-Monreal,es ESP,DF,Real Sociedad,35-062,1986,18.8,1,0,0,23,15,2,34,25,19,0,0,0,156,34,22,60.7,Matches
Ángel Montoro\Angel-Montoro,es ESP,MF,Granada,32-308,1988,14,4,0,0,21,19,1,28,14,13,0,0,0,119,12,19,38.7,Matches
Martín Montoya\Martin-Montoya,es ESP,DF,Betis,30-015,1991,2.7,0,1,0,4,1,0,5,1,2,0,0,0,27,7,3,70,Matches
Emre Mor\Emre-Mor,tr TUR,FWMF,Celta Vigo,23-279,1997,5.6,2,0,0,7,13,6,4,2,7,0,0,0,23,4,11,26.7,Matches
Jon Morcillo\Jon-Morcillo,es ESP,MFFW,Athletic Club,22-226,1998,12.2,3,0,0,17,16,2,66,16,7,0,0,0,62,13,15,46.4,Matches
Alberto Moreno\Alberto-Moreno,es ESP,DF,Villarreal,28-298,1992,0.7,0,0,0,0,1,0,1,0,1,0,0,0,3,0,0,,Matches
Álex Moreno\Alex-Moreno,es ESP,DF,Betis,27-325,1993,18.3,3,0,0,19,20,0,46,25,25,0,1,0,228,18,23,43.9,Matches
Gerard Moreno\Gerard-Moreno,es ESP,FWMF,Villarreal,29-022,1992,26.2,3,0,0,40,53,16,39,14,11,0,0,0,112,56,66,45.9,Matches
Tete Morente\Tete-Morente,es ESP,MFFW,Elche,24-146,1996,21.9,5,0,0,24,34,5,53,17,25,0,0,0,136,19,25,43.2,Matches
Loren Morón\Loren-Moron,es ESP,FWMF,Betis,27-120,1993,10.5,2,0,0,13,22,8,2,6,7,1,0,0,37,29,51,36.3,Matches
Pedro Mosquera\Pedro-Mosquera,es ESP,MF,Huesca,33-008,1988,21.9,1,0,0,26,20,0,1,15,22,0,0,0,244,27,42,39.1,Matches
Javi Moyano\Javi-Moyano,es ESP,DF,Valladolid,35-065,1986,1.1,0,0,0,0,1,0,1,0,0,0,0,0,9,3,1,75,Matches
Iker Muniain\Iker-Muniain,es ESP,MFFW,Athletic Club,28-131,1992,21.6,1,0,0,18,69,2,34,14,19,1,0,0,122,10,16,38.5,Matches
Aihen Muñoz\Aihen-Munoz,es ESP,DF,Real Sociedad,23-256,1997,13.4,6,0,0,20,9,0,50,8,14,0,0,0,129,20,19,51.3,Matches
Joaquín Muñoz\Joaquin-Munoz,es ESP,FW,Huesca,22-050,1999,0.5,0,0,0,2,2,0,0,0,0,0,0,0,4,1,3,25,Matches
Jeison Murillo\Jeison-Murillo,co COL,DF,Celta Vigo,28-337,1992,29,11,1,1,45,28,0,0,31,29,0,1,0,260,71,61,53.8,Matches
Yunus Musah\Yunus-Musah,us USA,MF,Valencia,18-151,2002,16.8,2,0,0,20,28,3,17,7,11,0,0,0,95,17,23,42.5,Matches
Yoshinori Mut?\Yoshinori-Muto,jp JPN,FWMF,Eibar,28-288,1992,11.9,1,0,0,28,15,6,7,4,8,1,0,0,65,35,46,43.2,Matches
Nacho\Nacho,es ESP,DF,Real Madrid,31-101,1990,18.5,6,0,0,35,21,2,10,28,18,0,1,0,133,31,27,53.4,Matches
Nacho\Nacho,es ESP,DF,Valladolid,32-053,1989,19.1,3,1,0,14,19,0,41,23,21,0,0,0,181,14,27,34.1,Matches
Nano\Nano,es ESP,FWMF,Cádiz,26-083,1995,0.1,0,0,0,0,0,0,0,0,0,0,0,0,2,0,2,0,Matches
Roberto Navarro\Roberto-Navarro,es ESP,MF,Real Sociedad,19-017,2002,0.4,0,0,0,1,1,0,0,0,2,0,0,0,5,0,0,,Matches
Ximo Navarro\Ximo-Navarro,es ESP,DF,Alavés,31-096,1990,23.4,6,0,0,29,31,0,24,43,31,1,0,0,188,23,33,41.1,Matches
Jesús Navas\Jesus-Navas,es ESP,DF,Sevilla,35-159,1985,27.4,4,0,0,10,17,2,118,23,16,0,0,0,237,27,17,61.4,Matches
Raúl Navas\Raul-Navas,es ESP,DF,Osasuna,32-353,1988,1.9,0,0,0,2,0,0,0,3,5,0,1,0,17,1,0,100,Matches
Álvaro Negredo\Alvaro-Negredo,es ESP,FW,Cádiz,35-252,1985,22.2,3,1,1,16,32,7,12,2,7,0,1,0,71,125,138,47.5,Matches
Neto\Neto,br BRA,GK,Barcelona,31-284,1989,6,0,0,0,0,0,0,0,0,0,0,0,0,22,0,0,,Matches
Carlos Neva\Carlos-Neva,es ESP,DF,Granada,24-321,1996,20,1,0,0,7,25,1,32,32,7,0,0,0,120,11,38,22.4,Matches
Mamor Niang\Mamor-Niang,sn SEN,FWMF,Getafe,19-084,2002,0.2,0,0,0,0,1,0,0,1,1,0,0,0,2,1,4,20,Matches
Manuel Nieto\Manuel-Nieto,es ESP,FWMF,Cádiz,23-031,1998,0.2,0,0,0,0,0,0,0,0,1,0,0,0,2,0,0,,Matches
Saúl Ñíguez\Saul-Niguez,es ESP,MFDF,Atlético Madrid,26-159,1994,19.7,8,0,0,36,13,7,26,21,46,0,0,0,169,56,55,50.5,Matches
Nino\Nino,es ESP,FWMF,Elche,40-323,1980,2.8,1,0,0,3,6,1,3,0,0,0,0,0,12,1,6,14.3,Matches
Fernando Niño\Fernando-Nino,es ESP,FW,Villarreal,20-187,2000,5.8,1,0,0,6,14,4,1,0,1,0,0,0,21,10,16,38.5,Matches
Nolito\Nolito,es ESP,MFFW,Celta Vigo,34-196,1986,24.9,6,0,0,37,38,9,24,23,33,0,1,0,157,13,36,26.5,Matches
Unai Núñez\Unai-Nunez,es ESP,DF,Athletic Club,24-089,1997,19.4,6,0,0,22,9,0,1,15,16,0,3,0,169,63,32,66.3,Matches
Kelechi Nwakali\Kelechi-Nwakali,ng NGA,MFFW,Huesca,22-328,1998,1.6,1,0,0,3,2,0,0,0,6,0,0,0,13,2,1,66.7,Matches
Allan Nyom\Allan-Nyom,cm CMR,MFDF,Getafe,32-354,1988,23.4,10,1,0,42,18,1,76,24,24,0,0,0,161,60,35,63.2,Matches
Jan Oblak\Jan-Oblak,si SVN,GK,Atlético Madrid,28-112,1993,33,0,0,0,0,4,0,0,0,0,0,0,1,126,0,0,,Matches
Lucas Ocampos\Lucas-Ocampos,ar ARG,FW,Sevilla,26-292,1994,25.6,3,0,0,33,72,5,44,20,27,1,0,0,128,34,34,50,Matches
Álvaro Odriozola\Alvaro-Odriozola,es ESP,DF,Real Madrid,25-136,1995,5,0,0,0,3,2,0,16,2,3,0,0,0,28,1,12,7.7,Matches
Shinji Okazaki\Shinji-Okazaki,jp JPN,FW,Huesca,35-013,1986,12.4,1,0,0,14,16,10,3,4,6,0,0,0,28,25,48,34.2,Matches
Lucas Olaza\Lucas-Olaza,uy URU,DF,Celta Vigo,26-282,1994,17.9,4,0,0,18,18,2,43,17,22,1,0,1,166,24,27,47.1,Matches
Lucas Olaza\Lucas-Olaza,uy URU,DF,Valladolid,26-282,1994,10,3,0,0,6,12,1,19,17,6,0,0,0,78,16,12,57.1,Matches
Christian Oliva\Christian-Oliva,uy URU,MF,Valencia,24-332,1996,2,0,0,0,3,3,0,0,5,2,0,0,0,12,1,0,100,Matches
Kiko Olivas\Kiko-Olivas,es ESP,MF,Valladolid,32-251,1988,0.1,0,0,0,0,0,0,0,0,1,0,0,0,1,0,0,,Matches
Paulo Oliveira\Paulo-Oliveira,pt POR,DF,Eibar,29-111,1992,24.5,3,0,0,24,7,1,1,30,20,0,0,0,312,90,55,62.1,Matches
Mathías Olivera\Mathias-Olivera,uy URU,DF,Getafe,23-180,1997,25,5,0,0,25,20,2,47,24,29,0,1,0,271,66,63,51.2,Matches
Javier Ontiveros\Javier-Ontiveros,es ESP,FWMF,Huesca,23-232,1997,10.2,5,0,0,27,33,0,20,12,19,0,0,0,83,5,14,26.3,Matches
Fabián Orellana\Fabian-Orellana,cl CHI,MFFW,Valladolid,35-092,1986,23,5,0,0,26,54,4,55,15,18,0,0,0,158,12,50,19.4,Matches
Mikel Oyarzabal\Mikel-Oyarzabal,es ESP,FWMF,Real Sociedad,24-008,1997,22.4,1,0,0,24,33,15,51,16,13,1,0,0,152,17,40,29.8,Matches
Fernando Pacheco\Fernando-Pacheco,es ESP,GK,Alavés,28-346,1992,33,1,0,0,0,3,0,0,0,0,0,0,0,127,0,0,,Matches
Helibelton Palacios\Helibelton-Palacios,co COL,DF,Elche,27-324,1993,5.5,0,0,0,3,5,0,4,5,11,0,0,0,30,5,5,50,Matches
Ante Palaversa\Ante-Palaversa,hr CRO,MFFW,Getafe,21-023,2000,0.1,0,0,0,1,0,0,0,0,1,0,0,0,2,0,0,,Matches
Daniel Parejo\Daniel-Parejo,es ESP,MF,Villarreal,32-013,1989,30.3,4,0,0,31,49,0,36,28,48,0,0,0,287,20,19,51.3,Matches
Thomas Partey\Thomas-Partey,gh GHA,MF,Atlético Madrid,27-320,1993,2.2,1,0,0,5,1,0,0,2,7,0,0,0,26,3,1,75,Matches
Gabriel Paulista\Gabriel-Paulista,br BRA,DF,Valencia,30-154,1990,25.2,5,0,0,15,25,0,0,46,10,1,1,0,218,58,36,61.7,Matches
Alfonso Pedraza\Alfonso-Pedraza,es ESP,DF,Villarreal,25-020,1996,21.3,8,0,0,39,24,1,82,25,21,2,0,1,175,38,22,63.3,Matches
Pedri\Pedri,es ESP,MF,Barcelona,18-155,2002,23.7,2,0,0,16,38,0,10,30,28,1,0,0,161,6,10,37.5,Matches
Facundo Pellistri\Facundo-Pellistri,uy URU,MF,Alavés,19-130,2001,4.7,0,0,0,4,7,0,8,4,4,0,0,0,38,6,12,33.3,Matches
Rubén Peña\Ruben-Pena,es ESP,DF,Villarreal,29-285,1991,10.1,1,0,0,17,14,0,30,10,15,0,0,0,89,15,11,57.7,Matches
Pepe\Pepe,es ESP,DF,Granada,21-058,2000,1.8,0,0,0,2,1,0,0,1,4,0,1,0,20,1,3,25,Matches
Alberto Perea\Alberto-Perea,es ESP,MF,Cádiz,30-131,1990,15.6,0,0,0,4,33,1,33,29,13,0,0,0,95,6,16,27.3,Matches
Iñigo Pérez\Inigo-Perez,es ESP,MFDF,Osasuna,33-101,1988,14.1,4,1,1,13,11,0,25,9,13,0,0,0,112,12,25,32.4,Matches
Juan Pérez\Juan-Perez,es ESP,GK,Osasuna,24-288,1996,1,0,0,0,0,0,0,0,0,0,0,0,0,4,0,0,,Matches
Kike Pérez\Kike-Perez,es ESP,MF,Valladolid,24-074,1997,11.5,2,0,0,27,21,0,11,10,17,1,0,0,110,26,39,40,Matches
Lucas Pérez\Lucas-Perez,es ESP,FW,Alavés,32-231,1988,17.3,1,0,0,12,29,13,44,5,7,1,0,0,85,6,13,31.6,Matches
Luis Pérez\Luis-Perez,es ESP,DF,Valladolid,26-084,1995,13.5,1,0,0,15,15,1,30,13,21,0,1,0,122,26,17,60.5,Matches
Nehuén Pérez\Nehuen-Perez,ar ARG,DF,Granada,20-309,2000,6,2,0,0,6,1,0,0,6,3,0,0,0,31,19,14,57.6,Matches
Pablo Piatti\Pablo-Piatti,ar ARG,FWMF,Elche,32-029,1989,1.5,0,0,0,4,3,4,5,0,1,0,0,0,3,0,7,0,Matches
Cristiano Piccini\Cristiano-Piccini,it ITA,DF,Valencia,28-215,1992,0.3,0,0,0,0,0,0,0,1,0,0,0,0,2,1,0,100,Matches
Tomás Pina Isla\Tomas-Pina-Isla,es ESP,MF,Alavés,33-197,1987,24.1,10,0,0,60,21,2,4,35,28,0,0,0,234,40,38,51.3,Matches
Yeremi Pino\Yeremi-Pino,es ESP,FWMF,Villarreal,18-191,2002,5.7,3,0,0,15,11,1,7,5,6,1,1,0,24,8,10,44.4,Matches
Gerard Piqué\Gerard-Pique,es ESP,DF,Barcelona,34-086,1987,11.8,3,0,0,7,5,2,0,9,12,0,0,0,141,47,16,74.6,Matches
Miralem Pjani?\Miralem-Pjanic,ba BIH,MF,Barcelona,31-027,1990,6.7,1,0,0,4,10,0,1,7,5,0,0,0,71,5,4,55.6,Matches
Óscar Plano\Oscar-Plano,es ESP,MFFW,Valladolid,30-077,1991,23.1,1,1,0,41,48,2,24,31,32,0,1,0,179,52,58,47.3,Matches
Dani Plomer\Dani-Plomer,es ESP,FW,Granada,22-150,1998,0.5,0,0,0,0,0,0,0,0,0,0,0,0,0,0,2,0,Matches
Jorge Pombo\Jorge-Pombo,es ESP,FWMF,Cádiz,27-066,1994,5.5,1,0,0,8,13,0,8,1,4,0,0,0,40,3,3,50,Matches
Pere Pons\Pere-Pons,es ESP,MF,Alavés,28-068,1993,9.6,1,0,0,13,13,1,6,8,14,0,0,0,92,10,16,38.5,Matches
Francisco Portillo\Francisco-Portillo,es ESP,MFFW,Getafe,30-320,1990,4.6,1,0,0,4,4,0,12,5,3,0,0,0,42,1,15,6.3,Matches
Portu\Portu,es ESP,FWMF,Real Sociedad,28-343,1992,20.8,3,0,0,28,24,18,50,12,13,0,0,0,96,19,32,37.3,Matches
Sergio Postigo\Sergio-Postigo,es ESP,DF,Levante,32-176,1988,16.4,4,0,0,15,12,0,0,33,13,0,0,1,102,26,19,57.8,Matches
Darío Poveda\Dario-Poveda,es ESP,FW,Getafe,24-047,1997,0.1,0,0,0,1,0,0,0,0,0,0,0,0,1,2,1,66.7,Matches
Alejandro Pozo Pozo\Alejandro-Pozo-Pozo,es ESP,DFMF,Eibar,22-066,1999,23.9,4,0,0,22,18,2,54,28,26,0,0,0,196,11,39,22,Matches
Antonio Puertas\Antonio-Puertas,es ESP,FWMF,Granada,29-067,1992,20.4,5,0,0,27,21,13,37,12,13,0,0,0,126,49,80,38,Matches
Riqui Puig\Riqui-Puig,es ESP,MF,Barcelona,21-259,1999,2.3,0,0,0,1,6,0,0,1,2,0,0,0,16,1,2,33.3,Matches
Jorge Pulido\Jorge-Pulido,es ESP,DF,Huesca,30-021,1991,28.1,5,1,1,27,22,4,7,27,22,0,0,0,268,58,47,55.2,Matches
Domingos Quina\Domingos-Quina,pt POR,MF,Granada,21-162,1999,3.4,0,0,0,2,9,1,2,3,5,0,0,0,27,5,5,50,Matches
Quini\Quini,es ESP,DF,Granada,31-217,1989,8.2,2,0,0,15,5,0,16,13,18,0,0,0,78,19,4,82.6,Matches
Quique\Quique,es ESP,FWMF,Eibar,30-348,1990,1.7,0,0,0,3,4,1,0,0,0,0,0,0,9,6,12,33.3,Matches
Dani Raba\Dani-Raba,es ESP,MF,Villarreal,25-182,1995,0.3,0,0,0,1,0,1,0,0,2,0,0,0,4,1,0,100,Matches
Uroš Ra?i?\Uros-Racic,rs SRB,MF,Valencia,23-043,1998,20.9,5,0,0,36,20,1,1,17,22,0,1,0,240,73,40,64.6,Matches
Nemanja Radoja\Nemanja-Radoja,rs SRB,MF,Levante,28-082,1993,12.5,1,0,0,15,9,0,3,13,11,0,0,0,130,25,14,64.1,Matches
Ivan Rakiti?\Ivan-Rakitic,hr CRO,MF,Sevilla,33-050,1988,21.9,5,0,0,32,23,2,14,15,27,1,0,0,174,28,33,45.9,Matches
Jonás Ramalho\Jonas-Ramalho,es ESP,DF,Osasuna,27-323,1993,1.2,0,0,0,1,1,0,2,0,1,0,0,0,9,3,1,75,Matches
Sandro Ramírez\Sandro-Ramirez,es ESP,FWMF,Huesca,25-294,1995,9.5,1,0,0,15,38,5,13,11,10,0,0,0,47,8,20,28.6,Matches
Sergio Ramos\Sergio-Ramos,es ESP,DF,Real Madrid,35-030,1986,14.2,3,0,0,17,6,2,5,16,12,1,1,0,153,29,22,56.9,Matches
Recio\Recio,es ESP,MFFW,Eibar,30-108,1991,6.4,5,0,0,15,18,0,14,4,9,0,0,0,61,8,14,36.4,Matches
Francisco Reis Ferreira\Francisco-Reis-Ferreira,pt POR,DF,Valencia,24-034,1997,1,0,0,0,0,0,0,0,1,0,0,0,0,8,0,1,0,Matches
Karim Rekik\Karim-Rekik,nl NED,DF,Sevilla,26-148,1994,6.3,2,0,0,17,4,1,8,5,7,0,0,0,29,13,4,76.5,Matches
Álex Remiro\Alex-Remiro,es ESP,GK,Real Sociedad,26-036,1995,33,0,0,0,0,7,0,0,0,0,0,0,0,154,0,0,,Matches
Oriol Rey\Oriol-Rey,es ESP,MF,Valladolid,23-063,1998,0.2,0,0,0,0,0,0,0,0,0,0,0,0,2,0,1,0,Matches
Ricard\Ricard,es ESP,DF,Atlético Madrid,21-066,2000,0.3,0,0,0,0,0,0,2,0,1,0,0,0,2,0,1,0,Matches
Mikel Rico\Mikel-Rico,es ESP,MF,Huesca,36-176,1984,20.6,1,0,0,16,18,2,23,17,12,0,0,0,170,14,20,41.2,Matches
Emiliano Rigoni\Emiliano-Rigoni,ar ARG,MFFW,Elche,28-084,1993,12.6,5,0,0,21,8,7,26,5,10,0,0,0,55,6,12,33.3,Matches
Luis Rioja\Luis-Rioja,es ESP,MFDF,Alavés,27-195,1993,19.9,3,0,0,17,24,5,52,25,11,1,0,0,126,15,33,31.3,Matches
Rober\Rober,es ESP,DFMF,Levante,26-072,1995,10.9,3,1,0,15,3,1,0,24,12,0,0,0,95,18,22,45,Matches
Roberto\Roberto,es ESP,GK,Valladolid,35-078,1986,11,0,0,0,0,0,0,0,0,0,0,0,0,48,0,0,,Matches
Sergi Roberto\Sergi-Roberto,es ESP,DF,Barcelona,29-081,1992,8.7,1,0,0,6,10,1,6,5,7,0,0,0,77,7,9,43.8,Matches
Joel Robles\Joel-Robles,es ESP,GK,Betis,30-316,1990,18,2,0,0,1,1,0,0,0,0,0,1,0,89,0,0,,Matches
Rubén Rochina\Ruben-Rochina,es ESP,MF,Levante,30-037,1991,15.3,5,0,0,37,30,0,27,19,29,0,0,0,148,21,13,61.8,Matches
Rodrigo\Rodrigo,es ESP,FWMF,Betis,20-348,2000,4.2,0,0,0,1,11,2,8,1,1,0,0,0,30,1,6,14.3,Matches
Kévin Rodrigues\Kevin-Rodrigues,pt POR,DFMF,Eibar,27-055,1994,11.6,1,0,0,8,16,1,37,14,10,0,0,0,113,12,34,26.1,Matches
Óscar Rodríguez Arnaiz\Oscar-Rodriguez-Arnaiz,es ESP,MFFW,Sevilla,22-305,1998,4.1,1,0,0,9,8,0,16,4,10,0,0,0,37,5,8,38.5,Matches
Ángel Rodríguez\Angel-Rodriguez,es ESP,FWMF,Getafe,34-003,1987,13.8,4,0,0,24,20,11,13,1,2,1,0,0,62,23,68,25.3,Matches
Guido Rodríguez\Guido-Rodriguez,ar ARG,MF,Betis,27-017,1994,26.8,10,0,0,52,45,0,4,43,64,0,1,0,295,40,35,53.3,Matches
Miguel Rodríguez\Miguel-Rodriguez,es ESP,FWMF,Celta Vigo,18-000,2003,0.3,2,0,0,2,1,0,1,0,2,0,0,0,1,0,1,0,Matches
Víctor Rodríguez\Victor-Rodriguez,es ESP,MF,Elche,31-280,1989,4.2,1,0,0,7,7,0,1,8,4,0,0,0,30,5,4,55.6,Matches
Rodrygo\Rodrygo,br BRA,FW,Real Madrid,20-110,2001,8.7,0,0,0,13,17,1,11,7,6,0,0,0,40,9,13,40.9,Matches
Facundo Roncaglia\Facundo-Roncaglia,ar ARG,DF,Osasuna,34-078,1987,13.7,3,1,1,15,6,0,15,12,15,0,1,0,171,35,22,61.4,Matches
Rubén\Ruben,es ESP,GKMF,Osasuna,36-311,1984,2.1,0,1,0,1,0,0,0,0,0,0,0,0,9,0,0,,Matches
Waldo Rubio\Waldo-Rubio,es ESP,FW,Valladolid,25-255,1995,4.2,1,0,0,8,2,1,3,1,5,0,0,0,32,0,10,0,Matches
Aitor Ruibal\Aitor-Ruibal,es ESP,FWMF,Betis,25-038,1996,15.3,2,0,0,28,15,3,21,19,22,0,0,0,91,13,17,43.3,Matches
Isma Ruiz\Isma-Ruiz,es ESP,MF,Granada,20-074,2001,0.7,0,0,0,0,0,0,0,0,2,0,0,0,8,1,4,20,Matches
Víctor Ruiz\Victor-Ruiz,es ESP,DF,Betis,32-094,1989,19,6,0,0,20,4,2,0,35,9,0,0,2,181,53,30,63.9,Matches
Gerónimo Rulli\Geronimo-Rulli,ar ARG,GK,Villarreal,28-344,1992,1,0,0,0,0,0,0,0,0,0,0,0,0,8,0,0,,Matches
Modibo Sagnan\Modibo-Sagnan,ml MLI,DFMF,Real Sociedad,22-015,1999,6.3,3,0,0,13,4,0,1,7,3,0,0,0,54,16,14,53.3,Matches
Borja Sainz\Borja-Sainz,es ESP,MFFW,Alavés,20-087,2001,4.7,1,0,0,14,6,4,11,5,5,0,0,0,32,2,11,15.4,Matches
Salvi\Salvi,es ESP,MFFW,Cádiz,30-030,1991,20.8,5,0,0,16,29,6,81,17,12,0,1,0,120,18,34,34.6,Matches
Fede San Emeterio\Fede-San-Emeterio,es ESP,MF,Valladolid,24-044,1997,14.1,6,0,0,34,16,0,1,13,17,0,1,0,143,25,36,41,Matches
Antonio Sanabria\Antonio-Sanabria,py PAR,FW,Betis,25-056,1996,10.4,2,0,0,17,11,3,1,2,6,0,0,0,39,36,37,49.3,Matches
Oihan Sancet\Oihan-Sancet,es ESP,FWMF,Athletic Club,21-004,2000,7.4,2,0,0,14,10,2,4,2,7,0,0,0,42,14,22,38.9,Matches
Juan Sánchez Miño\Juan-Sanchez-Mino,ar ARG,DFMF,Elche,31-118,1990,5.5,2,0,0,11,6,0,8,4,5,0,0,0,40,4,5,44.4,Matches
Germán Sánchez\German-Sanchez,es ESP,DF,Granada,34-180,1986,23.9,9,1,0,27,26,3,0,19,8,0,0,0,188,69,68,50.4,Matches
Javi Sánchez\Javi-Sanchez,es ESP,DF,Valladolid,24-046,1997,7.9,2,0,0,6,1,0,0,11,10,0,0,0,49,14,17,45.2,Matches
Manuel Sánchez\Manuel-Sanchez,es ESP,DF,Osasuna,20-248,2000,7.9,4,0,0,13,6,0,21,6,7,0,0,0,58,7,12,36.8,Matches
Manuel Sánchez\Manuel-Sanchez,es ESP,DF,Atlético Madrid,20-248,2000,0.5,0,0,0,0,0,0,0,0,0,0,0,0,4,0,0,,Matches
Oier Sanjurjo\Oier-Sanjurjo,es ESP,MF,Osasuna,34-339,1986,21.5,9,0,0,55,39,2,5,26,30,0,2,0,292,62,62,50,Matches
Ivan Šaponji?\Ivan-Saponjic,rs SRB,FW,Cádiz,23-270,1997,2,2,0,0,5,7,2,0,1,0,0,0,0,7,4,10,28.6,Matches
Stefan Savi?\Stefan-Savic,me MNE,DF,Atlético Madrid,30-111,1991,28.8,13,0,0,27,15,2,2,29,25,0,1,0,275,86,39,68.8,Matches
Jaime Seoane\Jaime-Seoane,es ESP,MF,Huesca,24-097,1997,19,4,0,0,33,25,1,13,13,33,0,1,0,170,24,20,54.5,Matches
Edgar Sevikyan\Edgar-Sevikyan,ru RUS,MF,Levante,19-264,2001,0.1,0,0,0,0,1,0,1,0,0,0,0,0,2,0,0,,Matches
Sidnei\Sidnei,br BRA,DF,Betis,31-249,1989,7.7,1,0,0,7,8,0,0,10,4,0,0,0,78,19,20,48.7,Matches
David Silva\David-Silva,es ESP,MF,Real Sociedad,35-111,1986,12.8,4,0,0,22,15,0,11,14,11,0,1,0,109,11,22,33.3,Matches
Gastón Silva\Gaston-Silva,uy URU,DF,Huesca,27-055,1994,4.5,2,0,0,6,1,0,1,4,12,0,0,0,34,4,4,50,Matches
Rui Silva\Rui-Silva,pt POR,GK,Granada,27-081,1994,31,1,0,0,2,4,0,0,0,0,0,2,0,166,0,0,,Matches
Unai Simón\Unai-Simon,es ESP,GK,Athletic Club,23-322,1997,33,1,0,0,2,6,1,0,0,0,0,1,0,157,0,1,0,Matches
Dimitris Siovas\Dimitris-Siovas,gr GRE,DF,Huesca,32-225,1988,29.3,3,0,0,28,8,1,6,35,26,0,0,0,316,117,49,70.5,Matches
Rafa Soares\Rafa-Soares,pt POR,DF,Eibar,25-355,1995,11.2,2,0,0,7,3,1,40,15,16,0,0,0,120,16,16,50,Matches
Rubén Sobrino\Ruben-Sobrino,es ESP,MFFW,Valencia,28-332,1992,0.5,0,0,0,4,0,0,1,1,3,0,0,0,6,0,3,0,Matches
Rubén Sobrino\Ruben-Sobrino,es ESP,FWMF,Cádiz,28-332,1992,9.1,1,0,0,11,22,4,6,7,12,1,0,0,45,17,29,37,Matches
Augusto Solari\Augusto-Solari,ar ARG,MF,Celta Vigo,29-116,1992,3.5,1,0,0,14,2,0,14,4,6,0,0,0,28,10,9,52.6,Matches
Roberto Soldado\Roberto-Soldado,es ESP,FW,Granada,35-337,1985,14.7,5,0,0,22,13,18,15,5,6,0,0,0,66,26,71,26.8,Matches
Carlos Soler\Carlos-Soler,es ESP,MF,Valencia,24-117,1997,25.4,6,0,0,24,32,0,22,17,14,0,0,0,212,18,24,42.9,Matches
Son\Son,es ESP,DFMF,Levante,27-030,1994,11.2,3,0,0,11,12,0,37,15,11,0,0,0,94,13,12,52,Matches
David Soria\David-Soria,es ESP,GK,Getafe,28-025,1993,24,1,0,0,0,3,0,0,0,0,0,0,0,149,0,0,,Matches
Alberto Soro\Alberto-Soro,es ESP,FWMF,Granada,22-051,1999,2.8,0,0,0,10,7,3,4,2,3,0,0,0,27,5,6,45.5,Matches
Damián Suárez\Damian-Suarez,uy URU,DF,Getafe,33-002,1988,22.5,12,1,1,46,32,0,53,29,27,0,1,0,215,32,26,55.2,Matches
Denis Suárez\Denis-Suarez,es ESP,MF,Celta Vigo,27-113,1994,26.7,8,0,0,39,34,1,33,20,27,0,0,0,201,13,15,46.4,Matches
Luis Suárez\Luis-Suarez,uy URU,FW,Atlético Madrid,34-095,1987,23.1,5,0,0,20,35,24,12,5,4,2,0,0,70,21,30,41.2,Matches
Suso\Suso,es ESP,FW,Sevilla,27-161,1993,20.4,1,0,0,20,32,5,67,9,9,0,0,0,105,2,12,14.3,Matches
Tachi\Tachi,es ESP,DF,Alavés,23-231,1997,8.4,4,1,1,10,16,0,1,8,6,1,0,0,63,21,19,52.5,Matches
Renato Tapia\Renato-Tapia,pe PER,MF,Celta Vigo,25-275,1995,29.7,11,0,0,64,46,1,5,46,48,0,0,0,348,70,55,56,Matches
Tomás Tavares\Tomas-Tavares,pt POR,MFDF,Alavés,20-053,2001,0.7,0,0,0,1,0,0,2,1,1,0,0,0,4,1,2,33.3,Matches
Álvaro Tejero\Alvaro-Tejero,es ESP,DF,Eibar,24-283,1996,1.2,1,0,0,1,0,0,11,0,3,0,0,0,13,1,3,25,Matches
Cristian Tello\Cristian-Tello,es ESP,FWMF,Betis,29-261,1991,12.6,0,0,0,6,7,2,27,8,9,0,0,0,81,12,9,57.1,Matches
Marc-André ter Stegen\Marc-Andre-ter-Stegen,de GER,GK,Barcelona,28-364,1992,26,0,0,0,1,0,0,0,0,0,0,1,0,113,0,0,,Matches
David Timor\David-Timor,es ESP,MFDF,Getafe,31-194,1989,12.5,4,0,0,14,13,0,8,10,6,0,0,1,163,37,31,54.4,Matches
Toño\Tono,es ESP,DF,Levante,31-173,1989,6.4,2,0,0,9,9,1,15,4,4,0,0,0,43,5,8,38.5,Matches
Lucas Torreira\Lucas-Torreira,uy URU,MFFW,Atlético Madrid,25-077,1996,5.8,2,0,0,10,12,1,0,7,6,0,0,0,68,5,8,38.5,Matches
Óliver Torres\Oliver-Torres,es ESP,MFFW,Sevilla,26-170,1994,14.2,2,0,0,19,15,0,23,16,24,0,0,0,100,3,17,15,Matches
Pau Torres\Pau-Torres,es ESP,DF,Villarreal,24-103,1997,29,2,0,0,13,15,2,4,27,10,0,0,1,268,52,34,60.5,Matches
Roberto Torres\Roberto-Torres,es ESP,MFFW,Osasuna,32-053,1989,17.7,0,0,0,11,26,0,51,14,6,1,0,0,129,7,22,24.1,Matches
Lucas Torró\Lucas-Torro,es ESP,MF,Osasuna,26-284,1994,13.8,3,0,0,18,21,1,4,22,19,0,0,0,172,73,50,59.3,Matches
Manu Trigueros\Manu-Trigueros,es ESP,MF,Villarreal,29-194,1991,24.1,6,1,0,49,32,1,16,12,29,1,0,0,204,18,28,39.1,Matches
Francisco Trincão\Francisco-Trincao,pt POR,FWMF,Barcelona,21-121,1999,7,1,0,0,6,10,8,11,4,3,0,0,0,40,4,9,30.8,Matches
Kieran Trippier\Kieran-Trippier,eng ENG,DF,Atlético Madrid,30-222,1990,22.5,0,0,0,21,13,5,59,30,33,0,0,0,200,43,22,66.2,Matches
Samuel Umtiti\Samuel-Umtiti,fr FRA,DF,Barcelona,27-166,1993,5.7,1,0,0,10,6,0,0,12,5,0,0,0,50,16,4,80,Matches
Enes Ünal\Enes-Unal,tr TUR,FW,Getafe,23-354,1997,10.8,4,0,0,32,29,5,3,1,6,1,0,0,53,72,88,45,Matches
Tomáš Vaclík\Tomas-Vaclik,cz CZE,GK,Sevilla,32-031,1989,4,0,0,0,0,1,0,0,0,0,0,0,0,17,0,0,,Matches
Eugeni Valderrama\Eugeni-Valderrama,es ESP,FWMF,Huesca,26-284,1994,1.3,0,0,0,0,3,0,0,3,1,0,0,0,9,1,0,100,Matches
Jesús Vallejo\Jesus-Vallejo,es ESP,DF,Granada,24-114,1997,14.5,2,1,0,12,5,2,1,8,8,0,1,0,101,25,23,52.1,Matches
Manu Vallejo\Manu-Vallejo,es ESP,FW,Valencia,24-074,1997,9.6,2,0,0,13,20,4,8,5,8,1,0,0,46,7,22,24.1,Matches
Federico Valverde\Federico-Valverde,uy URU,MF,Real Madrid,22-281,1998,11.1,0,0,0,9,7,1,16,14,9,0,0,0,84,7,8,46.7,Matches
Raphaël Varane\Raphael-Varane,fr FRA,DF,Real Madrid,28-004,1993,28.7,2,0,0,14,10,0,1,35,11,0,0,1,246,69,24,74.2,Matches
Denis Vavro\Denis-Vavro,sk SVK,DF,Huesca,25-019,1996,3.5,1,0,0,3,3,0,2,9,1,0,0,1,31,6,4,60,Matches
Franco Vázquez\Franco-Vazquez,ar ARG,FWMF,Sevilla,32-066,1989,1,1,0,0,3,5,1,2,0,2,0,0,0,14,7,4,63.6,Matches
Kevin Vázquez\Kevin-Vazquez,es ESP,DF,Celta Vigo,28-037,1993,2,2,0,0,2,4,0,2,4,7,0,0,0,23,2,2,50,Matches
Lucas Vázquez\Lucas-Vazquez,es ESP,DFFW,Real Madrid,29-302,1991,20.5,3,0,0,31,31,3,81,15,43,0,0,0,134,10,16,38.5,Matches
Koke Vegas\Koke-Vegas,es ESP,GK,Levante,25-214,1995,1,1,0,0,0,0,0,0,0,0,0,0,0,8,0,0,,Matches
Gabriel Veiga\Gabriel-Veiga,es ESP,MFDF,Celta Vigo,18-337,2002,1.3,0,0,0,4,3,0,1,0,1,0,0,0,7,0,4,0,Matches
Unai Vencedor Paris\Unai-Vencedor-Paris,es ESP,MF,Athletic Club,20-165,2000,15.5,5,0,0,26,20,0,3,12,22,1,0,0,160,15,15,50,Matches
Gonzalo Verdú\Gonzalo-Verdu,es ESP,DF,Elche,32-190,1988,30,10,0,0,28,38,2,3,42,23,0,3,0,202,68,42,61.8,Matches
Mikel Vesga\Mikel-Vesga,es ESP,MF,Athletic Club,27-343,1993,15.4,7,0,0,38,9,1,3,21,23,0,0,0,178,39,31,55.7,Matches
Rúben Vezo\Ruben-Vezo,pt POR,DF,Levante,27-004,1994,22.8,6,0,0,25,19,0,3,29,22,0,1,1,218,50,31,61.7,Matches
Iñigo Vicente\Inigo-Vicente,es ESP,FW,Athletic Club,23-113,1998,0.4,0,0,0,0,0,0,6,0,1,0,0,0,10,0,0,,Matches
Fede Vico\Fede-Vico,es ESP,MFFW,Granada,26-299,1994,5.5,1,0,0,3,13,1,15,5,8,0,0,0,43,3,7,30,Matches
Aleix Vidal\Aleix-Vidal,es ESP,DF,Sevilla,31-251,1989,5.6,1,0,0,4,14,0,12,8,11,0,0,0,53,8,7,53.3,Matches
Nacho Vidal\Nacho-Vidal,es ESP,DF,Osasuna,26-095,1995,22.9,9,0,0,40,33,1,35,38,24,0,0,0,195,56,29,65.9,Matches
Toni Villa\Toni-Villa,es ESP,MFFW,Valladolid,26-112,1995,8.8,2,0,0,13,26,3,19,4,18,2,0,0,60,7,15,31.8,Matches
Asier Villalibre\Asier-Villalibre,es ESP,FW,Athletic Club,23-211,1997,14,1,0,0,17,29,5,15,3,4,0,0,0,36,50,45,52.6,Matches
Iván Villar\Ivan-Villar,es ESP,GK,Celta Vigo,23-294,1997,14.8,1,0,0,1,2,0,0,0,0,0,1,0,83,0,0,,Matches
Vitolo\Vitolo,es ESP,MFFW,Atlético Madrid,31-178,1989,3.3,1,0,0,6,8,1,1,1,3,1,0,0,20,7,6,53.8,Matches
Šime Vrsaljko\Sime-Vrsaljko,hr CRO,DF,Atlético Madrid,29-109,1992,5.8,2,0,0,8,4,1,20,6,13,0,0,0,35,16,14,53.3,Matches
Nikola Vuk?evi?\Nikola-Vukcevic,me MNE,MF,Levante,29-137,1991,9,4,0,0,18,7,0,2,5,7,0,1,0,57,16,8,66.7,Matches
Daniel Wass\Daniel-Wass,dk DEN,MFDF,Valencia,31-333,1989,30.4,8,0,0,33,33,7,47,26,32,0,0,0,266,49,53,48,Matches
Shon Weissman\Shon-Weissman,il ISR,FW,Valladolid,25-074,1996,19,3,0,0,27,15,21,5,4,6,1,0,0,68,25,64,28.1,Matches
Iñaki Williams\Inaki-Williams,es ESP,FW,Athletic Club,26-318,1994,24.8,1,0,0,16,33,12,47,3,7,0,0,0,82,39,67,36.8,Matches
Nico Williams\Nico-Williams,es ESP,MF,Athletic Club,18-291,2002,0.3,0,0,0,0,0,0,1,0,0,0,0,0,4,0,0,,Matches
Jawad El Yamiq\Jawad-El-Yamiq,ma MAR,DF,Valladolid,29-059,1992,11.3,4,0,0,8,12,1,0,25,9,0,1,0,109,48,20,70.6,Matches
Rubén Yáñez\Ruben-Yanez,es ESP,GK,Getafe,27-199,1993,9,2,0,0,2,1,0,0,0,0,0,0,0,39,0,0,,Matches
Yoel\Yoel,es ESP,GK,Eibar,32-244,1988,2.3,0,0,0,0,0,0,0,0,0,0,0,0,25,0,0,,Matches
Okay Yoku?lu\Okay-Yokuslu,tr TUR,MF,Celta Vigo,27-051,1994,5.1,4,1,0,13,6,2,0,10,10,0,0,0,56,11,10,52.4,Matches
Joseba Zaldúa\Joseba-Zaldua,es ESP,DF,Real Sociedad,28-309,1992,5.5,2,0,0,12,5,0,17,4,6,0,0,0,47,15,5,75,Matches
Oier Zarraga\Oier-Zarraga,es ESP,MF,Athletic Club,22-115,1999,1.1,0,0,0,0,2,0,1,0,1,0,0,0,6,0,2,0,Matches
Igor Zubeldia\Igor-Zubeldia,es ESP,DF,Real Sociedad,24-030,1997,21.5,5,0,0,32,11,2,6,24,21,0,0,0,211,51,30,63,Matches
Martín Zubimendi\Martin-Zubimendi,es ESP,MF,Real Sociedad,22-086,1999,16.5,6,0,0,26,14,0,2,27,16,0,0,0,153,41,25,62.1,Matches
Martin Ødegaard\Martin-Odegaard,no NOR,MFFW,Real Madrid,22-133,1998,2.6,0,0,0,1,1,1,2,1,0,0,0,0,15,2,3,40,Matches
