Player,Nation,Pos,Squad,Age,Born,90s,CrdY,CrdR,2CrdY,Fls,Fld,Off,Crs,Int,TklW,PKwon,PKcon,OG,Recov,Matches
Ismael Aaneba\Ismael-Aaneba,fr FRA,FWDF,Strasbourg,21-336,1999,0.1,0,0,0,1,0,0,0,0,0,0,0,0,1,Matches
Yunis Abdelhamid\Yunis-Abdelhamid,ma MAR,DF,Reims,33-214,1987,30,4,0,0,37,20,0,0,51,42,0,0,0,268,Matches
Mehdi Abeid\Mehdi-Abeid,dz ALG,MF,Nantes,28-267,1992,14.7,5,0,0,30,22,1,21,23,24,0,0,0,146,Matches
Laurent Abergel\Laurent-Abergel,fr FRA,MF,Lorient,28-088,1993,28.9,5,0,0,37,33,0,15,43,98,1,0,0,277,Matches
Charles Abi\Charles-Abi,fr FRA,FWMF,Saint-Étienne,21-018,2000,9,1,0,0,16,8,7,4,6,3,0,0,0,38,Matches
Matthis Abline\Matthis-Abline,fr FRA,FW,Rennes,18-033,2003,0,0,0,0,0,0,0,0,0,0,0,0,0,0,Matches
Pape Abou Cisse\Pape-Abou-Cisse,sn SEN,DF,Saint-Étienne,25-228,1995,12,1,0,0,7,7,1,1,25,9,0,0,0,111,Matches
Yacine Adli\Yacine-Adli,fr FRA,MF,Bordeaux,20-275,2000,23,6,0,0,34,30,0,29,33,54,0,0,0,184,Matches
Nayef Aguerd\Nayef-Aguerd,ma MAR,DF,Rennes,25-031,1996,31,4,0,0,18,29,2,0,33,33,0,0,0,298,Matches
Ruben Aguilar\Ruben-Aguilar,fr FRA,DF,Monaco,28-004,1993,22.8,6,0,0,37,33,1,97,32,42,1,0,0,236,Matches
Matteo Ahlinvi\Matteo-Ahlinvi,bj BEN,MF,Nîmes,21-302,1999,9,0,0,0,14,14,1,4,4,17,0,1,0,61,Matches
Cheikh Ahmadou Dieng\Cheikh-Ahmadou-Dieng,sn SEN,FW,Marseille,21-038,2000,1.3,0,0,0,2,1,3,0,1,2,0,0,0,4,Matches
Jean-Eudes Aholou\Jean-Eudes-Aholou,ci CIV,MF,Monaco,27-041,1994,0.4,0,0,0,0,1,0,0,2,0,0,0,0,3,Matches
Jean-Eudes Aholou\Jean-Eudes-Aholou,ci CIV,MF,Strasbourg,27-041,1994,21.1,8,0,0,46,26,0,5,47,29,0,0,0,211,Matches
Rayan Aït Nouri\Rayan-Ait-Nouri,fr FRA,DF,Angers,19-328,2001,2.1,0,0,0,2,3,0,4,1,2,0,0,0,12,Matches
Ludovic Ajorque\Ludovic-Ajorque,re REU,FW,Strasbourg,27-064,1994,29,5,0,0,30,42,12,30,10,16,1,0,0,107,Matches
Marley Aké\Marley-Ake,fr FRA,FW,Marseille,20-115,2001,1.6,0,0,0,6,5,0,1,1,0,0,0,0,7,Matches
Sofiane Alakouch\Sofiane-Alakouch,fr FRA,DF,Nîmes,22-275,1998,16.2,4,0,0,25,26,1,15,33,33,1,1,0,127,Matches
Mohamed Ali Cho\Mohamed-Ali-Cho,fr FRA,FWMF,Angers,17-101,2004,3.3,1,0,0,7,6,0,6,3,8,0,0,0,18,Matches
Rachid Alioui\Rachid-Alioui,ma MAR,FW,Angers,28-316,1992,0.2,0,0,0,0,1,0,0,0,0,0,0,0,3,Matches
Saturnin Allagbé\Saturnin-Allagbe,bj BEN,GK,Dijon,27-159,1993,8,2,0,0,2,1,0,0,0,0,0,1,0,50,Matches
Ibrahim Amadou\Ibrahim-Amadou,fr FRA,MF,Angers,28-024,1993,16.6,6,0,0,34,5,0,3,29,30,0,0,0,143,Matches
Romain Amalfitano\Romain-Amalfitano,fr FRA,FWDF,Dijon,31-246,1989,1.3,0,0,0,2,1,0,4,1,1,0,0,0,9,Matches
Jordan Amavi\Jordan-Amavi,fr FRA,DF,Marseille,27-052,1994,8.2,3,1,0,9,13,1,8,12,11,1,0,0,82,Matches
Thierry Ambrose\Thierry-Ambrose,fr FRA,FW,Metz,24-033,1997,6.2,2,0,0,16,5,3,10,3,3,0,0,0,38,Matches
Joachim Andersen\Joachim-Andersen,dk DEN,DF,Lyon,24-334,1996,2.1,1,0,0,5,2,0,0,0,1,0,0,0,23,Matches
Benjamin André\Benjamin-Andre,fr FRA,MF,Lille,30-270,1990,29.4,9,0,0,64,53,0,11,55,81,0,0,0,372,Matches
Victorien Angban\Victorien-Angban,ci CIV,MF,Metz,24-213,1996,18.3,5,0,0,29,29,0,6,13,29,0,0,0,188,Matches
Houssem Aouar\Houssem-Aouar,fr FRA,MF,Lyon,22-304,1998,17.5,2,1,0,17,21,3,17,14,10,0,0,0,107,Matches
Adil Aouchiche\Adil-Aouchiche,fr FRA,MFFW,Saint-Étienne,18-289,2002,17.5,2,0,0,18,28,2,39,5,19,0,0,0,102,Matches
Dennis Appiah\Dennis-Appiah,fr FRA,DF,Nantes,28-325,1992,13.4,3,0,0,13,3,1,33,18,24,0,1,0,142,Matches
Luiz Araújo\Luiz-Araujo,br BRA,MF,Lille,24-332,1996,14.3,4,0,0,19,16,0,23,11,19,0,0,0,117,Matches
Karim Aribi\Karim-Aribi,dz ALG,FW,Nîmes,26-310,1994,3.3,0,0,0,2,2,0,1,0,0,1,0,0,12,Matches
Roger Assalé\Roger-Assale,ci CIV,FWMF,Dijon,27-168,1993,9.2,0,1,0,12,26,5,5,7,7,1,0,0,39,Matches
Youcef Attal\Youcef-Attal,dz ALG,DFMF,Nice,24-348,1996,7.4,1,0,0,12,21,6,25,12,18,0,0,0,61,Matches
Jean-Kévin Augustin\Jean-Kevin-Augustin,fr FRA,FW,Nantes,23-318,1997,0.4,0,0,0,1,1,0,0,0,1,0,0,0,0,Matches
Ludovic Baal\Ludovic-Baal,gf GUF,DF,Brest,34-341,1986,3.2,0,0,0,4,7,0,2,2,3,0,0,0,40,Matches
Loïc Bade\Loic-Bade,fr FRA,DF,Lens,21-019,2000,26,10,1,1,39,14,1,3,47,34,0,0,0,307,Matches
Stéphane Bahoken\Stephane-Bahoken,cm CMR,FW,Angers,28-337,1992,15.8,4,0,0,30,28,17,16,7,10,0,0,0,64,Matches
Stefan Bajic\Stefan-Bajic,fr FRA,GK,Saint-Étienne,19-128,2001,1,0,0,0,0,0,0,0,0,0,0,0,0,6,Matches
Mitchel Bakker\Mitchel-Bakker,nl NED,DF,Paris S-G,20-314,2000,17.8,1,0,0,15,8,3,46,16,26,0,0,0,171,Matches
Dilane Bakwa\Dilane-Bakwa,fr FRA,FWMF,Bordeaux,18-247,2002,0.6,0,0,0,1,6,0,0,1,2,0,0,0,5,Matches
Leonardo Balerdi\Leonardo-Balerdi,ar ARG,DFMF,Marseille,22-094,1999,15.1,5,1,0,28,19,2,0,29,17,0,0,0,125,Matches
Fodé Ballo-Touré\Fode-Ballo-Toure,sn SEN,DF,Monaco,24-117,1997,7,2,0,0,10,11,1,26,3,18,1,0,0,53,Matches
Abdoulaye Bamba\Abdoulaye-Bamba,ci CIV,DF,Angers,31-005,1990,15,2,0,0,14,7,0,37,18,17,0,1,0,120,Matches
Jonathan Bamba\Jonathan-Bamba,fr FRA,MF,Lille,25-035,1996,30.2,2,0,0,26,58,3,60,27,31,0,0,0,251,Matches
Robson Bambu\Robson-Bambu,br BRA,DF,Nice,23-169,1997,11.6,3,1,0,20,10,1,0,12,13,0,0,0,114,Matches
Simon Banza\Simon-Banza,fr FRA,FW,Lens,24-260,1996,14.3,6,1,1,28,32,9,10,5,9,1,0,0,53,Matches
Danilo Barbosa\Danilo-Barbosa,br BRA,DF,Nice,25-061,1996,2.8,2,0,0,3,5,0,0,1,3,0,0,0,34,Matches
Melvin Bard\Melvin-Bard,fr FRA,DF,Lyon,20-175,2000,4.8,0,1,0,8,6,0,14,6,11,1,0,0,69,Matches
Toma Baši?\Toma-Basic,hr CRO,MF,Bordeaux,24-156,1996,26,6,0,0,38,27,2,28,21,21,0,0,0,170,Matches
Cristian Battocchio\Cristian-Battocchio,it ITA,MFFW,Brest,29-079,1992,3.9,0,0,0,1,2,0,7,3,3,0,0,0,36,Matches
Paul Baysse\Paul-Baysse,fr FRA,DF,Bordeaux,32-347,1988,27.7,5,1,1,21,15,0,2,36,21,0,0,0,239,Matches
Haris Belkebla\Haris-Belkebla,dz ALG,MF,Brest,27-092,1994,26.9,6,1,0,37,31,0,11,33,46,0,1,0,250,Matches
Jean-Ricner Bellegarde\Jean-Ricner-Bellegarde,fr FRA,MFFW,Strasbourg,22-307,1998,20,3,0,0,28,41,0,31,18,38,3,0,0,165,Matches
Sami Ben Amar\Sami-Ben-Amar,ma MAR,MF,Nîmes,23-059,1998,0.1,0,0,0,0,0,0,0,0,0,0,0,0,0,Matches
Hatem Ben Arfa\Hatem-Ben-Arfa,fr FRA,MFFW,Bordeaux,34-054,1987,18.6,2,0,0,21,33,5,36,3,10,1,0,0,76,Matches
Salim Ben Seghir\Salim-Ben-Seghir,fr FRA,DF,Nice,18-065,2003,0.1,0,0,0,0,0,0,0,0,0,0,0,0,2,Matches
Wissam Ben Yedder\Wissam-Ben-Yedder,fr FRA,FW,Monaco,30-261,1990,25.2,3,0,0,11,32,15,21,8,13,2,0,0,124,Matches
Samy Benchama\Samy-Benchama,fr FRA,MF,Montpellier,20-309,2000,0,0,0,0,1,0,0,0,0,0,0,0,0,1,Matches
Darío Benedetto\Dario-Benedetto,ar ARG,FW,Marseille,30-348,1990,16.5,3,2,1,17,19,13,15,3,1,0,0,0,60,Matches
Walter Benítez\Walter-Benitez,ar ARG,GK,Nice,28-042,1993,34,3,0,0,0,3,0,0,0,0,0,0,0,128,Matches
Loris Benito\Loris-Benito,ch SUI,DF,Bordeaux,29-113,1992,26.5,5,1,0,36,16,2,33,38,33,0,0,0,212,Matches
Bilal Benkhedim\Bilal-Benkhedim,fr FRA,FW,Saint-Étienne,20-010,2001,0.8,0,0,0,1,1,0,4,0,0,0,0,0,10,Matches
Djamel Benlamri\Djamel-Benlamri,dz ALG,DF,Lyon,31-126,1989,1.7,0,0,0,2,7,0,0,6,4,0,0,0,14,Matches
Yassine Benrahou\Yassine-Benrahou,fr FRA,MF,Nîmes,22-096,1999,13.1,2,0,0,8,24,0,30,5,8,0,0,0,103,Matches
Yassine Benzia\Yassine-Benzia,dz ALG,MFFW,Dijon,26-234,1994,4.5,1,0,0,8,9,0,7,8,5,0,0,0,32,Matches
Valon Berisha\Valon-Berisha,xk KVX,MF,Reims,28-082,1993,18.3,2,0,0,16,16,1,20,17,27,0,0,0,145,Matches
Paul Bernardoni\Paul-Bernardoni,fr FRA,GK,Angers,24-012,1997,34,1,0,0,1,11,0,0,0,1,0,1,0,150,Matches
Juan Bernat\Juan-Bernat,es ESP,DF,Paris S-G,28-060,1993,2.2,2,0,0,6,1,0,1,1,2,0,0,0,11,Matches
Dimitry Bertaud\Dimitry-Bertaud,fr FRA,GK,Montpellier,22-328,1998,5.3,0,0,0,0,2,0,0,0,0,0,0,0,26,Matches
Giulian Biancone\Giulian-Biancone,fr FRA,DFMF,Monaco,21-030,2000,1,1,0,0,1,2,0,8,0,2,0,0,0,17,Matches
El Bilal Touré\El-Bilal-Toure,ml MLI,FWMF,Reims,19-209,2001,12.7,4,0,0,39,12,10,2,5,14,0,0,0,46,Matches
Ludovic Blas\Ludovic-Blas,fr FRA,MFFW,Nantes,23-120,1997,27.1,4,0,0,41,41,5,21,25,26,1,0,0,213,Matches
Antonin Bobichon\Antonin-Bobichon,fr FRA,MFFW,Angers,25-228,1995,7.4,0,0,0,8,10,0,15,6,12,1,0,0,54,Matches
Sacha Boey\Sacha-Boey,fr FRA,DF,Dijon,20-229,2000,20.7,1,0,0,36,13,2,37,35,44,0,1,0,178,Matches
Sacha Boey\Sacha-Boey,fr FRA,DF,Rennes,20-229,2000,1.4,0,1,0,2,1,0,2,1,4,0,0,0,16,Matches
Quentin Boisgard\Quentin-Boisgard,fr FRA,MFFW,Lorient,24-044,1997,14.6,5,0,0,25,18,2,37,12,18,0,0,0,95,Matches
Sven Botman\Sven-Botman,nl NED,DF,Lille,21-108,2000,32.8,2,0,0,12,23,2,1,36,27,0,0,0,358,Matches
Denis Bouanga\Denis-Bouanga,ga GAB,MFFW,Saint-Étienne,26-170,1994,26.5,7,0,0,55,30,10,46,19,39,1,0,1,144,Matches
Hicham Boudaoui\Hicham-Boudaoui,dz ALG,MFFW,Nice,21-219,1999,15.6,8,0,0,27,22,5,9,15,34,1,0,0,122,Matches
Ryad Boudebouz\Ryad-Boudebouz,dz ALG,MFFW,Saint-Étienne,31-070,1990,7.2,2,0,0,8,10,1,22,8,5,0,0,0,59,Matches
Sofiane Boufal\Sofiane-Boufal,ma MAR,FWMF,Angers,27-225,1993,8.1,3,0,0,22,23,0,13,5,13,2,0,0,66,Matches
Farid Boulaya\Farid-Boulaya,dz ALG,MFFW,Metz,28-064,1993,29.3,5,0,0,22,60,1,69,7,15,2,1,0,221,Matches
Ismaëlben Boura\Ismaelben-Boura,fr FRA,DF,Lens,20-259,2000,8.1,1,0,0,12,16,0,22,16,11,0,0,0,76,Matches
Benjamin Bourigeaud\Benjamin-Bourigeaud,fr FRA,MFFW,Rennes,27-106,1994,24.8,7,0,0,23,8,3,61,19,25,0,0,0,209,Matches
John Boye\John-Boye,gh GHA,DF,Metz,34-007,1987,31.2,6,2,1,31,19,2,0,44,32,0,0,2,250,Matches
Umut Bozok\Umut-Bozok,tr TUR,FWMF,Lorient,24-223,1996,0.7,0,0,0,0,6,0,0,0,0,0,0,0,7,Matches
Domagoj Bradari?\Domagoj-Bradaric,hr CRO,DF,Lille,21-141,1999,13.9,4,0,0,17,12,0,35,19,17,0,1,0,141,Matches
Lilian Brassier\Lilian-Brassier,fr FRA,DF,Brest,21-179,1999,10,3,0,0,18,10,0,4,18,15,0,0,0,85,Matches
Anthony Briançon\Anthony-Briancon,fr FRA,DF,Nîmes,26-153,1994,13.6,4,0,0,8,9,1,1,21,9,0,0,0,138,Matches
Jimmy Briand\Jimmy-Briand,fr FRA,FW,Bordeaux,35-271,1985,6.3,2,0,0,14,12,2,1,1,4,0,1,0,28,Matches
Dylan Bronn\Dylan-Bronn,tn TUN,DF,Metz,25-315,1995,33.9,2,0,0,34,13,0,4,27,41,0,2,0,290,Matches
Lucas Buadés\Lucas-Buades,fr FRA,FW,Nîmes,23-123,1997,0,0,0,0,0,0,0,0,0,0,0,0,0,0,Matches
Patrick Burner\Patrick-Burner,fr FRA,DF,Nice,25-019,1996,0,0,0,0,0,0,0,0,0,0,0,0,0,0,Matches
Patrick Burner\Patrick-Burner,fr FRA,DF,Nîmes,25-019,1996,12.9,0,0,0,12,10,0,22,18,11,0,0,0,107,Matches
Marcin Bu?ka\Marcin-Bulka,pl POL,GK,Paris S-G,21-208,1999,1,0,0,0,0,0,0,0,0,0,0,0,0,11,Matches
Jimmy Cabot\Jimmy-Cabot,fr FRA,FW,Angers,27-012,1994,8.4,1,0,0,14,8,1,15,10,11,0,0,0,74,Matches
Anthony Caci\Anthony-Caci,fr FRA,DF,Strasbourg,23-303,1997,27.4,0,0,0,28,12,0,58,51,54,0,0,0,246,Matches
Mathieu Cafaro\Mathieu-Cafaro,fr FRA,MFFW,Reims,24-036,1997,21.7,3,0,0,28,36,5,53,18,19,0,0,0,146,Matches
Yannick Cahuzac\Yannick-Cahuzac,fr FRA,MF,Lens,36-102,1985,22.3,8,0,0,26,22,2,10,29,20,0,0,1,198,Matches
Marc-Aurèle Caillard\Marc-Aurele-Caillard,fr FRA,GK,Metz,26-353,1994,4,1,0,0,1,1,0,0,0,0,0,1,0,17,Matches
Duje ?aleta-Car\Duje-Caleta-Car,hr CRO,DF,Marseille,24-225,1996,27.6,8,1,0,30,14,1,0,31,16,0,0,0,239,Matches
Mahdi Camara\Mahdi-Camara,fr FRA,MFDF,Saint-Étienne,22-304,1998,32.6,4,0,0,45,40,0,21,48,64,0,0,0,288,Matches
Eduardo Camavinga\Eduardo-Camavinga,fr FRA,MF,Rennes,18-171,2002,24.2,6,0,0,52,49,0,4,17,61,0,0,0,192,Matches
Pierrick Capelle\Pierrick-Capelle,fr FRA,MFFW,Angers,34-015,1987,18.9,2,0,0,29,18,4,20,35,24,0,1,0,176,Matches
Maxence Caqueret\Maxence-Caqueret,fr FRA,MF,Lyon,21-074,2000,17.1,2,0,0,26,20,0,10,24,51,0,0,0,156,Matches
Irvin Cardona\Irvin-Cardona,fr FRA,FWMF,Brest,23-265,1997,21.6,2,0,0,18,15,16,32,9,4,1,0,0,67,Matches
Lionel Carole\Lionel-Carole,fr FRA,DF,Strasbourg,30-018,1991,13.6,1,0,0,14,18,1,34,28,26,0,0,0,139,Matches
Moreto Cassamã\Moreto-Cassama,gw GNB,MF,Reims,23-073,1998,19.1,8,3,0,26,22,0,5,31,28,0,0,0,197,Matches
Jean-Charles Castelletto\Jean-Charles-Castelletto,cm CMR,DF,Nantes,26-094,1995,19.5,4,0,0,33,8,0,2,28,13,0,2,0,175,Matches
Zeki Çelik\Zeki-Celik,tr TUR,DF,Lille,24-072,1997,22.6,6,0,0,47,11,2,40,24,32,0,0,1,172,Matches
Bersant Celina\Bersant-Celina,xk KVX,MFFW,Dijon,24-233,1996,24.1,5,0,0,14,18,3,45,13,11,0,1,0,147,Matches
Fabien Centonze\Fabien-Centonze,fr FRA,DF,Metz,25-104,1996,31.8,8,0,0,39,46,2,86,53,50,0,1,0,300,Matches
Fouad Chafik\Fouad-Chafik,ma MAR,DF,Dijon,34-196,1986,14.2,5,0,0,16,21,0,24,16,24,0,1,0,112,Matches
Mehdi Chahiri\Mehdi-Chahiri,ma MAR,FWMF,Strasbourg,24-279,1996,8.9,0,0,0,4,9,3,8,12,13,0,0,0,64,Matches
Aníbal Chalá\Anibal-Chala,ec ECU,DF,Dijon,24-356,1996,7.8,0,0,0,13,8,0,9,15,7,0,0,0,52,Matches
Trevoh Chalobah\Trevoh-Chalobah,eng ENG,MFDF,Lorient,21-299,1999,20.9,5,0,0,18,24,0,11,51,26,0,0,0,202,Matches
Gaëtan Charbonnier\Gaetan-Charbonnier,fr FRA,MFFW,Brest,32-124,1988,13.6,3,0,0,22,16,9,14,8,14,0,0,0,70,Matches
Brendan Chardonnet\Brendan-Chardonnet,fr FRA,DF,Brest,26-129,1994,26.2,2,1,0,24,22,0,5,36,26,0,1,0,187,Matches
Xavier Chavalerin\Xavier-Chavalerin,fr FRA,MF,Reims,30-054,1991,24.3,8,0,0,34,6,2,11,29,54,0,0,0,168,Matches
Pape Cheikh Diop\Pape-Cheikh-Diop,sn SEN,MF,Dijon,23-265,1997,12.1,5,0,0,42,24,0,1,6,17,1,0,0,127,Matches
Rayan Cherki\Rayan-Cherki,fr FRA,FWMF,Lyon,17-256,2003,6.2,1,1,0,11,18,2,7,4,3,1,0,0,33,Matches
Pedro Chirivella\Pedro-Chirivella,es ESP,MF,Nantes,23-342,1997,21.3,4,0,0,23,13,0,5,26,14,0,0,0,220,Matches
Joris Chotard\Joris-Chotard,fr FRA,MF,Montpellier,19-218,2001,10.9,2,0,0,10,7,0,6,16,14,0,0,0,81,Matches
Mounir Chouiar\Mounir-Chouiar,fr FRA,FWMF,Dijon,22-097,1999,12.9,5,0,0,24,20,3,15,9,15,0,1,0,80,Matches
Sébastien Cibois\Sebastien-Cibois,fr FRA,GK,Brest,23-059,1998,3,0,0,0,1,0,0,0,0,0,0,1,0,12,Matches
Alexis Claude-Maurice\Alexis-Claude-Maurice,fr FRA,MFFW,Nice,22-328,1998,18.8,1,0,0,22,46,1,17,11,22,0,0,0,105,Matches
Jonathan Clauss\Jonathan-Clauss,fr FRA,DF,Lens,28-217,1992,24.3,1,0,0,17,12,1,113,38,24,1,1,0,185,Matches
Marcus Coco\Marcus-Coco,fr FRA,MFFW,Nantes,24-310,1996,15.7,4,0,0,45,29,2,23,15,29,1,0,0,124,Matches
Racine Coly\Racine-Coly,sn SEN,DF,Nice,25-143,1995,0.2,0,0,0,1,0,0,0,0,1,0,0,0,3,Matches
Daniel Congré\Daniel-Congre,fr FRA,DF,Montpellier,36-025,1985,33.3,4,0,0,27,23,0,3,42,34,0,1,0,273,Matches
Sébastien Corchia\Sebastien-Corchia,fr FRA,DF,Nantes,30-180,1990,19,3,0,0,18,37,0,53,19,18,0,0,0,115,Matches
Maxwel Cornet\Maxwel-Cornet,ci CIV,DFFW,Lyon,24-215,1996,23.2,5,0,0,25,28,3,58,31,42,2,0,0,220,Matches
David Pereira da Costa\David-Pereira-da-Costa,pt POR,MFFW,Lens,20-115,2001,1.6,0,0,0,2,2,0,0,0,5,0,0,0,11,Matches
Benoît Costil\Benoit-Costil,fr FRA,GK,Bordeaux,33-301,1987,34,0,0,0,0,4,0,0,0,0,0,0,0,168,Matches
Kalifa Coulibaly\Kalifa-Coulibaly,ml MLI,FW,Nantes,29-252,1991,7.7,1,0,0,9,8,10,8,3,2,0,0,0,23,Matches
Lassana Coulibaly\Lassana-Coulibaly,ml MLI,MF,Angers,25-020,1996,18.6,4,0,0,26,30,0,5,37,55,0,0,0,200,Matches
Senou Coulibaly\Senou-Coulibaly,ml MLI,DF,Dijon,26-238,1994,18.5,6,1,1,17,10,0,0,34,20,0,0,0,148,Matches
Nicolas Cozza\Nicolas-Cozza,fr FRA,DF,Montpellier,22-112,1999,12.3,2,0,0,8,16,1,8,17,13,0,0,0,95,Matches
Adrián Cubas\Adrian-Cubas,py PAR,MF,Nîmes,24-343,1996,22,6,1,1,28,15,0,4,45,54,0,0,0,264,Matches
Mickaël Cuisance\Mickael-Cuisance,fr FRA,MF,Marseille,21-257,1999,11.4,3,0,0,34,11,1,9,7,17,0,0,0,75,Matches
Damien Da Silva\Damien-Da-Silva,fr FRA,DF,Rennes,32-348,1988,26.6,7,0,0,27,20,0,6,32,15,0,1,0,263,Matches
Colin Dagba\Colin-Dagba,fr FRA,DF,Paris S-G,22-233,1998,12.1,3,0,0,18,9,2,22,9,11,0,1,0,84,Matches
Flavius Daniliuc\Flavius-Daniliuc,at AUT,DF,Nice,20-003,2001,14.9,0,0,0,11,8,0,2,17,12,0,0,0,126,Matches
Dante\Dante,br BRA,DF,Nice,37-194,1983,8.6,2,0,0,6,4,0,0,2,7,0,1,0,78,Matches
Jonathan David\Jonathan-David,ca CAN,FW,Lille,21-106,2000,22.6,0,0,0,32,36,6,7,12,11,1,0,0,97,Matches
Mattia De Sciglio\Mattia-De-Sciglio,it ITA,DF,Lyon,28-192,1992,14.1,4,0,0,21,9,0,23,26,23,0,0,0,130,Matches
Thibault De Smet\Thibault-De-Smet,be BEL,DF,Reims,22-329,1998,4.5,2,0,0,7,6,0,9,5,6,0,1,0,45,Matches
Lucas Deaux\Lucas-Deaux,fr FRA,MFDF,Nîmes,32-125,1988,18.3,4,1,0,31,19,3,20,14,34,0,1,0,209,Matches
Mathieu Debuchy\Mathieu-Debuchy,fr FRA,DF,Saint-Étienne,35-276,1985,20.5,5,0,0,36,17,3,58,36,33,0,3,0,190,Matches
Romain Del Castillo\Romain-Del-Castillo,fr FRA,MFFW,Rennes,25-032,1996,6.5,1,0,0,12,13,1,22,4,19,0,0,0,53,Matches
Thomas Delaine\Thomas-Delaine,fr FRA,DF,Metz,29-037,1992,17.8,4,0,0,22,14,0,62,17,15,0,0,0,117,Matches
Jonathan Delaplace\Jonathan-Delaplace,fr FRA,DF,Lorient,35-041,1986,10.1,1,1,0,16,7,1,27,20,12,0,0,0,96,Matches
Andy Delort\Andy-Delort,dz ALG,FW,Montpellier,29-203,1991,23.7,4,0,0,47,37,18,75,3,15,1,0,0,119,Matches
Moussa Dembélé\Moussa-Dembele,fr FRA,FW,Lyon,24-292,1996,7.5,3,0,0,17,7,7,2,2,3,0,0,0,34,Matches
Jason Denayer\Jason-Denayer,be BEL,DF,Lyon,25-306,1995,26.7,1,0,0,19,7,0,1,22,20,0,0,0,217,Matches
Kevin Denkey\Kevin-Denkey,tg TOG,FW,Nîmes,20-151,2000,5.8,3,0,0,21,9,2,5,2,3,0,0,0,27,Matches
Memphis Depay\Memphis-Depay,nl NED,FW,Lyon,27-076,1994,29.5,4,0,0,30,49,11,93,9,5,2,0,0,146,Matches
Ángel Di María\Angel-Di-Maria,ar ARG,FWMF,Paris S-G,33-075,1988,18.2,1,0,0,11,25,8,86,6,20,0,0,0,77,Matches
Boulaye Dia\Boulaye-Dia,sn SEN,FWMF,Reims,24-165,1996,28.8,2,0,0,29,32,14,13,15,14,1,0,0,111,Matches
Abdou Diallo\Abdou-Diallo,sn SEN,DF,Paris S-G,24-361,1996,14.2,3,2,1,17,9,0,5,12,14,0,0,0,123,Matches
Habib Diallo\Habib-Diallo,sn SEN,FW,Strasbourg,25-316,1995,22.5,1,0,0,19,21,12,16,12,10,0,0,0,98,Matches
Habib Diallo\Habib-Diallo,sn SEN,FW,Metz,25-316,1995,1.6,0,0,0,2,2,2,1,0,0,0,0,0,8,Matches
Ibrahima Diallo\Ibrahima-Diallo,fr FRA,MF,Brest,22-053,1999,4.9,1,0,0,8,8,0,3,3,8,0,0,0,44,Matches
Stéphane Diarra\Stephane-Diarra,fr FRA,FWMF,Lorient,22-142,1998,2,1,0,0,4,4,3,11,0,1,0,0,0,18,Matches
Raphael Dias Belloli\Raphael-Dias-Belloli,br BRA,FWMF,Rennes,24-137,1996,4.5,0,0,0,6,12,0,7,4,2,0,0,0,22,Matches
Krepin Diatta\Krepin-Diatta,sn SEN,MFDF,Monaco,22-064,1999,3.9,3,0,0,3,6,3,8,1,2,0,0,0,31,Matches
Tristan Dingomé\Tristan-Dingome,cm CMR,MF,Reims,30-072,1991,0.2,0,0,0,1,0,0,0,0,0,0,0,0,3,Matches
Sinaly Diomande\Sinaly-Diomande,ci CIV,DF,Lyon,20-021,2001,10.9,3,0,0,16,11,0,3,16,8,0,1,0,98,Matches
Lois Diony\Lois-Diony,fr FRA,FW,Angers,28-131,1992,17.2,2,0,0,20,32,5,28,3,12,1,0,0,55,Matches
Sofiane Diop\Sofiane-Diop,fr FRA,MFFW,Monaco,20-325,2000,22.5,4,0,0,33,56,4,24,16,41,0,0,0,218,Matches
Yehvann Diouf\Yehvann-Diouf,fr FRA,GK,Reims,21-165,1999,1.5,0,0,0,0,1,0,0,0,0,0,0,0,11,Matches
Assane Dioussé\Assane-Diousse,sn SEN,DF,Saint-Étienne,23-222,1997,0,0,0,0,0,0,0,0,0,0,0,0,0,1,Matches
Axel Disasi\Axel-Disasi,fr FRA,DF,Monaco,23-050,1998,20.6,4,2,0,25,16,1,3,22,20,0,0,0,198,Matches
Tiago Djaló\Tiago-Djalo,pt POR,DF,Lille,21-021,2000,8.7,4,1,1,15,8,1,6,11,17,0,0,0,80,Matches
Alexander Djiku\Alexander-Djiku,gh GHA,DFMF,Strasbourg,26-264,1994,24.4,7,0,0,44,31,1,5,69,38,0,2,0,204,Matches
Mihai Dobre\Mihai-Dobre,ro ROU,FWMF,Dijon,22-243,1998,5,0,0,0,4,6,2,6,9,7,0,0,0,37,Matches
Jeremy Doku\Jeremy-Doku,be BEL,MFFW,Rennes,18-338,2002,22.1,1,1,0,32,60,5,63,12,34,0,0,0,143,Matches
Kasper Dolberg\Kasper-Dolberg,dk DEN,FW,Nice,23-206,1997,17.4,2,0,0,19,43,4,3,3,6,0,0,0,60,Matches
Keagan Dolly\Keagan-Dolly,za RSA,MF,Montpellier,28-098,1993,4.5,1,0,0,3,3,2,4,4,8,0,0,0,28,Matches
Anastasios Donis\Anastasios-Donis,gr GRE,MF,Reims,24-244,1996,1.1,0,1,0,3,0,3,3,0,0,0,0,0,2,Matches
Lucas Douath\Lucas-Douath,fr FRA,MF,Saint-Étienne,17-268,2003,12.6,7,0,0,28,26,0,1,19,23,0,0,0,150,Matches
Cheick Doucouré\Cheick-Doucoure,ml MLI,MF,Lens,21-112,2000,25.5,8,0,0,43,13,0,1,46,47,0,0,0,292,Matches
Fodé Doucouré\Fode-Doucoure,ml MLI,DF,Reims,20-086,2001,3.6,0,0,0,4,1,0,4,4,1,0,0,0,30,Matches
Moussa Doumbia\Moussa-Doumbia,ml MLI,MFFW,Reims,26-258,1994,9.3,1,0,0,7,29,1,20,16,3,0,0,0,83,Matches
Souleyman Doumbia\Souleyman-Doumbia,ci CIV,DF,Angers,24-218,1996,24.3,8,0,0,31,15,0,35,40,34,1,1,1,188,Matches
Mouhamadou Drammeh\Mouhamadou-Drammeh,fr FRA,MF,Reims,21-350,1999,1.9,1,0,0,1,4,0,0,2,1,0,0,0,17,Matches
Julian Draxler\Julian-Draxler,de GER,MFFW,Paris S-G,27-222,1993,9.5,3,0,0,7,10,4,21,10,5,0,0,0,50,Matches
Matthieu Dreyer\Matthieu-Dreyer,fr FRA,GK,Lorient,32-041,1989,15,1,0,0,0,1,0,0,0,0,0,0,0,67,Matches
Leo Dubois\Leo-Dubois,fr FRA,DF,Lyon,26-228,1994,29,3,0,0,18,32,2,120,22,29,1,1,0,298,Matches
Haris Duljevi?\Haris-Duljevic,ba BIH,MFFW,Nîmes,27-165,1993,8.5,1,0,0,10,12,1,14,13,14,0,0,0,64,Matches
Jean-Kevin Duverne\Jean-Kevin-Duverne,fr FRA,DF,Brest,23-292,1997,19.2,4,0,0,20,11,0,7,16,20,0,2,0,199,Matches
Eric Junior Dina Ebimbe\Eric-Junior-Dina-Ebimbe,fr FRA,FWMF,Dijon,20-160,2000,21,5,0,0,42,34,2,21,13,22,0,0,0,132,Matches
Enzo Ebosse\Enzo-Ebosse,fr FRA,DF,Angers,22-050,1999,2.9,1,0,0,3,4,0,3,1,3,0,0,0,20,Matches
Bruno Ecuele Manga\Bruno-Ecuele-Manga,ga GAB,DF,Dijon,32-288,1988,34,2,0,0,18,25,1,1,75,37,0,1,0,308,Matches
Hugo Ekitike\Hugo-Ekitike,fr FRA,MFFW,Reims,18-314,2002,1,1,0,0,3,1,0,0,0,1,0,0,0,5,Matches
Niclas Eliasson\Niclas-Eliasson,se SWE,MFFW,Nîmes,25-144,1995,17,1,0,0,23,37,4,57,16,20,0,0,0,86,Matches
Sepe Elye Wahi\Sepe-Elye-Wahi,fr FRA,FW,Montpellier,18-118,2003,5,1,0,0,7,11,3,6,2,2,0,0,0,28,Matches
Renaud Emond\Renaud-Emond,be BEL,FW,Nantes,29-146,1991,3.6,1,0,0,5,12,0,3,1,2,1,0,0,10,Matches
Yoann Etienne\Yoann-Etienne,fr FRA,DF,Lorient,23-346,1997,1,1,0,0,2,1,0,2,2,1,0,0,0,10,Matches
Fábio\Fabio,br BRA,DF,Nantes,30-295,1990,16.7,5,1,1,36,13,1,22,21,39,1,2,0,154,Matches
Cesc Fàbregas\Cesc-Fabregas,es ESP,MF,Monaco,33-361,1987,8.9,2,0,0,13,10,0,15,2,13,0,0,0,75,Matches
Bandiougou Fadiga\Bandiougou-Fadiga,fr FRA,MF,Brest,20-105,2001,0.5,0,0,0,0,1,0,1,1,0,0,0,0,5,Matches
Bandiougou Fadiga\Bandiougou-Fadiga,fr FRA,FWMF,Paris S-G,20-105,2001,0.7,1,0,0,2,2,0,1,1,1,0,0,0,5,Matches
Wout Faes\Wout-Faes,be BEL,DF,Reims,23-027,1998,29.2,13,2,1,23,13,0,0,47,28,0,1,0,260,Matches
Romain Faivre\Romain-Faivre,fr FRA,MFFW,Brest,22-290,1998,28.3,0,0,0,33,63,0,40,28,42,0,0,0,214,Matches
Wuilker Faríñez\Wuilker-Farinez,ve VEN,GK,Lens,23-074,1998,0.2,0,0,0,0,0,0,0,0,0,0,0,0,3,Matches
Noah Fatar\Noah-Fatar,fr FRA,FWMF,Angers,19-074,2002,0.2,0,0,0,3,0,0,0,1,0,0,0,0,2,Matches
Julien Faussurier\Julien-Faussurier,fr FRA,DF,Brest,34-106,1987,8.6,2,0,0,12,2,1,33,5,8,0,1,0,80,Matches
Zinedine Ferhat\Zinedine-Ferhat,dz ALG,MFFW,Nîmes,28-060,1993,29.9,2,0,0,22,62,8,78,32,18,2,0,0,174,Matches
Jordan Ferri\Jordan-Ferri,fr FRA,MF,Montpellier,29-049,1992,28,6,0,0,50,34,0,14,17,60,0,0,0,330,Matches
Alessandro Florenzi\Alessandro-Florenzi,it ITA,DF,Paris S-G,30-050,1991,17,1,0,0,10,7,2,71,16,19,0,0,0,131,Matches
Mamadou Fofana\Mamadou-Fofana,ml MLI,MFDF,Metz,23-099,1998,11.4,2,0,0,12,2,0,0,14,14,0,0,0,111,Matches
Seko Fofana\Seko-Fofana,ci CIV,MF,Lens,25-358,1995,21.7,2,0,0,19,20,1,19,27,11,1,0,0,186,Matches
Wesley Fofana\Wesley-Fofana,fr FRA,DF,Saint-Étienne,20-134,2000,3.5,1,0,0,6,5,1,1,4,5,0,0,0,34,Matches
Youssouf Fofana\Youssouf-Fofana,fr FRA,MF,Monaco,22-110,1999,28.3,9,1,1,42,30,0,11,37,75,0,1,0,269,Matches
Thomas Foket\Thomas-Foket,be BEL,DF,Reims,26-217,1994,33,4,0,0,30,33,4,44,50,43,1,0,1,235,Matches
Lamine Fomba\Lamine-Fomba,fr FRA,MF,Nîmes,23-094,1998,21.8,7,0,0,41,15,0,3,34,46,0,1,0,220,Matches
Thomas Fontaine\Thomas-Fontaine,mg MAD,DF,Lorient,29-357,1991,3.6,0,0,0,1,3,0,0,1,2,0,1,0,17,Matches
José Fonte\Jose-Fonte,pt POR,DF,Lille,37-129,1983,32.4,6,0,0,28,14,0,11,29,24,1,1,1,325,Matches
Steven Fortes\Steven-Fortes,cv CPV,DF,Lens,29-013,1992,13.9,6,1,1,22,7,0,1,23,16,0,0,1,116,Matches
Yassin Fortune\Yassin-Fortune,fr FRA,FW,Angers,22-090,1999,0.2,0,0,0,0,0,0,0,0,0,0,0,0,0,Matches
Angelo Fulgini\Angelo-Fulgini,fr FRA,MF,Angers,24-253,1996,27.5,4,0,0,24,119,2,42,14,13,0,0,0,212,Matches
Baptiste Gabard\Baptiste-Gabard,fr FRA,MF,Saint-Étienne,21-092,2000,1.5,1,0,0,2,3,0,0,0,3,0,0,0,12,Matches
Idrissa Gana Gueye\Idrissa-Gana-Gueye,sn SEN,MF,Paris S-G,31-216,1989,16.5,3,0,0,35,17,0,6,22,43,0,0,0,193,Matches
Ignatius Ganago\Ignatius-Ganago,cm CMR,FW,Lens,22-073,1999,11.2,0,0,0,11,39,5,13,8,3,3,0,0,35,Matches
Yann Gboho\Yann-Gboho,fr FRA,MFFW,Rennes,20-106,2001,3.4,0,0,0,8,7,1,5,1,4,0,0,0,26,Matches
Valère Germain\Valere-Germain,fr FRA,FW,Marseille,31-013,1990,9.5,1,0,0,9,20,2,10,9,2,0,0,0,36,Matches
Willem Geubbels\Willem-Geubbels,fr FRA,FWMF,Monaco,19-257,2001,3.2,3,0,0,10,2,1,4,4,6,0,0,0,23,Matches
Andrei Girotto\Andrei-Girotto,br BRA,DFMF,Nantes,29-072,1992,27.4,3,1,0,28,26,0,6,28,42,0,1,0,314,Matches
Aleksandr Golovin\Aleksandr-Golovin,ru RUS,MFFW,Monaco,24-335,1996,10,1,0,0,14,12,3,31,13,12,0,0,0,73,Matches
Alfred Gomis\Alfred-Gomis,sn SEN,GK,Dijon,27-237,1993,5,0,0,0,0,1,0,0,0,0,0,0,0,19,Matches
Alfred Gomis\Alfred-Gomis,sn SEN,GK,Rennes,27-237,1993,18,1,0,0,1,3,0,0,0,0,0,1,0,94,Matches
Vagner Gonçalves\Vagner-Goncalves,cv CPV,FWMF,Metz,25-110,1996,9.2,3,0,0,19,24,9,7,4,10,1,0,0,60,Matches
Álvaro González\Alvaro-Gonzalez,es ESP,DF,Marseille,31-112,1990,27.5,12,0,0,28,26,2,0,25,18,0,1,0,241,Matches
Amine Gouiri\Amine-Gouiri,fr FRA,FWMF,Nice,21-073,2000,28.4,5,0,0,43,31,8,51,14,22,1,0,0,133,Matches
Jonathan Gradit\Jonathan-Gradit,fr FRA,DF,Lens,28-157,1992,27.4,9,1,1,45,53,0,1,41,28,0,2,0,203,Matches
Andrew Gravillon\Andrew-Gravillon,fr FRA,DF,Lorient,23-081,1998,24.2,3,1,0,20,32,0,7,49,15,0,1,1,218,Matches
Adrian Grbi?\Adrian-Grbic,at AUT,FW,Lorient,24-269,1996,10.3,1,0,0,20,16,2,1,2,7,2,0,0,47,Matches
Etienne Green\Etienne-Green,fr FRA,GK,Saint-Étienne,20-285,2000,4,0,0,0,2,0,0,0,0,0,0,2,0,17,Matches
Clément Grenier\Clement-Grenier,fr FRA,MF,Rennes,30-113,1991,11.3,3,0,0,26,16,0,17,11,8,0,0,0,96,Matches
Evann Guessand\Evann-Guessand,fr FRA,FW,Nice,19-303,2001,0.3,0,0,0,0,0,0,1,1,0,0,0,0,1,Matches
Kelyan Guessoum\Kelyan-Guessoum,fr FRA,DF,Nîmes,22-084,1999,12.3,2,0,0,6,13,0,1,21,8,1,0,0,77,Matches
Lamine Gueye\Lamine-Gueye,sn SEN,FWMF,Metz,23-048,1998,14.9,1,0,0,13,33,8,31,12,13,0,0,0,91,Matches
Pape Gueye\Pape-Gueye,fr FRA,MF,Marseille,22-096,1999,20.5,10,1,1,44,39,1,7,40,30,0,0,0,220,Matches
Frederic Guilbert\Frederic-Guilbert,fr FRA,DF,Strasbourg,26-127,1994,8.4,2,1,0,14,11,0,39,20,18,0,0,0,73,Matches
Bruno Guimarães\Bruno-Guimaraes,br BRA,MF,Lyon,23-165,1997,17.1,5,0,0,29,34,0,7,15,47,0,0,0,172,Matches
Sehrou Guirassy\Sehrou-Guirassy,fr FRA,FW,Rennes,25-049,1996,16.7,3,0,0,33,48,5,2,5,2,1,0,0,58,Matches
Malo Gusto\Malo-Gusto,fr FRA,MF,Lyon,17-346,2003,0,0,0,0,0,0,0,0,0,0,0,0,0,0,Matches
Massadio Haïdara\Massadio-Haidara,ml MLI,DF,Lens,28-149,1992,22.7,6,0,0,34,35,2,28,32,27,1,0,0,176,Matches
Pierre-Yves Hamel\Pierre-Yves-Hamel,fr FRA,FW,Lorient,27-086,1994,9,4,0,0,21,8,4,1,6,13,0,0,0,35,Matches
Romain Hamouma\Romain-Hamouma,fr FRA,FW,Saint-Étienne,34-032,1987,17.9,5,0,0,31,34,10,37,4,8,1,0,0,112,Matches
Dalbert Henrique\Dalbert-Henrique,br BRA,DF,Rennes,27-234,1993,3.4,3,0,0,8,2,0,11,1,4,0,0,0,36,Matches
Luis Henrique\Luis-Henrique,br BRA,DFFW,Marseille,19-137,2001,5,0,0,0,1,3,4,19,6,2,0,0,0,40,Matches
Christophe Hérelle\Christophe-Herelle,mq MTQ,DF,Brest,28-251,1992,15.3,4,0,0,18,16,1,2,16,10,0,0,1,138,Matches
Jérôme Hergault\Jerome-Hergault,fr FRA,DF,Lorient,35-025,1986,14.4,0,0,0,13,21,3,23,21,21,0,0,0,103,Matches
Ander Herrera\Ander-Herrera,es ESP,MF,Paris S-G,31-259,1989,17.5,3,0,0,25,14,0,11,22,32,0,0,0,142,Matches
Vitorino Hilton\Vitorino-Hilton,br BRA,DF,Montpellier,43-229,1977,20.5,3,2,0,17,11,0,0,35,5,0,1,0,177,Matches
Franck Honorat\Franck-Honorat,fr FRA,MFFW,Brest,24-262,1996,23.3,3,0,0,29,12,4,98,19,20,0,1,0,150,Matches
Fraser Hornby\Fraser-Hornby,sco SCO,FW,Reims,21-229,1999,0.4,1,0,0,1,0,0,0,1,0,0,0,0,1,Matches
Adrien Hunou\Adrien-Hunou,fr FRA,FWMF,Rennes,27-101,1994,6.5,1,0,0,7,8,1,8,1,7,0,0,0,22,Matches
Didier Ibrahim Ndong\Didier-Ibrahim-Ndong,ga GAB,MF,Dijon,26-317,1994,28,7,0,0,39,18,1,16,44,38,0,0,0,258,Matches
Mauro Icardi\Mauro-Icardi,ar ARG,FW,Paris S-G,28-070,1993,10.7,1,0,0,8,10,6,2,2,3,2,0,0,32,Matches
Jonathan Ikone\Jonathan-Ikone,fr FRA,MFFW,Lille,22-363,1998,23.4,0,0,0,12,22,6,11,10,13,0,0,0,110,Matches
Yun Il-lok\Yun-Il-lok,kr KOR,MFFW,Montpellier,29-054,1992,3.5,1,0,0,5,1,1,2,6,0,0,0,0,29,Matches
Corentin Jean\Corentin-Jean,fr FRA,FW,Lens,25-289,1995,5.8,3,0,0,14,14,2,7,2,7,2,0,0,27,Matches
Jesé\Jese,es ESP,FW,Paris S-G,28-063,1993,0.3,0,0,0,0,0,0,1,0,0,0,0,0,1,Matches
Stevan Joveti?\Stevan-Jovetic,me MNE,FWMF,Monaco,31-179,1989,8.9,1,0,0,16,14,4,15,7,9,1,0,0,71,Matches
Abdoul Kader Bamba\Abdoul-Kader-Bamba,fr FRA,FWMF,Nantes,27-005,1994,10.2,2,0,0,8,41,0,20,7,13,0,0,0,89,Matches
Tino Kadewere\Tino-Kadewere,zw ZIM,FW,Lyon,25-115,1996,21.3,3,0,0,31,24,10,33,24,25,1,0,0,120,Matches
Gaël Kakuta\Gael-Kakuta,cd COD,MFFW,Lens,29-313,1991,24.6,2,0,0,27,37,2,46,21,26,0,1,0,179,Matches
Arnaud Kalimuendo\Arnaud-Kalimuendo,fr FRA,FWMF,Lens,19-099,2002,12,0,0,0,12,22,0,13,1,5,2,0,0,50,Matches
Arnaud Kalimuendo\Arnaud-Kalimuendo,fr FRA,FW,Paris S-G,19-099,2002,0.8,0,0,0,0,3,1,0,0,0,0,0,0,1,Matches
Samuel Kalu\Samuel-Kalu,ng NGA,FW,Bordeaux,23-247,1997,10.1,3,0,0,16,36,5,16,9,18,0,0,0,59,Matches
Aboubakar Kamara\Aboubakar-Kamara,mr MTN,FWMF,Dijon,26-054,1995,4.7,1,1,0,9,14,1,9,1,3,0,0,0,25,Matches
Bingourou Kamara\Bingourou-Kamara,sn SEN,GK,Strasbourg,24-191,1996,8,0,0,0,1,1,1,0,0,0,0,0,1,44,Matches
Boubacar Kamara\Boubacar-Kamara,fr FRA,MF,Marseille,21-158,1999,28.6,6,0,0,42,48,0,6,32,62,0,0,0,313,Matches
Hassane Kamara\Hassane-Kamara,fr FRA,DF,Nice,26-223,1994,29.1,3,0,0,21,30,1,79,35,22,0,0,0,229,Matches
Wilfried Kanga\Wilfried-Kanga,fr FRA,FW,Angers,23-068,1998,1.5,0,0,0,2,1,1,1,0,0,0,0,0,2,Matches
Eiji Kawashima\Eiji-Kawashima,jp JPN,GK,Strasbourg,38-041,1983,22,1,0,0,1,1,0,0,0,0,0,1,0,95,Matches
Moise Kean\Moise-Kean,it ITA,FW,Paris S-G,21-061,2000,17.7,4,0,0,29,6,5,10,7,9,0,0,0,59,Matches
Thilo Kehrer\Thilo-Kehrer,de GER,DF,Paris S-G,24-221,1996,16.2,2,0,0,24,8,1,9,14,15,0,0,0,167,Matches
Saîf-Eddine Khaoui\Saif-Eddine-Khaoui,tn TUN,FWMF,Marseille,26-003,1995,6.7,4,0,0,16,9,1,10,18,10,0,0,0,66,Matches
Wahbi Khazri\Wahbi-Khazri,tn TUN,FWMF,Saint-Étienne,30-081,1991,9.7,4,1,0,21,25,7,16,3,8,2,0,0,56,Matches
Presnel Kimpembe\Presnel-Kimpembe,fr FRA,DF,Paris S-G,25-260,1995,22.6,6,0,0,26,23,0,2,26,32,0,0,0,203,Matches
Randal Kolo Muani\Randal-Kolo-Muani,fr FRA,FW,Nantes,22-146,1998,29.8,3,0,0,59,61,20,28,14,18,2,0,0,146,Matches
Timothée Kolodziejczak\Timothee-Kolodziejczak,fr FRA,DF,Saint-Étienne,29-211,1991,19.9,3,1,0,25,7,0,8,28,18,0,0,0,222,Matches
Ghislain Konan\Ghislain-Konan,ci CIV,DF,Reims,25-124,1995,26,5,0,0,22,22,2,37,25,39,0,2,0,212,Matches
Moussa Konaté\Moussa-Konate,sn SEN,FW,Dijon,28-027,1993,11.2,4,0,0,20,22,12,3,6,1,0,0,0,42,Matches
Lamine Koné\Lamine-Kone,ci CIV,DF,Strasbourg,32-088,1989,9.6,2,0,0,9,8,0,1,6,7,0,1,0,99,Matches
Moussa Koné\Moussa-Kone,sn SEN,FW,Nîmes,24-121,1996,16.1,1,0,0,19,37,12,4,5,10,0,0,0,61,Matches
Laurent Koscielny\Laurent-Koscielny,fr FRA,DF,Bordeaux,35-232,1985,23.6,3,0,0,12,25,2,0,39,18,1,0,0,233,Matches
Boubakar Kouyaté\Boubakar-Kouyate,ml MLI,DF,Metz,24-015,1997,20.4,9,0,0,37,29,3,0,44,33,0,2,0,155,Matches
Jean-Philippe Krasso\Jean-Philippe-Krasso,fr FRA,FW,Saint-Étienne,23-287,1997,2.5,0,0,0,3,4,5,3,3,3,0,0,0,11,Matches
Layvin Kurzawa\Layvin-Kurzawa,fr FRA,DF,Paris S-G,28-238,1992,13.6,4,1,0,33,6,1,33,23,15,0,0,0,133,Matches
Dereck Kutesa\Dereck-Kutesa,ch SUI,MFFW,Reims,23-145,1997,6.6,2,0,0,12,12,5,14,4,7,0,0,0,24,Matches
Enock Kwateng\Enock-Kwateng,fr FRA,DF,Bordeaux,24-021,1997,7.5,3,0,0,11,10,0,13,12,7,0,0,0,82,Matches
Gaëtan Laborde\Gaetan-Laborde,fr FRA,FWMF,Montpellier,26-362,1994,32.6,3,0,0,58,29,6,50,14,30,0,0,0,198,Matches
Tom Lacoux\Tom-Lacoux,fr FRA,MF,Bordeaux,19-095,2002,2.8,2,1,1,9,0,0,2,6,8,0,0,0,27,Matches
Alban Lafont\Alban-Lafont,fr FRA,GK,Nantes,22-097,1999,34,2,0,0,1,7,0,0,0,0,0,1,0,165,Matches
Kenny Lala\Kenny-Lala,fr FRA,DF,Strasbourg,29-209,1991,20.4,1,0,0,20,16,1,62,13,15,0,0,0,160,Matches
Loïck Landre\Loick-Landre,fr FRA,DF,Nîmes,28-360,1992,14.1,2,1,0,18,7,0,0,16,12,0,2,0,93,Matches
Julien Laporte\Julien-Laporte,fr FRA,DF,Lorient,27-177,1993,27,5,0,0,26,17,0,0,42,39,1,3,0,238,Matches
Gautier Larsonneur\Gautier-Larsonneur,fr FRA,GK,Brest,24-066,1997,31,1,0,0,0,6,0,0,1,0,0,0,0,154,Matches
Paul Lasne\Paul-Lasne,fr FRA,MF,Brest,32-104,1989,18.7,4,1,0,27,19,1,4,34,36,0,1,0,179,Matches
Armand Lauriente\Armand-Lauriente,fr FRA,FWMF,Lorient,22-147,1998,17.3,4,0,0,22,32,7,40,14,16,1,0,0,98,Matches
Wesley Lautoa\Wesley-Lautoa,nc NCL,MFDF,Dijon,33-248,1987,16.9,3,0,0,37,15,0,2,27,26,0,0,1,155,Matches
Jérémy Le Douaron\Jeremy-Le-Douaron,fr FRA,FWMF,Brest,23-009,1998,8.6,0,0,0,18,17,1,10,6,6,1,0,0,66,Matches
Enzo Le Fée\Enzo-Le-Fee,fr FRA,MFFW,Lorient,21-086,2000,16.6,5,0,0,23,32,1,16,22,28,0,0,0,121,Matches
Vincent Le Goff\Vincent-Le-Goff,fr FRA,DF,Lorient,31-197,1989,21.6,0,0,0,14,8,0,52,32,20,0,0,0,154,Matches
Damien Le Tallec\Damien-Le-Tallec,fr FRA,MFDF,Montpellier,31-011,1990,9.8,2,1,0,13,9,0,0,13,5,0,0,1,98,Matches
James Lea Siliki\James-Lea-Siliki,fr FRA,MF,Rennes,24-322,1996,2.8,0,0,0,3,0,0,5,0,4,0,0,0,23,Matches
Jean-Louis Leca\Jean-Louis-Leca,fr FRA,GK,Lens,35-221,1985,33.8,2,0,0,1,9,0,0,0,0,0,1,0,139,Matches
Benjamin Lecomte\Benjamin-Lecomte,fr FRA,GK,Monaco,30-004,1991,24,1,0,0,1,3,0,0,0,0,0,1,0,140,Matches
Pierre Lees-Melou\Pierre-Lees-Melou,fr FRA,MF,Nice,27-340,1993,21.2,3,0,0,33,23,1,16,29,46,0,0,0,170,Matches
Fabien Lemoine\Fabien-Lemoine,fr FRA,MF,Lorient,34-045,1987,17.8,7,0,0,54,17,0,11,26,36,0,1,0,224,Matches
Aaron Leya Iseka\Aaron-Leya-Iseka,be BEL,FW,Metz,23-166,1997,11.2,4,0,0,26,12,2,4,2,5,0,0,0,31,Matches
Dimitri Liénard\Dimitri-Lienard,fr FRA,MF,Strasbourg,33-076,1988,16.9,2,0,0,16,13,0,62,20,26,0,0,0,162,Matches
Isaac Lihadji\Isaac-Lihadji,fr FRA,MFDF,Lille,19-020,2002,2.2,0,0,0,3,1,1,5,0,6,0,0,0,23,Matches
Pol Lirola\Pol-Lirola,es ESP,DF,Marseille,23-260,1997,13.3,1,0,0,12,11,0,42,24,12,0,0,0,106,Matches
Anthony Lopes\Anthony-Lopes,pt POR,GK,Lyon,30-211,1990,34,1,0,0,1,7,0,0,0,0,0,1,2,172,Matches
Rony Lopes\Rony-Lopes,pt POR,FWMF,Nice,25-123,1995,16.9,1,0,0,13,23,1,31,13,16,0,0,0,96,Matches
Maxime Lopez\Maxime-Lopez,fr FRA,FWMF,Marseille,23-147,1997,1.5,1,0,0,4,1,0,1,1,0,0,0,0,6,Matches
Dion Lopy\Dion-Lopy,sn SEN,MF,Reims,19-087,2002,1.8,0,0,0,0,0,0,0,3,1,0,0,0,10,Matches
Jordan Lotomba\Jordan-Lotomba,ch SUI,DF,Nice,22-213,1998,22.9,5,0,0,25,34,2,43,18,19,1,0,0,181,Matches
Adrien Louveau\Adrien-Louveau,fr FRA,DFMF,Lens,21-088,2000,0.1,0,0,0,0,0,0,0,0,0,0,0,0,1,Matches
Imran Louza\Imran-Louza,fr FRA,MF,Nantes,21-364,1999,22.5,4,1,0,33,37,3,24,29,32,0,0,0,223,Matches
Jean Lucas\Jean-Lucas,br BRA,MF,Lyon,22-312,1998,1.9,1,0,0,3,2,0,7,3,4,0,1,0,18,Matches
Jean Lucas\Jean-Lucas,br BRA,MF,Brest,22-312,1998,9.9,3,1,1,10,20,0,8,13,12,0,0,0,86,Matches
Florentino Luís\Florentino-Luis,pt POR,MF,Monaco,21-254,1999,2.7,1,0,0,4,4,0,1,3,8,0,0,0,22,Matches
Yann M'Vila\Yann-MVila,fr FRA,MFFW,Saint-Étienne,30-305,1990,0.2,0,0,0,0,0,0,0,0,0,0,0,0,5,Matches
Yvann Macon\Yvann-Macon,fr FRA,DF,Saint-Étienne,22-211,1998,6,2,0,0,11,7,0,13,2,19,0,0,0,65,Matches
Hugo Magnetti\Hugo-Magnetti,fr FRA,MF,Brest,22-335,1998,4,3,0,0,6,7,0,3,5,11,0,0,0,40,Matches
Hicham Mahou\Hicham-Mahou,fr FRA,DF,Nice,21-302,1999,0.4,1,0,0,3,0,0,3,1,1,0,0,0,1,Matches
Habib Maïga\Habib-Maiga,ci CIV,MF,Metz,25-119,1996,25.9,8,0,0,53,30,3,14,33,53,1,0,0,279,Matches
Mike Maignan\Mike-Maignan,fr FRA,GK,Lille,25-153,1995,34,1,0,0,2,8,0,0,0,0,0,0,0,168,Matches
Josh Maja\Josh-Maja,ng NGA,FW,Bordeaux,22-124,1998,8.9,2,0,0,8,12,2,0,5,2,0,0,0,33,Matches
Rados?aw Majecki\Radoslaw-Majecki,pl POL,GK,Monaco,21-165,1999,1,0,0,0,0,0,0,0,0,0,0,0,0,3,Matches
Abdul Majeed Waris\Abdul-Majeed-Waris,gh GHA,FWMF,Strasbourg,29-223,1991,6.1,0,0,0,9,19,2,9,3,1,0,0,0,30,Matches
Marco Majouga\Marco-Majouga,fr FRA,FWMF,Nîmes,19-356,2001,1.2,0,0,0,3,1,1,1,1,0,0,0,0,8,Matches
Adilson Malanda\Adilson-Malanda,fr FRA,MF,Nîmes,19-183,2001,0.2,0,0,0,1,0,0,0,0,0,0,0,0,0,Matches
Hianga Mananga Mbock\Hianga-Mananga-Mbock,fr FRA,MF,Brest,21-123,1999,5,1,0,0,8,3,0,1,1,4,0,0,0,36,Matches
Vincent Manceau\Vincent-Manceau,fr FRA,DF,Angers,31-294,1989,21.7,3,0,0,14,12,0,36,26,19,0,0,0,172,Matches
Steve Mandanda\Steve-Mandanda,fr FRA,GK,Marseille,36-033,1985,33,1,0,0,0,4,0,0,0,0,0,0,0,178,Matches
Reinildo Mandava\Reinildo-Mandava,mz MOZ,DF,Lille,27-099,1994,20.2,2,1,0,35,31,2,49,43,40,0,0,0,197,Matches
Thomas Mangani\Thomas-Mangani,fr FRA,MF,Angers,34-001,1987,26,3,0,0,15,19,1,32,24,43,0,0,0,293,Matches
Vito Mannone\Vito-Mannone,it ITA,GK,Monaco,33-059,1988,9,0,0,0,0,1,0,0,0,0,0,0,0,35,Matches
Myziane Maolida\Myziane-Maolida,fr FRA,FWMF,Nice,22-075,1999,12,2,0,0,18,10,2,23,5,11,0,0,0,50,Matches
Faitout Maouassa\Faitout-Maouassa,fr FRA,DF,Rennes,22-298,1998,10.7,4,0,0,12,17,0,37,9,16,0,0,0,77,Matches
Sekou Mara\Sekou-Mara,fr FRA,FWMF,Bordeaux,18-274,2002,0.7,0,0,0,1,0,0,0,0,0,0,0,0,3,Matches
Fernando Marçal\Fernando-Marcal,br BRA,DF,Lyon,32-070,1989,0.9,0,0,0,1,1,0,3,0,0,0,0,0,13,Matches
Marcelo\Marcelo,br BRA,DF,Lyon,33-345,1987,29.3,6,1,1,33,10,1,5,29,24,0,1,0,305,Matches
Dario Maresic\Dario-Maresic,at AUT,DF,Reims,21-213,1999,4.7,0,0,0,7,1,0,3,6,6,0,0,0,36,Matches
Jordan Marié\Jordan-Marie,fr FRA,MF,Dijon,29-213,1991,12.1,1,0,0,9,5,0,6,15,25,0,0,0,116,Matches
Guillermo Maripán\Guillermo-Maripan,cl CHI,DF,Monaco,26-359,1994,19.5,4,0,0,13,6,1,1,21,14,0,1,0,167,Matches
Marquinhos\Marquinhos,br BRA,DF,Paris S-G,26-351,1994,19.6,1,0,0,11,4,0,2,25,15,0,0,0,184,Matches
Jonas Martin\Jonas-Martin,fr FRA,MF,Rennes,31-021,1990,5.4,3,0,0,10,5,0,2,9,11,0,0,0,61,Matches
Pablo Martinez\Pablo-Martinez,fr FRA,DF,Nîmes,32-068,1989,6,1,0,0,5,10,0,0,7,8,0,0,0,50,Matches
Gelson Martins\Gelson-Martins,pt POR,MFFW,Monaco,25-354,1995,15.4,3,0,0,21,34,4,25,9,21,2,0,0,113,Matches
Sylvain Marveaux\Sylvain-Marveaux,fr FRA,MFFW,Lorient,35-015,1986,2.2,0,0,0,2,7,0,1,1,4,0,0,0,21,Matches
Pape Matar Sarr\Pape-Matar-Sarr,sn SEN,MF,Metz,18-228,2002,13.8,4,0,0,20,20,1,3,33,25,0,0,0,138,Matches
Eliot Matazo\Eliot-Matazo,be BEL,MF,Monaco,19-074,2002,2.2,0,1,0,4,1,0,0,2,6,0,0,0,18,Matches
Chrislain Matsima\Chrislain-Matsima,fr FRA,DF,Monaco,18-350,2002,3.9,2,0,0,2,1,0,2,1,4,0,0,0,42,Matches
Tony Mauricio\Tony-Mauricio,fr FRA,MF,Lens,27-039,1994,5.2,3,0,0,18,8,0,6,2,12,0,0,0,46,Matches
Stephy Mavididi\Stephy-Mavididi,eng ENG,FWMF,Montpellier,22-334,1998,19.4,3,0,0,28,28,3,18,14,6,1,0,0,95,Matches
Youssef Maziz\Youssef-Maziz,fr FRA,MFFW,Metz,22-310,1998,2.3,1,0,0,2,5,0,3,2,1,0,0,0,15,Matches
Kylian Mbappé\Kylian-Mbappe,fr FRA,FW,Paris S-G,22-131,1998,24.6,5,0,0,21,37,17,61,5,4,4,0,0,101,Matches
Nathanael Mbuku\Nathanael-Mbuku,fr FRA,MFFW,Reims,19-045,2002,21.2,3,0,0,24,52,3,20,15,17,1,1,0,97,Matches
Facundo Medina\Facundo-Medina,ar ARG,DF,Lens,21-337,1999,19.7,9,0,0,28,7,1,2,29,29,0,2,1,229,Matches
Farid El Melali\Farid-El-Melali,dz ALG,FWMF,Angers,23-291,1997,2.8,1,0,0,6,12,0,6,2,4,1,0,0,27,Matches
Birger Meling\Birger-Meling,no NOR,DF,Nîmes,26-134,1994,21.9,3,0,0,11,34,0,29,30,27,0,0,0,183,Matches
Houboulang Mendes\Houboulang-Mendes,fr FRA,DF,Lorient,22-361,1998,14.4,3,0,0,24,6,1,24,7,14,0,3,0,85,Matches
Pedro Mendes\Pedro-Mendes,pt POR,DF,Montpellier,30-211,1990,18.1,5,0,0,23,26,1,2,26,24,0,2,0,146,Matches
Thiago Mendes\Thiago-Mendes,br BRA,MF,Lyon,29-046,1992,23,5,1,0,27,20,0,7,37,36,0,0,0,261,Matches
Batista Mendy\Batista-Mendy,fr FRA,MF,Nantes,21-108,2000,0.8,0,0,0,3,1,0,0,1,1,0,0,0,5,Matches
Edouard Mendy\Edouard-Mendy,sn SEN,GK,Rennes,29-060,1992,1,0,0,0,0,1,0,0,0,0,0,0,0,3,Matches
Mexer\Mexer,mz MOZ,DF,Bordeaux,32-234,1988,6.3,1,0,0,7,2,0,2,18,2,0,1,0,56,Matches
Clément Michelin\Clement-Michelin,fr FRA,DF,Lens,23-354,1997,11.6,1,1,0,18,13,4,48,12,13,0,1,0,88,Matches
Edouard Michut\Edouard-Michut,fr FRA,MF,Paris S-G,18-057,2003,0,0,0,0,0,0,0,0,0,0,0,0,0,0,Matches
Florian Miguel\Florian-Miguel,fr FRA,DF,Nîmes,24-241,1996,17.1,4,2,1,17,32,0,6,35,14,0,2,0,131,Matches
Arkadiusz Milik\Arkadiusz-Milik,pl POL,FW,Marseille,27-061,1994,9.6,0,0,0,8,11,4,2,6,9,0,0,0,24,Matches
Enzo Millot\Enzo-Millot,fr FRA,MF,Monaco,18-287,2002,0.5,0,0,0,1,1,0,1,1,0,0,0,0,3,Matches
Stefan Mitrovi?\Stefan-Mitrovic,rs SRB,DF,Strasbourg,30-343,1990,26.9,3,1,0,19,12,0,1,29,22,0,1,0,218,Matches
Anthony Modeste\Anthony-Modeste,fr FRA,FW,Saint-Étienne,33-016,1988,3.3,1,0,0,5,2,0,3,0,1,0,0,0,6,Matches
Terem Moffi\Terem-Moffi,ng NGA,FW,Lorient,21-340,1999,19.5,2,0,0,26,15,10,10,10,5,1,0,0,87,Matches
Dion Moise Sahi\Dion-Moise-Sahi,ci CIV,FW,Strasbourg,19-131,2001,0.6,0,0,0,0,2,0,1,0,0,1,0,0,6,Matches
Florent Mollet\Florent-Mollet,fr FRA,MF,Montpellier,29-162,1991,24.7,5,1,0,33,25,5,43,29,12,0,0,0,181,Matches
Thomas Monconduit\Thomas-Monconduit,fr FRA,MF,Lorient,30-079,1991,12.5,4,0,0,22,15,0,6,11,24,0,0,0,117,Matches
Kévin Monnet-Paquet\Kevin-Monnet-Paquet,fr FRA,MFFW,Saint-Étienne,32-254,1988,6.1,0,0,0,6,8,0,12,6,7,0,0,0,54,Matches
Jérémy Morel\Jeremy-Morel,mg MAD,DF,Lorient,37-028,1984,23.7,1,0,0,18,14,0,2,30,20,0,0,0,213,Matches
Aimen Moueffek\Aimen-Moueffek,fr FRA,DFMF,Saint-Étienne,20-021,2001,7.8,3,0,0,17,15,0,1,4,19,1,0,0,97,Matches
Harold Moukoudi\Harold-Moukoudi,cm CMR,DF,Saint-Étienne,23-154,1997,24,6,0,0,21,14,0,0,37,38,0,2,0,200,Matches
Jessy Moulin\Jessy-Moulin,fr FRA,GK,Saint-Étienne,35-107,1986,29,1,0,0,0,5,1,0,0,0,0,0,0,164,Matches
Steve Mounié\Steve-Mounie,bj BEN,FW,Brest,26-213,1994,26.4,5,0,0,64,26,20,12,8,15,1,0,0,123,Matches
Samuel Moutoussamy\Samuel-Moutoussamy,cd COD,FW,Nantes,24-261,1996,0.9,0,0,0,2,1,0,2,0,0,0,0,0,2,Matches
Loris Mouyokolo\Loris-Mouyokolo,cg CGO,DF,Lorient,19-343,2001,0.2,0,0,0,0,0,0,0,0,1,0,0,0,2,Matches
Benoît Mukinayi\Benoit-Mukinayi,fr FRA,DF,Monaco,20-035,2001,28.6,3,0,0,27,14,1,1,35,20,0,0,0,334,Matches
Marshall Munetsi\Marshall-Munetsi,zw ZIM,MFDF,Reims,24-312,1996,18.4,6,1,0,27,17,0,3,28,25,0,0,0,195,Matches
Kévin N'Doram\Kevin-NDoram,fr FRA,MF,Metz,25-098,1996,0.5,0,0,0,0,0,0,0,0,0,0,0,0,2,Matches
Stanley N'Soki\Stanley-NSoki,fr FRA,DF,Nice,22-021,1999,13.6,4,0,0,10,6,0,7,22,25,0,1,0,157,Matches
Yuto Nagatomo\Yuto-Nagatomo,jp JPN,DF,Marseille,34-230,1986,16.8,2,0,0,12,13,2,21,24,15,0,0,1,128,Matches
Kenny Nagera\Kenny-Nagera,fr FRA,FW,Paris S-G,19-068,2002,0,0,0,0,0,0,0,0,0,0,0,0,0,0,Matches
Paul Nardi\Paul-Nardi,fr FRA,GK,Lorient,26-347,1994,19,1,0,0,0,0,0,0,1,0,0,0,0,100,Matches
Keylor Navas\Keylor-Navas,cr CRC,GK,Paris S-G,34-136,1986,24,0,0,0,0,2,0,0,0,0,0,0,0,99,Matches
Papa Ndiaga Yade\Papa-Ndiaga-Yade,sn SEN,FWMF,Metz,21-115,2000,8.6,3,0,0,25,6,1,14,5,10,0,0,0,55,Matches
Bridge Ndilu\Bridge-Ndilu,fr FRA,FWMF,Nantes,20-283,2000,0.5,1,0,0,1,2,1,1,0,0,0,0,0,3,Matches
Dan Ndoye\Dan-Ndoye,ch SUI,FWMF,Nice,20-187,2000,5.7,0,0,0,16,14,3,12,2,7,0,1,0,26,Matches
Neymar\Neymar,br BRA,FWMF,Paris S-G,29-084,1992,11.7,6,2,1,22,53,2,24,4,5,2,0,0,75,Matches
Yvan Neyou\Yvan-Neyou,cm CMR,MF,Saint-Étienne,24-117,1997,24.3,8,0,0,41,39,1,7,16,48,0,0,0,226,Matches
Muzinga Ngonda\Muzinga-Ngonda,cd COD,DF,Dijon,26-120,1994,23.1,5,0,0,29,16,0,36,57,34,0,0,0,254,Matches
Ahmad Ngouyamsa\Ahmad-Ngouyamsa,cm CMR,DF,Dijon,20-130,2000,1.6,1,0,0,4,1,0,3,2,2,0,1,0,15,Matches
Opa Nguette\Opa-Nguette,sn SEN,FWMF,Metz,26-296,1994,12.6,0,0,0,18,24,6,10,2,13,1,0,0,71,Matches
Ibrahima Niane\Ibrahima-Niane,sn SEN,FW,Metz,22-050,1999,5.5,0,0,0,9,11,3,1,0,1,1,0,0,26,Matches
M'Baye Niang\MBaye-Niang,sn SEN,FW,Rennes,26-132,1994,4.7,0,0,0,13,11,0,1,0,2,0,0,0,16,Matches
Casimir Ninga\Casimir-Ninga,td CHA,FW,Angers,27-348,1993,0.3,0,0,0,0,1,0,0,0,1,0,0,0,1,Matches
Arnaud Nordin\Arnaud-Nordin,fr FRA,MFFW,Saint-Étienne,22-317,1998,16.8,1,0,0,11,53,2,35,7,9,0,0,0,83,Matches
Olivier Ntcham\Olivier-Ntcham,fr FRA,MF,Marseille,25-080,1996,1.3,0,0,0,1,0,0,1,0,1,0,0,0,9,Matches
Gerzino Nyamsi\Gerzino-Nyamsi,fr FRA,DF,Rennes,24-098,1997,8.6,2,0,0,9,0,0,2,9,7,0,0,0,93,Matches
Steven Nzonzi\Steven-Nzonzi,fr FRA,MF,Rennes,32-136,1988,30.2,8,0,0,33,13,0,4,15,24,0,0,0,298,Matches
Jonas Omlin\Jonas-Omlin,ch SUI,GK,Montpellier,27-110,1994,28.7,0,1,0,3,0,0,0,0,0,0,1,1,164,Matches
Henry Onyekuru\Henry-Onyekuru,ng NGA,FW,Monaco,23-329,1997,1.6,0,0,0,1,3,2,1,0,1,0,0,0,6,Matches
Otávio\Otavio,br BRA,MF,Bordeaux,26-361,1994,17.3,6,0,0,28,12,0,2,13,48,0,1,0,170,Matches
Remi Oudin\Remi-Oudin,fr FRA,FWMF,Bordeaux,24-163,1996,25.5,2,0,0,21,34,4,72,39,18,0,0,0,161,Matches
Alexandre Oukidja\Alexandre-Oukidja,dz ALG,GK,Metz,32-285,1988,30,3,1,0,0,9,0,0,0,0,0,0,0,164,Matches
Zinédine Ould Khaled\Zinedine-Ould-Khaled,fr FRA,MF,Angers,21-106,2000,0.4,1,0,0,1,1,0,0,0,0,0,0,0,1,Matches
Ambroise Oyongo\Ambroise-Oyongo,cm CMR,DF,Montpellier,29-312,1991,6.2,1,0,0,7,8,0,7,2,7,0,1,0,41,Matches
Pablo\Pablo,br BRA,DF,Bordeaux,29-313,1991,12,5,0,0,20,5,0,0,17,12,0,1,1,122,Matches
Vincent Pajot\Vincent-Pajot,fr FRA,MF,Metz,30-254,1990,10.2,3,0,0,16,13,1,7,23,28,0,1,0,87,Matches
Nicolas Pallois\Nicolas-Pallois,fr FRA,DF,Nantes,33-223,1987,26.8,8,1,1,18,10,3,4,40,35,0,0,1,303,Matches
Jonathan Panzo\Jonathan-Panzo,eng ENG,DF,Dijon,20-187,2000,17.7,5,0,0,23,7,1,1,42,15,0,3,0,140,Matches
Lucas Paquetá\Lucas-Paqueta,br BRA,MF,Lyon,23-246,1997,21.5,6,1,1,56,61,4,9,15,45,0,1,0,210,Matches
Gaëtan Paquiez\Gaetan-Paquiez,fr FRA,DF,Nîmes,27-074,1994,9.8,0,0,0,11,15,0,7,9,9,0,0,0,84,Matches
Rubén Pardo\Ruben-Pardo,es ESP,MFFW,Bordeaux,28-190,1992,0.3,0,0,0,1,0,0,0,0,0,0,0,0,1,Matches
Leandro Paredes\Leandro-Paredes,ar ARG,MF,Paris S-G,26-305,1994,14.3,7,1,1,23,19,0,5,16,25,0,0,0,131,Matches
Mateo Pavlovi?\Mateo-Pavlovic,ba BIH,DF,Angers,30-325,1990,8.3,2,0,0,10,2,0,0,12,2,0,0,0,69,Matches
Strahinja Pavlovi?\Strahinja-Pavlovic,rs SRB,DF,Monaco,19-341,2001,0,0,0,0,0,0,0,0,0,0,0,0,0,0,Matches
Dimitri Payet\Dimitri-Payet,fr FRA,FWMF,Marseille,34-032,1987,22.9,3,2,0,12,41,1,74,9,17,0,0,0,118,Matches
Yohann Pelé\Yohann-Pele,fr FRA,GK,Marseille,38-177,1982,1,0,0,0,0,0,0,0,0,0,0,0,0,4,Matches
Pietro Pellegri\Pietro-Pellegri,it ITA,FWMF,Monaco,20-044,2001,2.4,2,0,0,7,9,5,3,0,1,0,0,0,13,Matches
Andy Pelmard\Andy-Pelmard,fr FRA,DF,Nice,21-049,2000,13.1,1,0,0,17,6,0,1,14,15,0,1,0,106,Matches
Timothee Pembele\Timothee-Pembele,fr FRA,DF,Paris S-G,18-233,2002,4.2,1,0,0,6,3,0,2,4,7,0,0,1,29,Matches
Mathias Pereira Lage\Mathias-Pereira-Lage,pt POR,FWMF,Angers,24-151,1996,14.1,3,0,0,26,15,2,25,18,17,0,1,0,84,Matches
Danilo Pereira\Danilo-Pereira,pt POR,MFDF,Paris S-G,29-233,1991,12,3,0,0,13,12,0,2,15,10,0,0,0,127,Matches
Manuel Perez\Manuel-Perez,fr FRA,MF,Lens,29-354,1991,1.4,1,0,0,3,0,0,0,1,1,0,0,0,16,Matches
Romain Perraud\Romain-Perraud,fr FRA,DF,Brest,23-220,1997,30.9,4,0,0,44,52,3,100,29,41,0,1,0,262,Matches
Lucas Perrin\Lucas-Perrin,fr FRA,DF,Marseille,22-162,1998,3.4,1,0,0,4,4,0,2,7,6,0,0,0,25,Matches
Rayan Philippe\Rayan-Philippe,fr FRA,FW,Dijon,20-189,2000,1,0,0,0,0,3,1,1,0,2,0,0,0,5,Matches
Romain Philippoteaux\Romain-Philippoteaux,fr FRA,FW,Nîmes,33-059,1988,2.4,0,0,0,1,0,0,6,0,2,0,0,0,13,Matches
Romain Philippoteaux\Romain-Philippoteaux,fr FRA,MFFW,Brest,33-059,1988,6.5,0,0,0,3,7,2,11,6,6,0,0,0,39,Matches
Jérémy Pied\Jeremy-Pied,fr FRA,DF,Lille,32-066,1989,3.4,1,0,0,5,2,0,9,6,2,0,0,0,46,Matches
Ronaël Pierre-Gabriel\Ronael-Pierre-Gabriel,fr FRA,DF,Brest,22-321,1998,23.6,4,0,0,28,26,2,23,21,35,1,0,0,180,Matches
Maxime Poundjé\Maxime-Poundje,fr FRA,DF,Bordeaux,28-257,1992,3.6,0,0,0,0,8,0,7,5,1,0,0,0,21,Matches
Sanjin Prci?\Sanjin-Prcic,ba BIH,MF,Strasbourg,27-161,1993,3.8,1,0,0,9,3,0,4,5,2,0,0,0,50,Matches
Nicolas de Préville\Nicolas-de-Preville,fr FRA,FWMF,Bordeaux,30-112,1991,16.2,2,0,0,17,38,2,28,13,20,0,0,0,99,Matches
Anthony Racioppi\Anthony-Racioppi,ch SUI,GK,Dijon,22-120,1998,21,0,0,0,0,4,0,0,0,0,0,0,1,103,Matches
Nemanja Radonji?\Nemanja-Radonjic,rs SRB,FW,Marseille,25-074,1996,4.4,2,0,0,3,3,2,8,2,8,0,0,0,31,Matches
Aleksandar Radovanovi?\Aleksandar-Radovanovic,rs SRB,DF,Lens,27-170,1993,1,0,0,0,1,0,0,0,0,0,0,0,0,6,Matches
Rafinha\Rafinha,br BRA,MF,Paris S-G,28-077,1993,13.5,2,0,0,20,39,1,8,12,31,1,0,0,126,Matches
Predrag Rajkovi?\Predrag-Rajkovic,rs SRB,GK,Reims,25-181,1995,32.5,2,0,0,1,11,0,0,0,0,0,1,0,177,Matches
Jeff Reine-Adélaïde\Jeff-Reine-Adelaide,fr FRA,FW,Lyon,23-103,1998,0.3,0,0,0,1,1,0,0,0,0,0,0,0,0,Matches
Jeff Reine-Adélaïde\Jeff-Reine-Adelaide,fr FRA,MFFW,Nice,23-103,1998,11.8,1,0,0,6,21,3,10,8,5,1,0,0,77,Matches
Panagiotis Retsos\Panagiotis-Retsos,gr GRE,DF,Saint-Étienne,22-264,1998,3,2,0,0,6,1,0,0,7,3,0,0,0,40,Matches
Baptiste Reynet\Baptiste-Reynet,fr FRA,GK,Nîmes,30-184,1990,34,3,0,0,1,7,0,0,0,0,0,1,0,185,Matches
Sergio Rico\Sergio-Rico,es ESP,GK,Paris S-G,27-241,1993,9,0,0,0,0,0,0,0,0,0,0,0,0,32,Matches
Renaud Ripart\Renaud-Ripart,fr FRA,MFFW,Nîmes,28-047,1993,29.9,3,0,0,27,55,4,37,35,30,0,0,0,239,Matches
Mihailo Risti?\Mihailo-Ristic,rs SRB,DF,Montpellier,25-181,1995,22,3,0,0,25,16,0,61,23,24,0,1,0,175,Matches
Maxence Rivera\Maxence-Rivera,fr FRA,MFFW,Saint-Étienne,18-335,2002,2.4,0,0,0,2,1,0,6,4,5,0,0,0,20,Matches
Christopher Rocchia\Christopher-Rocchia,fr FRA,DF,Marseille,23-088,1998,0.2,0,0,0,2,1,0,0,0,1,0,0,0,3,Matches
Valentin Rongier\Valentin-Rongier,fr FRA,MF,Marseille,26-144,1994,19,6,0,0,38,21,1,5,32,68,0,0,0,222,Matches
Nolan Roux\Nolan-Roux,fr FRA,FW,Nîmes,33-060,1988,7.2,2,0,0,11,16,3,5,2,6,0,0,0,30,Matches
Daniele Rugani\Daniele-Rugani,it ITA,DF,Rennes,26-275,1994,1,1,0,0,2,2,0,0,0,2,0,0,0,14,Matches
Kays Ruiz\Kays-Ruiz,ma MAR,FWMF,Paris S-G,18-247,2002,2.1,1,0,0,4,5,0,1,1,1,0,0,0,11,Matches
Georginio Rutter\Georginio-Rutter,fr FRA,FWMF,Rennes,19-010,2002,0.5,0,0,0,5,2,2,0,1,2,0,0,0,4,Matches
Roli Pereira de Sa\Roli-Pereira-de-Sa,fr FRA,MF,Nantes,24-141,1996,0.2,0,0,0,0,0,0,0,1,0,0,0,0,4,Matches
Idriss Saadi\Idriss-Saadi,dz ALG,FWMF,Strasbourg,29-081,1992,1.4,0,0,0,1,0,0,2,0,0,0,0,0,6,Matches
Youssouf Sabaly\Youssouf-Sabaly,sn SEN,DF,Bordeaux,28-056,1993,28.3,4,0,0,31,37,2,36,43,32,0,1,0,230,Matches
Hiroki Sakai\Hiroki-Sakai,jp JPN,DF,Marseille,31-018,1990,25.2,6,1,0,42,18,2,31,36,57,0,0,0,201,Matches
Moïse Sakava\Moise-Sakava,cm CMR,MF,Reims,20-125,2000,0.1,0,0,0,0,0,0,0,0,0,0,0,0,1,Matches
William Saliba\William-Saliba,fr FRA,DF,Nice,20-037,2001,16,1,0,0,14,9,0,0,30,7,0,1,0,155,Matches
Romain Salin\Romain-Salin,fr FRA,GK,Rennes,36-275,1984,15,2,0,0,0,2,0,0,0,0,0,0,0,99,Matches
Mama Samba Baldé\Mama-Samba-Balde,gw GNB,FW,Dijon,25-175,1995,21.9,4,0,0,34,36,16,9,12,17,1,0,0,98,Matches
Junior Sambia\Junior-Sambia,fr FRA,DFMF,Montpellier,24-235,1996,25,2,0,0,22,40,3,61,29,32,0,0,0,169,Matches
Frédéric Sammaritano\Frederic-Sammaritano,fr FRA,FWMF,Dijon,35-038,1986,11.3,4,1,0,14,21,0,31,8,9,0,0,0,68,Matches
Renato Sanches\Renato-Sanches,pt POR,MF,Lille,23-255,1997,12.9,3,0,0,25,27,1,16,13,11,0,0,0,120,Matches
Morgan Sanson\Morgan-Sanson,fr FRA,MF,Marseille,26-255,1994,9.2,2,0,0,18,10,0,13,12,19,0,0,0,57,Matches
Baptiste Santamaria\Baptiste-Santamaria,fr FRA,MF,Angers,26-052,1995,3,1,0,0,7,5,1,1,2,6,0,0,0,38,Matches
Pablo Sarabia\Pablo-Sarabia,es ESP,FWMF,Paris S-G,28-354,1992,13.9,2,0,0,7,15,7,35,4,12,0,0,0,65,Matches
Bouna Sarr\Bouna-Sarr,gn GUI,DF,Marseille,29-089,1992,0.8,0,0,0,3,2,0,1,1,1,0,0,0,8,Matches
Sidy Sarr\Sidy-Sarr,sn SEN,MF,Nîmes,24-329,1996,4.6,1,0,0,6,5,1,0,4,6,0,0,0,52,Matches
Téji Savanier\Teji-Savanier,fr FRA,MF,Montpellier,29-129,1991,23.2,6,1,0,53,65,1,53,36,52,1,2,0,263,Matches
Aurélien Scheidler\Aurelien-Scheidler,fr FRA,FW,Dijon,22-330,1998,3.8,1,0,0,7,4,6,0,0,1,0,0,0,11,Matches
Morgan Schneiderlin\Morgan-Schneiderlin,fr FRA,MF,Nice,31-173,1989,22.5,9,1,1,42,9,0,7,30,34,0,0,0,218,Matches
Malik Sellouki\Malik-Sellouki,fr FRA,FWMF,Nice,21-040,2000,0.5,1,0,0,1,2,0,3,1,0,0,0,0,1,Matches
Matz Sels\Matz-Sels,be BEL,GK,Strasbourg,29-063,1992,4,0,0,0,0,0,0,0,0,0,0,0,0,15,Matches
Jean Seri\Jean-Seri,ci CIV,MF,Bordeaux,29-285,1991,7.8,3,0,0,15,12,0,4,8,11,0,0,0,84,Matches
Mahame Siby\Mahame-Siby,fr FRA,MF,Strasbourg,24-297,1996,0.2,0,0,0,0,0,0,0,0,0,0,0,0,2,Matches
Abdoulaye Sidibé\Abdoulaye-Sidibe,fr FRA,MF,Saint-Étienne,19-080,2002,0.1,1,0,0,1,0,0,0,0,1,0,0,0,2,Matches
Djibril Sidibé\Djibril-Sidibe,fr FRA,DF,Monaco,28-275,1992,18.7,3,0,0,28,17,2,31,38,25,0,1,0,197,Matches
Kaj Sierhuis\Kaj-Sierhuis,nl NED,FW,Reims,23-003,1998,6.8,1,0,0,17,5,1,8,2,1,0,0,0,28,Matches
Caio Henrique Oliveira Silva\Caio-Henrique-Oliveira-Silva,br BRA,DF,Monaco,23-273,1997,22.4,0,0,0,9,10,3,62,20,31,1,0,0,172,Matches
Florent da Silva\Florent-da-Silva,fr FRA,FW,Lyon,18-028,2003,0,0,0,0,0,0,0,0,0,0,0,0,0,0,Matches
Gabriel Silva\Gabriel-Silva,br BRA,DF,Saint-Étienne,29-352,1991,1.9,0,0,0,2,4,0,0,1,2,0,0,0,13,Matches
Mohamed Simakan\Mohamed-Simakan,fr FRA,DF,Strasbourg,20-362,2000,17.9,2,0,0,23,27,1,10,24,30,0,2,0,172,Matches
Moses Simon\Moses-Simon,ng NGA,FWMF,Nantes,25-292,1995,22.5,2,0,0,16,27,3,64,15,13,0,0,0,115,Matches
Xavi Simons\Xavi-Simons,nl NED,MF,Paris S-G,18-009,2003,0,0,0,0,0,0,0,0,0,1,0,0,0,1,Matches
Issouf Sissokho\Issouf-Sissokho,ml MLI,MFDF,Bordeaux,19-090,2002,0.3,1,0,0,2,1,0,0,1,2,0,0,0,5,Matches
Ibrahima Sissoko\Ibrahima-Sissoko,fr FRA,MF,Strasbourg,23-185,1997,27.9,6,0,0,65,22,1,20,51,48,0,1,0,282,Matches
Nelson Sissoko\Nelson-Sissoko,fr FRA,DF,Saint-Étienne,24-054,1997,5.3,0,0,0,2,4,0,6,5,8,0,0,1,50,Matches
Jacques Siwe\Jacques-Siwe,fr FRA,FW,Dijon,19-275,2001,0.2,0,0,0,0,1,0,0,0,0,0,0,0,0,Matches
Petar Škuleti?\Petar-Skuletic,rs SRB,FWMF,Montpellier,30-305,1990,2.1,0,0,0,3,3,1,2,0,5,0,0,0,10,Matches
Islam Slimani\Islam-Slimani,dz ALG,FW,Lyon,32-316,1988,5.4,0,1,0,12,6,5,6,1,4,0,0,0,24,Matches
Brandon Soppy\Brandon-Soppy,fr FRA,DF,Rennes,19-068,2002,6.1,1,0,0,12,14,0,14,6,13,0,0,0,53,Matches
Florian Sotoca\Florian-Sotoca,fr FRA,FW,Lens,30-187,1990,25.6,6,0,0,46,44,10,42,7,16,0,0,0,118,Matches
Cheick Souaré\Cheick-Souare,fr FRA,MF,Marseille,18-239,2002,0.1,0,0,0,1,0,0,0,1,0,0,0,0,1,Matches
Rayan Souici\Rayan-Souici,fr FRA,DF,Saint-Étienne,23-061,1998,0.1,0,0,0,0,0,0,0,0,0,0,0,0,3,Matches
Adama Soumaoro\Adama-Soumaoro,fr FRA,DF,Lille,28-316,1992,1.6,1,0,0,2,1,0,0,2,2,0,0,0,14,Matches
Boubakary Soumaré\Boubakary-Soumare,fr FRA,MF,Lille,22-062,1999,17.5,3,0,0,20,16,0,2,30,25,0,0,0,180,Matches
Yaya Soumaré\Yaya-Soumare,fr FRA,FW,Lyon,21-097,2000,0,0,0,0,0,0,0,0,1,0,0,0,0,0,Matches
Arnaud Souquet\Arnaud-Souquet,fr FRA,DF,Montpellier,29-077,1992,11.4,4,0,0,13,19,0,30,15,21,0,1,0,90,Matches
Ansou Sow\Ansou-Sow,fr FRA,MF,Lens,20-356,2000,0.1,0,0,0,0,0,0,0,0,0,0,0,0,0,Matches
Saidou Sow\Saidou-Sow,gn GUI,DF,Saint-Étienne,18-300,2002,9.1,0,0,0,6,3,0,0,15,13,0,0,0,106,Matches
Kevin Strootman\Kevin-Strootman,nl NED,MF,Marseille,31-076,1990,2.6,2,0,0,8,3,0,4,3,6,0,0,0,28,Matches
Abdoulaye Sylla\Abdoulaye-Sylla,gn GUI,DF,Nantes,21-020,2000,0.1,0,0,0,0,0,0,0,1,0,0,0,0,1,Matches
Issiaga Sylla\Issiaga-Sylla,gn GUI,DF,Lens,27-119,1994,12.4,0,1,0,17,9,2,36,16,21,0,0,0,102,Matches
Eddy Sylvestre\Eddy-Sylvestre,fr FRA,FWMF,Nice,21-244,1999,1.1,1,0,0,2,1,0,3,0,1,1,0,0,3,Matches
Waniss Taibi\Waniss-Taibi,fr FRA,MF,Angers,19-054,2002,0.3,0,0,0,1,0,0,0,0,0,0,0,0,0,Matches
Flavien Tait\Flavien-Tait,fr FRA,MFFW,Rennes,28-087,1993,12.3,4,0,0,18,25,0,14,14,18,0,0,0,99,Matches
Heriberto Tavares\Heriberto-Tavares,pt POR,MFFW,Brest,24-070,1997,0.5,0,0,0,1,0,0,0,1,0,0,0,0,2,Matches
Warren Tchimbembé\Warren-Tchimbembe,fr FRA,MFFW,Metz,23-009,1998,5.5,0,0,0,4,6,0,5,3,3,0,0,0,54,Matches
Aurélien Tchouaméni\Aurelien-Tchouameni,fr FRA,MF,Monaco,21-093,2000,30,9,1,1,53,52,1,22,55,86,0,0,0,342,Matches
Martin Terrier\Martin-Terrier,fr FRA,FWMF,Rennes,24-057,1997,23.7,2,1,0,28,32,8,27,15,22,0,0,0,104,Matches
Kenny Tete\Kenny-Tete,nl NED,DF,Lyon,25-203,1995,0.2,0,0,0,0,0,0,0,1,1,0,0,0,4,Matches
Florian Thauvin\Florian-Thauvin,fr FRA,FWMF,Marseille,28-094,1993,27.5,4,0,0,23,46,7,94,14,22,0,1,0,147,Matches
Sada Thioub\Sada-Thioub,sn SEN,FWMF,Angers,25-333,1995,12.1,0,0,0,15,25,1,15,7,17,0,0,0,98,Matches
Romain Thomas\Romain-Thomas,fr FRA,DF,Angers,32-322,1988,29.6,4,1,1,35,17,3,0,35,31,0,0,0,290,Matches
Adrien Thomasson\Adrien-Thomasson,fr FRA,MF,Strasbourg,27-141,1993,26.2,7,1,1,46,38,6,29,25,31,1,0,0,221,Matches
Khéphren Thuram-Ulie\Khephren-Thuram-Ulie,fr FRA,MF,Nice,20-035,2001,14.7,2,0,0,28,10,0,4,9,18,1,1,0,128,Matches
Cheikh Tidiane Sabaly\Cheikh-Tidiane-Sabaly,sn SEN,MF,Metz,22-057,1999,0.1,0,0,0,0,0,0,1,0,0,0,0,0,1,Matches
Jean-Clair Todibo\Jean-Clair-Todibo,fr FRA,DF,Nice,21-121,1999,10.8,3,0,0,12,10,0,1,16,14,0,0,0,77,Matches
Karl Toko Ekambi\Karl-Toko-Ekambi,cm CMR,FW,Lyon,28-228,1992,27.4,3,0,0,23,22,12,43,24,6,2,0,0,120,Matches
Tyron Tormin\Tyron-Tormin,fr FRA,MFFW,Saint-Étienne,19-305,2001,0.2,0,0,0,1,1,0,0,0,0,0,0,0,3,Matches
Abdoulaye Touré\Abdoulaye-Toure,fr FRA,MF,Nantes,27-058,1994,18.7,2,0,0,20,32,0,5,16,21,0,2,0,197,Matches
Amadou Traore\Amadou-Traore,fr FRA,MFFW,Bordeaux,19-054,2002,2.4,0,0,0,4,8,0,12,1,3,0,0,0,12,Matches
Charles Traore\Charles-Traore,ml MLI,DF,Nantes,29-119,1992,18.8,6,0,0,32,22,1,20,25,37,0,1,0,169,Matches
Cheick Traoré\Cheick-Traore,ml MLI,DF,Lens,26-030,1995,0.2,0,0,0,0,0,0,0,0,1,0,0,0,1,Matches
Hamari Traoré\Hamari-Traore,ml MLI,DF,Rennes,29-093,1992,29.5,4,0,0,34,21,2,90,53,35,1,1,0,280,Matches
Ismaël Traoré\Ismael-Traore,ci CIV,DF,Angers,34-255,1986,33,3,0,0,20,11,1,4,42,34,0,0,0,292,Matches
Miguel Trauco\Miguel-Trauco,pe PER,DF,Saint-Étienne,28-248,1992,20.6,1,0,0,25,11,0,48,32,24,0,0,0,209,Matches
Alexis Trouillet\Alexis-Trouillet,fr FRA,MF,Nice,20-128,2000,1.2,0,0,0,2,4,0,1,1,4,0,0,0,12,Matches
Adrien Truffert\Adrien-Truffert,fr FRA,DFMF,Rennes,19-161,2001,20.8,3,0,0,23,25,0,59,18,22,1,0,0,167,Matches
Marvin Tshibuabua\Marvin-Tshibuabua,fr FRA,DF,Saint-Étienne,19-112,2002,0.5,0,0,0,0,0,0,0,1,0,0,0,0,5,Matches
Matthieu Udol\Matthieu-Udol,fr FRA,DF,Metz,25-041,1996,17.1,1,1,0,12,17,0,41,28,24,0,1,0,137,Matches
Naomichi Ueda\Naomichi-Ueda,jp JPN,DF,Nîmes,26-188,1994,4.1,0,0,0,0,3,1,1,7,1,0,0,0,26,Matches
Chimuanya Ugochukwu\Chimuanya-Ugochukwu,fr FRA,MF,Rennes,17-035,2004,0,0,0,0,0,0,0,0,0,0,0,0,0,0,Matches
Hwang Ui-jo\Hwang-Ui-jo,kr KOR,FWMF,Bordeaux,28-245,1992,24.4,1,0,0,28,33,14,14,10,3,0,0,0,66,Matches
Marco Verratti\Marco-Verratti,it ITA,MF,Paris S-G,28-176,1992,16.2,6,0,0,27,49,0,9,20,31,0,0,0,169,Matches
Clément Vidal\Clement-Vidal,fr FRA,DF,Montpellier,20-316,2000,0.1,0,0,0,0,0,0,0,0,0,0,0,0,1,Matches
Kevin Volland\Kevin-Volland,de GER,FWMF,Monaco,28-274,1992,26.9,3,0,0,49,38,13,24,3,26,2,0,0,126,Matches
Franklin Wadja\Franklin-Wadja,cm CMR,MF,Lorient,25-364,1995,0.4,1,0,0,1,0,0,0,0,1,0,0,0,11,Matches
Timothy Weah\Timothy-Weah,us USA,FWMF,Lille,21-067,2000,9.5,1,0,0,15,7,4,18,4,12,0,0,0,56,Matches
Yoane Wissa\Yoane-Wissa,cd COD,FWMF,Lorient,24-239,1996,26.2,2,0,0,27,75,10,27,19,16,2,0,0,176,Matches
Xeka\Xeka,pt POR,MF,Lille,26-171,1994,11.8,5,0,0,26,25,0,6,12,22,0,0,0,106,Matches
Yusuf Yaz?c?\Yusuf-Yazici,tr TUR,FWMF,Lille,24-091,1997,10.8,1,0,0,12,8,8,19,1,10,0,0,0,65,Matches
Burak Y?lmaz\Burak-Yilmaz,tr TUR,FW,Lille,35-289,1985,19.3,6,0,0,30,31,24,13,6,2,1,0,0,63,Matches
Wilitty Younoussa\Wilitty-Younoussa,cm CMR,DFMF,Dijon,19-233,2001,0.2,0,0,0,1,1,0,1,0,0,0,0,0,2,Matches
Zaydou Youssouf\Zaydou-Youssouf,fr FRA,MF,Saint-Étienne,21-293,1999,13.3,2,0,0,16,35,0,13,21,17,0,0,0,87,Matches
Arthur Zagre\Arthur-Zagre,fr FRA,MF,Dijon,19-208,2001,0.1,0,0,0,1,1,0,0,0,0,0,0,0,2,Matches
Arber Zeneli\Arber-Zeneli,xk KVX,MFFW,Reims,26-064,1995,13,0,0,0,13,21,5,19,9,9,0,0,0,82,Matches
Mehdi Zerkane\Mehdi-Zerkane,dz ALG,MFFW,Bordeaux,21-289,1999,11.8,2,1,0,20,23,1,7,10,16,1,1,0,84,Matches
Kévin Zohi\Kevin-Zohi,ml MLI,FWMF,Strasbourg,24-132,1996,4.7,0,0,0,6,2,0,12,6,7,0,0,0,31,Matches
