Player,Nation,Pos,Squad,Age,Born,MP,Min,90s,Gls,Ast,G-PK,PK,PKatt,CrdY,CrdR,Gls,Ast,G+A,G-PK,G+A-PK,Matches
Yunis Abdelhamid\Yunis-Abdelhamid,ma MAR,DF,Dijon,28,1987,18,1314,14.6,0,0,0,0,0,3,0,0,0,0,0,0,Matches
Mehdi Abeid\Mehdi-Abeid,dz ALG,MF,Dijon,23,1992,28,2374,26.4,3,2,3,0,0,8,0,0.11,0.08,0.19,0.11,0.19,Matches
Geoffrey Acheampong\Geoffrey-Acheampong,gh GHA,MF,Bastia,19,1997,2,12,0.1,0,0,0,0,0,0,0,0,0,0,0,0,Matches
Jordan Adéoti\Jordan-Adeoti,bj BEN,DF,Caen,27,1989,27,2120,23.6,0,1,0,0,0,3,0,0,0.04,0.04,0,0.04,Matches
Youssef Aït Bennasser\Youssef-Ait-Bennasser,ma MAR,MF,Nancy,20,1996,26,1930,21.4,3,1,3,0,0,3,0,0.14,0.05,0.19,0.14,0.19,Matches
Jean-Daniel Akpa-Akpro\Jean-Daniel-Akpa-Akpro,ci CIV,DFMF,Toulouse,23,1992,2,73,0.8,0,0,0,0,0,1,0,0,0,0,0,0,Matches
Alexis Alegue\Alexis-Alegue,fr FRA,FW,Nantes,19,1996,2,18,0.2,0,0,0,0,0,0,0,0,0,0,0,0,Matches
Romain Alessandrini\Romain-Alessandrini,fr FRA,FWMF,Marseille,27,1989,6,241,2.7,0,0,0,0,0,1,0,0,0,0,0,0,Matches
Jérémie Aliadière\Jeremie-Aliadiere,fr FRA,FW,Lorient,33,1983,13,487,5.4,1,2,1,0,0,0,0,0.18,0.37,0.55,0.18,0.55,Matches
Júnior Alonso\Junior-Alonso,py PAR,DF,Lille,23,1993,12,959,10.7,0,1,0,0,0,1,0,0,0.09,0.09,0,0.09,Matches
Ibrahim Amadou\Ibrahim-Amadou,fr FRA,MF,Lille,23,1993,35,2952,32.8,1,0,1,0,0,4,0,0.03,0,0.03,0.03,0.03,Matches
Morgan Amalfitano\Morgan-Amalfitano,fr FRA,MFFW,Lille,31,1985,17,733,8.1,0,0,0,0,0,0,0,0,0,0,0,0,Matches
Morgan Amalfitano\Morgan-Amalfitano,fr FRA,MF,Rennes,31,1985,6,401,4.5,1,0,1,0,0,0,0,0.22,0,0.22,0.22,0.22,Matches
Romain Amalfitano\Romain-Amalfitano,fr FRA,MF,Dijon,26,1989,26,1418,15.8,0,0,0,0,0,2,0,0,0,0,0,0,Matches
Kelvin Amian\Kelvin-Amian,fr FRA,DF,Toulouse,18,1998,22,1776,19.7,0,0,0,0,0,1,0,0,0,0,0,0,Matches
Benjamin André\Benjamin-Andre,fr FRA,MF,Rennes,25,1990,36,3215,35.7,0,3,0,0,0,6,0,0,0.08,0.08,0,0.08,Matches
Yoann Andreu\Yoann-Andreu,fr FRA,DF,Angers,27,1989,16,1367,15.2,0,0,0,0,0,3,0,0,0,0,0,0,Matches
Benjamin Angoua\Benjamin-Angoua,ci CIV,DF,Guingamp,29,1986,7,538,6,0,0,0,0,0,0,0,0,0,0,0,0,Matches
Houssem Aouar\Houssem-Aouar,fr FRA,FW,Lyon,18,1998,3,127,1.4,0,0,0,0,0,0,0,0,0,0,0,0,Matches
Mauro Arambarri\Mauro-Arambarri,uy URU,MF,Bordeaux,20,1995,4,40,0.4,0,0,0,0,0,0,0,0,0,0,0,0,Matches
Alphonse Areola\Alphonse-Areola,fr FRA,GK,Paris S-G,23,1993,15,1297,14.4,0,0,0,0,0,0,0,0,0,0,0,0,Matches
Fernando Aristeguieta\Fernando-Aristeguieta,ve VEN,FW,Nantes,24,1992,5,52,0.6,0,0,0,0,0,0,0,0,0,0,0,0,Matches
Sylvain Armand\Sylvain-Armand,fr FRA,DF,Rennes,35,1980,1,66,0.7,0,0,0,0,0,0,0,0,0,0,0,0,Matches
Benoît Assou-Ekotto\Benoit-Assou-Ekotto,cm CMR,DF,Metz,32,1984,18,1479,16.4,0,1,0,0,0,1,3,0,0.06,0.06,0,0.06,Matches
Jean-Kévin Augustin\Jean-Kevin-Augustin,fr FRA,FW,Paris S-G,19,1997,10,196,2.2,1,2,1,0,0,0,0,0.46,0.92,1.38,0.46,1.38,Matches
Serge Aurier\Serge-Aurier,ci CIV,DF,Paris S-G,23,1992,22,1829,20.3,0,3,0,0,0,4,2,0,0.15,0.15,0,0.15,Matches
Ludovic Baal\Ludovic-Baal,gf GUF,DFMF,Rennes,30,1986,33,2880,32,0,4,0,0,0,3,1,0,0.12,0.12,0,0.12,Matches
Loic Badiashile\Loic-Badiashile,fr FRA,GK,Monaco,18,1998,1,45,0.5,0,0,0,0,0,0,0,0,0,0,0,0,Matches
Tobias Badila\Tobias-Badila,cg CGO,DF,Nancy,23,1993,26,2252,25,1,0,1,0,0,7,0,0.04,0,0.04,0.04,0.04,Matches
Dylan Bahamboula\Dylan-Bahamboula,cg CGO,FW,Dijon,21,1995,11,526,5.8,1,0,1,0,0,1,0,0.17,0,0.17,0.17,0.17,Matches
Farès Bahlouli\Fares-Bahlouli,fr FRA,MF,Lille,21,1995,3,98,1.1,0,0,0,0,0,0,0,0,0,0,0,0,Matches
Tiemoué Bakayoko\Tiemoue-Bakayoko,fr FRA,MF,Monaco,21,1994,32,2223,24.7,2,1,2,0,0,2,1,0.08,0.04,0.12,0.08,0.12,Matches
Iván Balliu\Ivan-Balliu,al ALB,DF,Metz,24,1992,27,2331,25.9,0,4,0,0,0,4,0,0,0.15,0.15,0,0.15,Matches
Florent Balmont\Florent-Balmont,fr FRA,MF,Dijon,36,1980,23,1714,19,0,2,0,0,0,7,0,0,0.11,0.11,0,0.11,Matches
Mario Balotelli\Mario-Balotelli,it ITA,FW,Nice,25,1990,23,1741,19.3,15,1,12,3,4,6,4,0.78,0.05,0.83,0.62,0.67,Matches
Abdoulaye Bamba\Abdoulaye-Bamba,ci CIV,DF,Angers,26,1990,8,593,6.6,0,1,0,0,0,2,0,0,0.15,0.15,0,0.15,Matches
Jonathan Bamba\Jonathan-Bamba,fr FRA,FW,Angers,20,1996,16,833,9.3,3,2,3,0,0,0,0,0.32,0.22,0.54,0.32,0.54,Matches
Yacine Bammou\Yacine-Bammou,ma MAR,FWMF,Nantes,24,1991,32,1778,19.8,4,3,4,0,0,7,0,0.2,0.15,0.35,0.2,0.35,Matches
Maxime Barthelmé\Maxime-Barthelme,fr FRA,FWMF,Lorient,27,1988,9,327,3.6,0,1,0,0,0,1,0,0,0.28,0.28,0,0.28,Matches
Marko Ba_a\Marko-Basa,me MNE,DF,Lille,33,1982,23,1949,21.7,1,0,1,0,0,0,0,0.05,0,0.05,0.05,0.05,Matches
Nicolas Basin\Nicolas-Basin,fr FRA,DF,Metz,18,1998,1,26,0.3,0,0,0,0,0,0,0,0,0,0,0,0,Matches
Amine Bassi\Amine-Bassi,fr FRA,MF,Nancy,18,1997,1,90,1,0,0,0,0,0,0,0,0,0,0,0,0,Matches
Éric Bauthéac\Eric-Bautheac,fr FRA,MFFW,Lille,28,1987,13,725,8.1,0,0,0,0,0,4,0,0,0,0,0,0,Matches
Paul Baysse\Paul-Baysse,fr FRA,DF,Nice,28,1988,22,1858,20.6,2,1,2,0,0,1,0,0.1,0.05,0.15,0.1,0.15,Matches
Hervé Bazile\Herve-Bazile,ht HAI,MFFW,Caen,26,1990,19,732,8.1,2,2,2,0,0,1,0,0.25,0.25,0.49,0.25,0.49,Matches
Henri Bedimo\Henri-Bedimo,cm CMR,DF,Marseille,32,1984,16,1173,13,0,0,0,0,0,2,0,0,0,0,0,0,Matches
Jérémie Bela\Jeremie-Bela,ao ANG,MFFW,Dijon,23,1993,14,375,4.2,0,1,0,0,0,0,0,0,0.24,0.24,0,0.24,Matches
Younès Belhanda\Younes-Belhanda,ma MAR,FWMF,Nice,26,1990,31,2541,28.2,3,5,3,0,0,8,1,0.11,0.18,0.28,0.11,0.28,Matches
François Bellugou\Francois-Bellugou,fr FRA,MFDF,Lorient,29,1987,26,1422,15.8,0,0,0,0,0,5,1,0,0,0,0,0,Matches
Anthony Belmonte\Anthony-Belmonte,fr FRA,MF,Dijon,20,1995,8,261,2.9,0,0,0,0,0,0,0,0,0,0,0,0,Matches
Hatem Ben Arfa\Hatem-Ben-Arfa,fr FRA,MFFW,Paris S-G,29,1987,23,643,7.1,0,1,0,0,0,1,0,0,0.14,0.14,0,0.14,Matches
Issam Ben Khémis\Issam-Ben-Khemis,tn TUN,MF,Lorient,20,1996,2,27,0.3,0,0,0,0,0,0,0,0,0,0,0,0,Matches
Syam Ben Youssef\Syam-Ben-Youssef,tn TUN,DF,Caen,27,1989,17,1293,14.4,0,0,0,0,0,6,0,0,0,0,0,0,Matches
Nicolas Benezet\Nicolas-Benezet,fr FRA,FW,Guingamp,25,1991,5,169,1.9,1,1,1,0,0,0,0,0.53,0.53,1.07,0.53,1.07,Matches
Pierre Bengtsson\Pierre-Bengtsson,se SWE,DFMF,Bastia,28,1988,30,2626,29.2,1,1,1,0,0,0,0,0.03,0.03,0.07,0.03,0.07,Matches
Walter Benítez\Walter-Benitez,ar ARG,GK,Nice,23,1993,3,215,2.4,0,0,0,0,0,0,0,0,0,0,0,0,Matches
Ramy Bensebaini\Ramy-Bensebaini,dz ALG,DF,Rennes,21,1995,25,1838,20.4,0,0,0,0,0,4,2,0,0,0,0,0,Matches
Yassine Benzia\Yassine-Benzia,dz ALG,MF,Lille,21,1994,25,1627,18.1,3,3,2,1,1,3,0,0.17,0.17,0.33,0.11,0.28,Matches
Franck Béria\Franck-Beria,fr FRA,DF,Lille,33,1983,28,2326,25.8,1,0,1,0,0,7,2,0.04,0,0.04,0.04,0.04,Matches
Robert Beri_\Robert-Beric,si SVN,FW,Saint-Étienne,25,1991,22,1444,16,6,0,6,0,1,0,0,0.37,0,0.37,0.37,0.37,Matches
Kévin Bérigaud\Kevin-Berigaud,fr FRA,MFFW,Montpellier,28,1988,13,625,6.9,0,1,0,0,0,0,0,0,0.14,0.14,0,0.14,Matches
Kévin Bérigaud\Kevin-Berigaud,fr FRA,FW,Angers,28,1988,13,470,5.2,0,0,0,0,0,1,0,0,0,0,0,0,Matches
Quentin Bernard\Quentin-Bernard,fr FRA,DF,Dijon,27,1989,7,554,6.2,0,0,0,0,0,1,0,0,0,0,0,0,Matches
Vincent Bessat\Vincent-Bessat,fr FRA,DFMF,Caen,30,1985,37,2815,31.3,0,5,0,0,0,3,0,0,0.16,0.16,0,0.16,Matches
Thievy Bifouma\Thievy-Bifouma,cg CGO,FWMF,Bastia,24,1992,14,707,7.9,2,1,2,0,0,3,0,0.25,0.13,0.38,0.25,0.38,Matches
Milan Bi_evac\Milan-Bisevac,rs SRB,DF,Metz,32,1983,21,1834,20.4,0,0,0,0,0,4,1,0,0,0,0,0,Matches
Yves Bissouma\Yves-Bissouma,ml MLI,MFFW,Lille,19,1996,23,766,8.5,1,0,1,0,0,4,1,0.12,0,0.12,0.12,0.12,Matches
Ludovic Blas\Ludovic-Blas,fr FRA,MF,Guingamp,18,1997,24,1160,12.9,1,1,1,0,0,5,0,0.08,0.08,0.16,0.08,0.16,Matches
Alexis Blin\Alexis-Blin,fr FRA,MF,Toulouse,19,1996,26,2148,23.9,0,0,0,0,0,5,2,0,0,0,0,0,Matches
Yann Bodiger\Yann-Bodiger,fr FRA,MF,Toulouse,21,1995,29,1836,20.4,1,3,0,1,1,7,1,0.05,0.15,0.2,0,0.15,Matches
Mathieu Bodmer\Mathieu-Bodmer,fr FRA,MFDF,Guingamp,33,1982,10,671,7.5,0,0,0,0,0,2,0,0,0,0,0,0,Matches
Mathieu Bodmer\Mathieu-Bodmer,fr FRA,MF,Nice,33,1982,12,587,6.5,0,0,0,0,0,2,0,0,0,0,0,0,Matches
Olivier Boscagli\Olivier-Boscagli,fr FRA,DF,Nice,18,1997,1,43,0.5,0,0,0,0,0,0,0,0,0,0,0,0,Matches
Gabriel Boschilia\Gabriel-Boschilia,br BRA,MFFW,Monaco,20,1996,11,437,4.9,6,2,6,0,0,1,0,1.24,0.41,1.65,1.24,1.65,Matches
Ryad Boudebouz\Ryad-Boudebouz,dz ALG,MFFW,Montpellier,26,1990,33,2921,32.5,11,9,8,3,3,4,0,0.34,0.28,0.62,0.25,0.52,Matches
Arnold Bouka Moutou\Arnold-Bouka-Moutou,cg CGO,DF,Dijon,27,1988,10,755,8.4,0,0,0,0,0,3,2,0,0,0,0,0,Matches
Farid Boulaya\Farid-Boulaya,dz ALG,FW,Bastia,23,1993,2,17,0.2,0,0,0,0,0,0,0,0,0,0,0,0,Matches
Grégory Bourillon\Gregory-Bourillon,fr FRA,DFMF,Angers,32,1984,5,345,3.8,1,0,1,0,0,1,0,0.26,0,0.26,0.26,0.26,Matches
Martin Braithwaite\Martin-Braithwaite,dk DEN,FWMF,Toulouse,25,1991,34,2945,32.7,11,3,7,4,6,7,0,0.34,0.09,0.43,0.21,0.31,Matches
Jimmy Briand\Jimmy-Briand,fr FRA,FW,Guingamp,30,1985,34,2882,32,12,6,9,3,3,2,0,0.37,0.19,0.56,0.28,0.47,Matches
Patrick Burner\Patrick-Burner,fr FRA,MFDF,Nice,20,1996,4,248,2.8,0,0,0,0,0,0,0,0,0,0,0,0,Matches
Alexis Busin\Alexis-Busin,fr FRA,MFFW,Nancy,20,1995,6,243,2.7,1,0,1,0,0,0,0,0.37,0,0.37,0.37,0.37,Matches
Erick Cabaco\Erick-Cabaco,uy URU,DF,Nancy,21,1995,20,1613,17.9,0,1,0,0,0,1,1,0,0.06,0.06,0,0.06,Matches
Rémy Cabella\Remy-Cabella,fr FRA,FWMF,Marseille,26,1990,29,1587,17.6,2,4,2,0,0,4,0,0.11,0.23,0.34,0.11,0.34,Matches
Jimmy Cabot\Jimmy-Cabot,fr FRA,MFFW,Lorient,22,1994,25,1279,14.2,5,4,5,0,0,1,0,0.35,0.28,0.63,0.35,0.63,Matches
Jerson Cabral\Jerson-Cabral,nl NED,FW,Bastia,25,1991,6,68,0.8,0,0,0,0,0,0,0,0,0,0,0,0,Matches
Mathieu Cafaro\Mathieu-Cafaro,fr FRA,FWMF,Toulouse,19,1997,4,67,0.7,0,0,0,0,0,1,0,0,0,0,0,0,Matches
Cafú\Cafu,pt POR,MF,Lorient,23,1993,18,1183,13.1,0,2,0,0,0,3,0,0,0.15,0.15,0,0.15,Matches
Yannick Cahuzac\Yannick-Cahuzac,fr FRA,MF,Bastia,31,1985,29,2427,27,1,0,1,0,0,8,7,0.04,0,0.04,0.04,0.04,Matches
Lorenzo Callegari\Lorenzo-Callegari,fr FRA,MF,Paris S-G,18,1998,1,4,0,0,0,0,0,0,0,0,0,0,0,0,0,Matches
Souleymane Camara\Souleymane-Camara,sn SEN,MFFW,Montpellier,33,1982,28,1089,12.1,1,1,1,0,0,0,0,0.08,0.08,0.17,0.08,0.17,Matches
Pierrick Capelle\Pierrick-Capelle,fr FRA,FWMF,Angers,29,1987,32,1749,19.4,2,1,2,0,0,4,0,0.1,0.05,0.15,0.1,0.15,Matches
Yoan Cardinale\Yoan-Cardinale,fr FRA,GK,Nice,22,1994,36,3205,35.6,0,0,0,0,0,2,0,0,0,0,0,0,Matches
Irvin Cardona\Irvin-Cardona,fr FRA,FW,Monaco,18,1997,3,19,0.2,0,0,0,0,0,0,0,0,0,0,0,0,Matches
Diego Carlos\Diego-Carlos,br BRA,DF,Nantes,23,1993,34,2949,32.8,2,1,2,0,0,8,0,0.06,0.03,0.09,0.06,0.09,Matches
Cédric Carrasso\Cedric-Carrasso,fr FRA,GK,Bordeaux,34,1981,24,2160,24,0,0,0,0,0,0,0,0,0,0,0,0,Matches
Guido Carrillo\Guido-Carrillo,ar ARG,FW,Monaco,25,1991,19,598,6.6,7,1,7,0,0,0,0,1.05,0.15,1.2,1.05,1.2,Matches
Ivan Cavaleiro\Ivan-Cavaleiro,pt POR,FW,Monaco,22,1993,2,98,1.1,0,0,0,0,0,0,0,0,0,0,0,0,Matches
Edinson Cavani\Edinson-Cavani,uy URU,FW,Paris S-G,29,1987,36,2965,32.9,35,4,28,7,8,5,0,1.06,0.12,1.18,0.85,0.97,Matches
Dimitri Cavaré\Dimitri-Cavare,fr FRA,DF,Rennes,21,1995,2,106,1.2,0,0,0,0,0,0,0,0,0,0,0,0,Matches
Julien Cétout\Julien-Cetout,fr FRA,MFDF,Nancy,28,1988,28,2332,25.9,1,2,1,0,0,3,0,0.04,0.08,0.12,0.04,0.12,Matches
Fouad Chafik\Fouad-Chafik,ma MAR,DF,Dijon,29,1986,27,2395,26.6,0,1,0,0,0,2,0,0,0.04,0.04,0,0.04,Matches
Kwon Chang-hoon\Kwon-Chang-hoon,kr KOR,FW,Dijon,22,1994,8,224,2.5,0,0,0,0,0,1,0,0,0,0,0,0,Matches
Clément Chantôme\Clement-Chantome,fr FRA,MF,Rennes,28,1987,7,336,3.7,0,0,0,0,0,1,0,0,0,0,0,0,Matches
Paul Charruau\Paul-Charruau,fr FRA,GK,Bastia,23,1993,1,42,0.5,0,0,0,0,0,0,0,0,0,0,0,0,Matches
Sergei Chernik\Sergei-Chernik,by BLR,GK,Nancy,28,1988,17,1377,15.3,0,0,0,0,0,0,0,0,0,0,0,0,Matches
Michaël Chrétien\Michael-Chretien,ma MAR,DF,Nancy,32,1984,13,1124,12.5,0,0,0,0,0,1,0,0,0,0,0,0,Matches
Michaël Ciani\Michael-Ciani,fr FRA,DF,Lorient,32,1984,25,2167,24.1,3,0,3,0,0,5,0,0.12,0,0.12,0.12,0.12,Matches
Gilles Cioni\Gilles-Cioni,fr FRA,DF,Bastia,32,1984,25,2064,22.9,0,0,0,0,0,7,0,0,0,0,0,0,Matches
Issa Cissokho\Issa-Cissokho,sn SEN,DF,Angers,31,1985,13,1158,12.9,0,2,0,0,0,2,1,0,0.16,0.16,0,0.16,Matches
Renato Civelli\Renato-Civelli,ar ARG,DF,Lille,32,1983,13,1098,12.2,1,0,1,0,0,4,0,0.08,0,0.08,0.08,0.08,Matches
Jérémy Clément\Jeremy-Clement,fr FRA,MF,Saint-Étienne,31,1984,5,335,3.7,0,0,0,0,0,0,0,0,0,0,0,0,Matches
Marcus Coco\Marcus-Coco,fr FRA,MFFW,Guingamp,20,1996,34,2612,29,4,2,4,0,0,6,0,0.14,0.07,0.21,0.14,0.21,Matches
Renaud Cohade\Renaud-Cohade,fr FRA,MF,Metz,31,1984,33,2782,30.9,1,4,1,0,0,11,1,0.03,0.13,0.16,0.03,0.16,Matches
Daniel Congré\Daniel-Congre,fr FRA,DF,Montpellier,31,1985,24,1815,20.2,1,0,1,0,0,2,1,0.05,0,0.05,0.05,0.05,Matches
Diego Contento\Diego-Contento,de GER,DF,Bordeaux,26,1990,25,2103,23.4,0,1,0,0,0,3,0,0,0.04,0.04,0,0.04,Matches
Sébastien Corchia\Sebastien-Corchia,fr FRA,DFMF,Lille,25,1990,38,3416,38,1,1,1,0,0,4,0,0.03,0.03,0.05,0.03,0.05,Matches
Benjamin Corgnet\Benjamin-Corgnet,fr FRA,FWMF,Saint-Étienne,29,1987,10,397,4.4,1,0,1,0,0,1,0,0.23,0,0.23,0.23,0.23,Matches
Maxwel Cornet\Maxwel-Cornet,ci CIV,FWMF,Lyon,19,1996,33,1899,21.1,6,2,6,0,0,1,0,0.28,0.09,0.38,0.28,0.38,Matches
Benoît Costil\Benoit-Costil,fr FRA,GK,Rennes,29,1987,38,3420,38,0,0,0,0,0,1,0,0,0,0,0,0,Matches
Karim Coulibaly\Karim-Coulibaly,fr FRA,FWMF,Nancy,23,1993,9,560,6.2,0,0,0,0,0,0,0,0,0,0,0,0,Matches
Lassana Coulibaly\Lassana-Coulibaly,ml MLI,MF,Bastia,20,1996,30,2277,25.3,0,2,0,0,0,4,0,0,0.08,0.08,0,0.08,Matches
Enzo Crivelli\Enzo-Crivelli,fr FRA,FW,Bastia,21,1995,24,2073,23,10,1,10,0,1,7,2,0.43,0.04,0.48,0.43,0.48,Matches
Joffrey Cuffaut\Joffrey-Cuffaut,fr FRA,DF,Nancy,28,1988,30,2568,28.5,1,1,1,0,0,8,0,0.04,0.04,0.07,0.04,0.07,Matches
Wylan Cyprien\Wylan-Cyprien,fr FRA,MF,Nice,21,1995,29,2431,27,8,3,8,0,0,2,0,0.3,0.11,0.41,0.3,0.41,Matches
Damien Da Silva\Damien-Da-Silva,fr FRA,DF,Caen,28,1988,36,3167,35.2,0,2,0,0,0,4,3,0,0.06,0.06,0,0.06,Matches
Bryan Dabo\Bryan-Dabo,bf BFA,MFDF,Saint-Étienne,24,1992,14,643,7.1,0,0,0,0,0,3,0,0,0,0,0,0,Matches
Mouhamadou Dabo\Mouhamadou-Dabo,fr FRA,DF,Caen,29,1986,2,146,1.6,0,0,0,0,0,1,0,0,0,0,0,0,Matches
Maurice Dalé\Maurice-Dale,fr FRA,FW,Nancy,31,1985,25,1462,16.2,3,4,3,0,0,1,0,0.18,0.25,0.43,0.18,0.43,Matches
Gaël Danic\Gael-Danic,fr FRA,MF,Bastia,34,1981,29,1843,20.5,4,3,4,0,0,8,2,0.2,0.15,0.34,0.2,0.34,Matches
Dante\Dante,br BRA,DF,Nice,32,1983,33,2970,33,0,3,0,0,0,5,0,0,0.09,0.09,0,0.09,Matches
Romain Danzé\Romain-Danze,fr FRA,DF,Rennes,30,1986,35,3092,34.4,0,2,0,0,0,2,0,0,0.06,0.06,0,0.06,Matches
Sergi Darder\Sergi-Darder,es ESP,MF,Lyon,22,1993,23,1414,15.7,1,2,1,0,0,3,0,0.06,0.13,0.19,0.06,0.19,Matches
Nill De Pauw\Nill-De-Pauw,cd COD,FWMF,Guingamp,26,1990,28,761,8.5,4,2,4,0,0,1,0,0.47,0.24,0.71,0.47,0.71,Matches
Morgan De Sanctis\Morgan-De-Sanctis,it ITA,GK,Monaco,39,1977,1,90,1,0,0,0,0,0,0,0,0,0,0,0,0,Matches
Lucas Deaux\Lucas-Deaux,fr FRA,MF,Guingamp,27,1988,38,3075,34.2,2,5,2,0,0,4,0,0.06,0.15,0.2,0.06,0.2,Matches
Jonathan Delaplace\Jonathan-Delaplace,fr FRA,MF,Caen,30,1986,33,2637,29.3,0,4,0,0,0,3,0,0,0.14,0.14,0,0.14,Matches
Paul Delecroix\Paul-Delecroix,fr FRA,GK,Lorient,27,1988,7,630,7,0,0,0,0,0,1,0,0,0,0,0,0,Matches
Andy Delort\Andy-Delort,dz ALG,FW,Toulouse,24,1991,15,1218,13.5,5,1,4,1,2,0,0,0.37,0.07,0.44,0.3,0.37,Matches
Memphis Depay\Memphis-Depay,nl NED,MFFW,Lyon,22,1994,17,1188,13.2,5,6,5,0,0,1,0,0.38,0.45,0.83,0.38,0.83,Matches
Quentin Depehi\Quentin-Depehi,fr FRA,FW,Toulouse,19,1997,1,12,0.1,0,0,0,0,0,0,0,0,0,0,0,0,Matches
Mathieu Deplagne\Mathieu-Deplagne,fr FRA,DF,Montpellier,24,1991,19,1125,12.5,0,1,0,0,0,5,0,0,0.08,0.08,0,0.08,Matches
Ángel Di María\Angel-Di-Maria,ar ARG,FW,Paris S-G,28,1988,29,2036,22.6,6,7,6,0,0,1,1,0.27,0.31,0.57,0.27,0.57,Matches
Issiar Dia\Issiar-Dia,sn SEN,FW,Nancy,29,1987,31,2000,22.2,8,3,7,1,1,3,0,0.36,0.14,0.5,0.32,0.45,Matches
Cheick Diabaté\Cheick-Diabate,ml MLI,FW,Metz,28,1988,14,1055,11.7,8,1,5,3,3,2,0,0.68,0.09,0.77,0.43,0.51,Matches
Abou Diaby\Abou-Diaby,fr FRA,MF,Marseille,30,1986,2,128,1.4,0,0,0,0,0,1,0,0,0,0,0,0,Matches
Fallou Diagne\Fallou-Diagne,sn SEN,MF,Metz,26,1989,12,999,11.1,0,0,0,0,0,3,1,0,0,0,0,0,Matches
Modou Diagne\Modou-Diagne,sn SEN,DF,Nancy,22,1994,22,1846,20.5,1,0,1,0,0,1,1,0.05,0,0.05,0.05,0.05,Matches
Adama Diakhaby\Adama-Diakhaby,fr FRA,MF,Rennes,20,1996,25,728,8.1,4,0,3,1,1,2,0,0.49,0,0.49,0.37,0.37,Matches
Mouctar Diakhaby\Mouctar-Diakhaby,fr FRA,DF,Lyon,19,1996,22,1929,21.4,1,0,1,0,0,5,0,0.05,0,0.05,0.05,0.05,Matches
Abdou Diallo\Abdou-Diallo,sn SEN,DF,Monaco,20,1996,5,388,4.3,0,0,0,0,0,0,0,0,0,0,0,0,Matches
Habib Diallo\Habib-Diallo,sn SEN,FWMF,Metz,21,1995,19,832,9.2,1,1,1,0,0,0,0,0.11,0.11,0.22,0.11,0.22,Matches
Mustapha Diallo\Mustapha-Diallo,sn SEN,MF,Guingamp,30,1986,26,1744,19.4,5,1,5,0,0,8,2,0.26,0.05,0.31,0.26,0.31,Matches
Sadio Diallo\Sadio-Diallo,gn GUI,MFFW,Bastia,25,1990,28,1417,15.7,3,3,3,0,0,3,0,0.19,0.19,0.38,0.19,0.38,Matches
Alou Diarra\Alou-Diarra,fr FRA,MF,Nancy,35,1981,18,1291,14.3,2,0,2,0,0,7,0,0.14,0,0.14,0.14,0.14,Matches
Lassana Diarra\Lassana-Diarra,fr FRA,MF,Marseille,31,1985,11,729,8.1,0,0,0,0,0,2,0,0,0,0,0,0,Matches
Thomas Didillon\Thomas-Didillon,fr FRA,GK,Metz,20,1995,32,2880,32,0,0,0,0,0,0,0,0,0,0,0,0,Matches
Étienne Didot\Etienne-Didot,fr FRA,MF,Guingamp,33,1983,28,2139,23.8,1,1,1,0,0,6,0,0.04,0.04,0.08,0.04,0.08,Matches
Famara Diedhiou\Famara-Diedhiou,sn SEN,FW,Angers,23,1992,31,2270,25.2,8,1,7,1,2,6,0,0.32,0.04,0.36,0.28,0.32,Matches
Ismaël Diomandé\Ismael-Diomande,ci CIV,MFDF,Caen,23,1992,12,792,8.8,0,0,0,0,0,3,0,0,0,0,0,0,Matches
Lois Diony\Lois-Diony,fr FRA,FW,Dijon,23,1992,35,2807,31.2,11,7,11,0,0,2,1,0.35,0.22,0.58,0.35,0.58,Matches
Issa Diop\Issa-Diop,fr FRA,DF,Toulouse,19,1997,30,2700,30,2,1,2,0,0,9,0,0.07,0.03,0.1,0.07,0.1,Matches
Nabil Dirar\Nabil-Dirar,ma MAR,MFDF,Monaco,30,1986,18,876,9.7,1,3,1,0,0,2,0,0.1,0.31,0.41,0.1,0.41,Matches
Koffi Djidji\Koffi-Djidji,ci CIV,DFMF,Nantes,23,1992,28,2491,27.7,0,0,0,0,0,7,0,0,0,0,0,0,Matches
Alexander Djiku\Alexander-Djiku,gh GHA,DF,Bastia,21,1994,23,1850,20.6,1,0,1,0,0,2,2,0.05,0,0.05,0.05,0.05,Matches
Keagan Dolly\Keagan-Dolly,za RSA,MF,Montpellier,23,1993,12,448,5,0,0,0,0,0,0,0,0,0,0,0,0,Matches
Anastasios Donis\Anastasios-Donis,gr GRE,FWMF,Nice,19,1996,18,455,5.1,5,1,5,0,0,1,0,0.99,0.2,1.19,0.99,1.19,Matches
Férébory Doré\Ferebory-Dore,cg CGO,FW,Angers,27,1989,9,180,2,0,0,0,0,0,0,0,0,0,0,0,0,Matches
Dória\Doria,br BRA,DF,Marseille,21,1994,23,1372,15.2,1,0,1,0,0,4,0,0.07,0,0.07,0.07,0.07,Matches
Gabriel Dos Santos\Gabriel-Dos-Santos,br BRA,DF,Lille,18,1997,1,9,0.1,0,0,0,0,0,0,0,0,0,0,0,0,Matches
Cheick Doukouré\Cheick-Doukoure,ci CIV,MF,Metz,23,1992,29,2256,25.1,0,1,0,0,0,7,3,0,0.04,0.04,0,0.04,Matches
Tongo Doumbia\Tongo-Doumbia,ml MLI,MF,Toulouse,26,1989,10,476,5.3,0,0,0,0,0,2,0,0,0,0,0,0,Matches
Julian Draxler\Julian-Draxler,de GER,FW,Paris S-G,22,1993,17,1012,11.2,4,1,4,0,0,2,0,0.36,0.09,0.44,0.36,0.44,Matches
Matthieu Dreyer\Matthieu-Dreyer,fr FRA,GK,Caen,27,1989,2,180,2,0,0,0,0,0,0,0,0,0,0,0,0,Matches
Leo Dubois\Leo-Dubois,fr FRA,DF,Nantes,21,1994,36,3133,34.8,0,6,0,0,0,2,0,0,0.17,0.17,0,0.17,Matches
Maxime Dupé\Maxime-Dupe,fr FRA,GK,Nantes,23,1993,16,1440,16,0,0,0,0,0,1,0,0,0,0,0,0,Matches
Jimmy Durmaz\Jimmy-Durmaz,se SWE,MF,Toulouse,27,1989,27,1520,16.9,2,1,2,0,0,5,0,0.12,0.06,0.18,0.12,0.18,Matches
Éder\Eder,pt POR,FW,Lille,28,1987,31,2470,27.4,6,5,5,1,2,3,0,0.22,0.18,0.4,0.18,0.36,Matches
Odsonne Édouard\Odsonne-Edouard,fr FRA,FWMF,Toulouse,18,1998,16,572,6.4,1,0,1,0,0,0,0,0.16,0,0.16,0.16,0.16,Matches
Vincent Enyeama\Vincent-Enyeama,ng NGA,GK,Lille,33,1982,32,2854,31.7,0,0,0,0,0,4,0,0,0,0,0,0,Matches
Kermit Erasmus\Kermit-Erasmus,za RSA,FW,Rennes,26,1990,8,169,1.9,0,0,0,0,0,0,0,0,0,0,0,0,Matches
Mevlüt Erdinç\Mevlut-Erdinc,tr TUR,FW,Metz,29,1987,24,1405,15.6,6,1,3,3,4,1,0,0.38,0.06,0.45,0.19,0.26,Matches
Patrice Evra\Patrice-Evra,fr FRA,DF,Marseille,35,1981,11,868,9.6,1,0,1,0,0,3,0,0.1,0,0.1,0.1,0.1,Matches
Valentin Eysseric\Valentin-Eysseric,fr FRA,FWMF,Nice,24,1992,29,2076,23.1,4,7,4,0,0,4,0,0.17,0.3,0.48,0.17,0.48,Matches
Fabinho\Fabinho,br BRA,MF,Monaco,22,1993,37,3073,34.1,9,1,2,7,7,8,0,0.26,0.03,0.29,0.06,0.09,Matches
Radamel Falcao\Radamel-Falcao,co COL,FW,Monaco,30,1986,29,1927,21.4,21,4,17,4,4,2,0,0.98,0.19,1.17,0.79,0.98,Matches
Simon Falette\Simon-Falette,gn GUI,DF,Metz,24,1992,35,3089,34.3,3,1,3,0,0,7,0,0.09,0.03,0.12,0.09,0.12,Matches
Rod Fanni\Rod-Fanni,fr FRA,DF,Marseille,34,1981,28,2396,26.6,1,0,1,0,0,7,0,0.04,0,0.04,0.04,0.04,Matches
Nabil Fekir\Nabil-Fekir,fr FRA,MFFW,Lyon,23,1993,32,2209,24.5,9,5,7,2,2,5,1,0.37,0.2,0.57,0.29,0.49,Matches
Julien Féret\Julien-Feret,fr FRA,MF,Caen,34,1982,35,3116,34.6,2,3,2,0,0,1,0,0.06,0.09,0.14,0.06,0.14,Matches
Gelson Fernandes\Gelson-Fernandes,ch SUI,MF,Rennes,29,1986,27,1836,20.4,0,0,0,0,0,7,0,0,0,0,0,0,Matches
Jordan Ferri\Jordan-Ferri,fr FRA,MF,Lyon,24,1992,28,1052,11.7,1,2,1,0,0,4,0,0.09,0.17,0.26,0.09,0.26,Matches
Afonso Figueiredo\Afonso-Figueiredo,pt POR,DF,Rennes,23,1993,5,260,2.9,0,0,0,0,0,0,0,0,0,0,0,0,Matches
Moryké Fofana\Moryke-Fofana,ci CIV,MF,Lorient,24,1991,7,353,3.9,0,0,0,0,0,0,0,0,0,0,0,0,Matches
Milan Gaji_\Milan-Gajic,rs SRB,DF,Bordeaux,20,1996,14,1137,12.6,0,0,0,0,0,5,0,0,0,0,0,0,Matches
Jordy Gaspar\Jordy-Gaspar,fr FRA,MFDF,Lyon,19,1997,2,172,1.9,0,0,0,0,0,1,0,0,0,0,0,0,Matches
Johan Gastien\Johan-Gastien,fr FRA,MF,Dijon,28,1988,15,889,9.9,0,0,0,0,0,3,0,0,0,0,0,0,Matches
Romain Genevois\Romain-Genevois,ht HAI,DF,Caen,28,1987,13,860,9.6,0,0,0,0,0,1,0,0,0,0,0,0,Matches
Valère Germain\Valere-Germain,fr FRA,FW,Monaco,26,1990,36,2225,24.7,10,4,10,0,0,0,0,0.4,0.16,0.57,0.4,0.57,Matches
Anwar El Ghazi\Anwar-El-Ghazi,nl NED,MFFW,Lille,21,1995,12,703,7.8,1,0,1,0,0,2,0,0.13,0,0.13,0.13,0.13,Matches
Lamine Ghezali\Lamine-Ghezali,fr FRA,MF,Saint-Étienne,17,1999,1,2,0,0,0,0,0,0,0,0,0,0,0,0,0,Matches
Rachid Ghezzal\Rachid-Ghezzal,dz ALG,MFFW,Lyon,24,1992,26,1374,15.3,2,2,2,0,0,2,2,0.13,0.13,0.26,0.13,0.26,Matches
Guillaume Gillet\Guillaume-Gillet,be BEL,MF,Nantes,32,1984,38,3366,37.4,3,0,3,0,0,5,0,0.08,0,0.08,0.08,0.08,Matches
Thibault Giresse\Thibault-Giresse,fr FRA,MF,Guingamp,35,1981,13,433,4.8,1,0,1,0,0,0,0,0.21,0,0.21,0.21,0.21,Matches
Kamil Glik\Kamil-Glik,pl POL,DF,Monaco,28,1988,36,3240,36,6,2,6,0,0,6,0,0.17,0.06,0.22,0.17,0.22,Matches
Joris Gnagnon\Joris-Gnagnon,fr FRA,DF,Rennes,19,1997,27,2327,25.9,1,0,1,0,0,2,0,0.04,0,0.04,0.04,0.04,Matches
Mauro Goicoechea\Mauro-Goicoechea,uy URU,GK,Toulouse,28,1988,2,180,2,0,0,0,0,0,0,0,0,0,0,0,0,Matches
Bafétimbi Gomis\Bafetimbi-Gomis,fr FRA,FW,Marseille,30,1985,31,2599,28.9,20,4,17,3,3,6,0,0.69,0.14,0.83,0.59,0.73,Matches
Maxime Gonalons\Maxime-Gonalons,fr FRA,MF,Lyon,27,1989,30,2518,28,1,1,1,0,0,7,1,0.04,0.04,0.07,0.04,0.07,Matches
Mathieu Gorgelin\Mathieu-Gorgelin,fr FRA,GK,Lyon,25,1990,1,90,1,0,0,0,0,0,0,0,0,0,0,0,0,Matches
Yoann Gourcuff\Yoann-Gourcuff,fr FRA,MFFW,Rennes,30,1986,27,2289,25.4,4,3,4,0,0,3,0,0.16,0.12,0.28,0.16,0.28,Matches
Clément Grenier\Clement-Grenier,fr FRA,MF,Lyon,25,1991,4,35,0.4,0,0,0,0,0,0,0,0,0,0,0,0,Matches
Kamil Grosicki\Kamil-Grosicki,pl POL,MF,Rennes,28,1988,16,992,11,4,3,3,1,2,0,0,0.36,0.27,0.64,0.27,0.54,Matches
Gonçalo Guedes\Goncalo-Guedes,pt POR,FW,Paris S-G,19,1996,7,143,1.6,0,1,0,0,0,0,0,0,0.63,0.63,0,0.63,Matches
Mattéo Guendouzi\Matteo-Guendouzi,fr FRA,MF,Lorient,17,1999,8,420,4.7,0,0,0,0,0,2,0,0,0,0,0,0,Matches
Diallo Guidileye\Diallo-Guidileye,mr MTN,MF,Nancy,26,1989,24,1749,19.4,0,2,0,0,0,5,0,0,0.1,0.1,0,0.1,Matches
Frederic Guilbert\Frederic-Guilbert,fr FRA,DFMF,Caen,21,1994,23,2038,22.6,0,1,0,0,0,4,0,0,0.04,0.04,0,0.04,Matches
Frederic Guilbert\Frederic-Guilbert,fr FRA,DF,Bordeaux,21,1994,3,223,2.5,0,0,0,0,0,0,0,0,0,0,0,0,Matches
Théo Guivarch\Theo-Guivarch,fr FRA,GK,Guingamp,20,1995,1,50,0.6,0,0,0,0,0,0,0,0,0,0,0,0,Matches
Oussama Haddadi\Oussama-Haddadi,tn TUN,DF,Dijon,24,1992,13,1078,12,0,2,0,0,0,2,0,0,0.17,0.17,0,0.17,Matches
Youssouf Hadji\Youssouf-Hadji,ma MAR,FW,Nancy,36,1980,26,1299,14.4,0,1,0,0,1,1,0,0,0.07,0.07,0,0.07,Matches
Pierre-Yves Hamel\Pierre-Yves-Hamel,fr FRA,FW,Lorient,22,1994,3,36,0.4,1,0,1,0,0,0,0,2.5,0,2.5,2.5,2.5,Matches
Romain Hamouma\Romain-Hamouma,fr FRA,MFFW,Saint-Étienne,29,1987,29,1969,21.9,7,5,5,2,2,2,0,0.32,0.23,0.55,0.23,0.46,Matches
Amine Harit\Amine-Harit,ma MAR,MF,Nantes,19,1997,30,2184,24.3,1,1,1,0,0,4,1,0.04,0.04,0.08,0.04,0.08,Matches
Gauthier Hein\Gauthier-Hein,fr FRA,MF,Metz,19,1996,13,518,5.8,1,0,1,0,0,1,0,0.17,0,0.17,0.17,0.17,Matches
Dalbert Henrique\Dalbert-Henrique,br BRA,DFMF,Nice,22,1993,33,2867,31.9,0,2,0,0,0,7,0,0,0.06,0.06,0,0.06,Matches
Pedro Henrique\Pedro-Henrique,br BRA,MF,Rennes,26,1990,13,331,3.7,0,1,0,0,0,3,0,0,0.27,0.27,0,0.27,Matches
Vitorino Hilton\Vitorino-Hilton,br BRA,DF,Montpellier,38,1977,32,2803,31.1,1,1,1,0,0,2,0,0.03,0.03,0.06,0.03,0.06,Matches
Tomá_ Hubo_an\Tomas-Hubocan,sk SVK,DF,Marseille,30,1985,13,997,11.1,0,0,0,0,0,4,0,0,0,0,0,0,Matches
Adrien Hunou\Adrien-Hunou,fr FRA,MF,Rennes,22,1994,22,1139,12.7,1,0,1,0,0,2,0,0.08,0,0.08,0.08,0.08,Matches
Didier Ibrahim Ndong\Didier-Ibrahim-Ndong,ga GAB,MF,Lorient,22,1994,2,120,1.3,0,0,0,0,0,0,1,0,0,0,0,0,Matches
Jordan Ikoko\Jordan-Ikoko,cd COD,DF,Guingamp,22,1994,27,2324,25.8,0,1,0,0,0,3,0,0,0.04,0.04,0,0.04,Matches
Jonathan Ikone\Jonathan-Ikone,fr FRA,MFFW,Montpellier,18,1998,14,669,7.4,1,1,1,0,0,1,0,0.13,0.13,0.27,0.13,0.27,Matches
Jonathan Ikone\Jonathan-Ikone,fr FRA,MFFW,Paris S-G,18,1998,4,138,1.5,0,0,0,0,0,0,0,0,0,0,0,0,Matches
Jules Iloki\Jules-Iloki,fr FRA,MFFW,Nantes,24,1992,23,1215,13.5,1,4,1,0,0,2,0,0.07,0.3,0.37,0.07,0.37,Matches
Emmanuel Imorou\Emmanuel-Imorou,bj BEN,DF,Caen,27,1988,9,699,7.8,0,0,0,0,0,1,0,0,0,0,0,0,Matches
Christophe Jallet\Christophe-Jallet,fr FRA,DF,Lyon,32,1983,13,1094,12.2,1,2,1,0,0,0,0,0.08,0.16,0.25,0.08,0.25,Matches
Nicolas Janvier\Nicolas-Janvier,fr FRA,MF,Rennes,17,1998,4,93,1,0,0,0,0,0,0,0,0,0,0,0,0,Matches
Corentin Jean\Corentin-Jean,fr FRA,MF,Toulouse,21,1995,16,1258,14,1,2,1,0,0,1,0,0.07,0.14,0.21,0.07,0.21,Matches
Corentin Jean\Corentin-Jean,fr FRA,FW,Monaco,21,1995,2,101,1.1,0,0,0,0,0,1,0,0,0,0,0,0,Matches
Benjamin Jeannot\Benjamin-Jeannot,fr FRA,FW,Lorient,24,1992,17,520,5.8,0,1,0,0,0,0,1,0,0.17,0.17,0,0.17,Matches
Jemerson\Jemerson,br BRA,DF,Monaco,23,1992,34,3058,34,2,0,2,0,0,8,2,0.06,0,0.06,0.06,0.06,Matches
Jesé\Jese,es ESP,FW,Paris S-G,23,1993,9,268,3,1,0,0,1,1,0,0,0.34,0,0.34,0,0,Matches
Karl-Johan Johnsson\Karl-Johan-Johnsson,se SWE,GK,Guingamp,26,1990,37,3280,36.4,0,0,0,0,0,1,1,0,0,0,0,0,Matches
Jorge\Jorge,br BRA,DF,Monaco,20,1996,2,91,1,1,0,1,0,0,0,0,0.99,0,0.99,0.99,0.99,Matches
Jorginho\Jorginho,gw GNB,MF,Saint-Étienne,20,1995,5,259,2.9,1,0,1,0,0,1,2,0.35,0,0.35,0.35,0.35,Matches
Yann Jouffre\Yann-Jouffre,fr FRA,MF,Metz,32,1984,20,1283,14.3,4,2,2,2,2,1,0,0.28,0.14,0.42,0.14,0.28,Matches
Geoffrey Jourdren\Geoffrey-Jourdren,fr FRA,GK,Montpellier,30,1986,13,1170,13,0,0,0,0,0,0,0,0,0,0,0,0,Matches
Vuka_in Jovanovi_\Vukasin-Jovanovic,rs SRB,DF,Bordeaux,20,1996,8,704,7.8,0,0,0,0,0,3,0,0,0,0,0,0,Matches
Christopher Jullien\Christopher-Jullien,fr FRA,DF,Toulouse,23,1993,35,3150,35,4,1,4,0,0,2,1,0.11,0.03,0.14,0.11,0.14,Matches
Alexander Ka_anikli_\Alexander-Kacaniklic,se SWE,MFFW,Nantes,24,1991,17,701,7.8,0,0,0,0,0,2,0,0,0,0,0,0,Matches
Aldo Kalulu\Aldo-Kalulu,fr FRA,FW,Lyon,20,1996,4,78,0.9,1,0,1,0,0,0,0,1.15,0,1.15,1.15,1.15,Matches
Aldo Kalulu\Aldo-Kalulu,fr FRA,FWMF,Rennes,20,1996,10,420,4.7,0,1,0,0,0,1,0,0,0.21,0.21,0,0.21,Matches
François Kamano\Francois-Kamano,gn GUI,FW,Bordeaux,20,1996,30,1695,18.8,6,5,6,0,0,4,0,0.32,0.27,0.58,0.32,0.58,Matches
Abdelhamid El Kaoutari\Abdelhamid-El-Kaoutari,ma MAR,DF,Bastia,26,1990,18,1352,15,0,0,0,0,0,1,2,0,0,0,0,0,Matches
Yann Karamoh\Yann-Karamoh,fr FRA,MFFW,Caen,18,1998,35,2201,24.5,5,4,5,0,0,2,0,0.2,0.16,0.37,0.2,0.37,Matches
Benjamin Karamoko\Benjamin-Karamoko,ml MLI,DF,Saint-Étienne,21,1995,1,60,0.7,0,0,0,0,0,1,0,0,0,0,0,0,Matches
Eiji Kawashima\Eiji-Kawashima,jp JPN,GK,Metz,33,1983,5,450,5,0,0,0,0,0,0,0,0,0,0,0,0,Matches
Abdoulaye Keita\Abdoulaye-Keita,ml MLI,DFMF,Bastia,22,1994,21,1471,16.3,0,0,0,0,0,2,0,0,0,0,0,0,Matches
Olivier Kemen\Olivier-Kemen,fr FRA,MF,Lyon,20,1996,2,60,0.7,0,0,0,0,0,0,0,0,0,0,0,0,Matches
Christophe Kerbrat\Christophe-Kerbrat,fr FRA,DF,Guingamp,29,1986,35,3134,34.8,0,2,0,0,0,4,0,0,0.06,0.06,0,0.06,Matches
Billy Ketkeophomphone\Billy-Ketkeophomphone,fr FRA,FWMF,Angers,26,1990,5,292,3.2,1,0,1,0,0,2,2,0.31,0,0.31,0.31,0.31,Matches
Hamidou Keyta\Hamidou-Keyta,fr FRA,MFFW,Saint-Étienne,21,1994,4,163,1.8,0,0,0,0,0,0,0,0,0,0,0,0,Matches
Saîf-Eddine Khaoui\Saif-Eddine-Khaoui,tn TUN,MF,Marseille,21,1995,9,149,1.7,0,0,0,0,0,0,0,0,0,0,0,0,Matches
Isaac Kiese Thelin\Isaac-Kiese-Thelin,se SWE,FW,Bordeaux,24,1992,7,238,2.6,2,0,1,1,1,1,0,0.76,0,0.76,0.38,0.38,Matches
Presnel Kimpembe\Presnel-Kimpembe,fr FRA,DF,Paris S-G,20,1995,19,1710,19,0,0,0,0,0,7,0,0,0,0,0,0,Matches
Ricardo Kishna\Ricardo-Kishna,nl NED,MFFW,Lille,21,1995,11,504,5.6,0,0,0,0,0,0,0,0,0,0,0,0,Matches
Erwin Koffi\Erwin-Koffi,fr FRA,DF,Lorient,21,1995,12,997,11.1,0,1,0,0,0,0,0,0,0.09,0.09,0,0.09,Matches
Youssouf Koné\Youssouf-Kone,ml MLI,DF,Lille,21,1995,2,180,2,0,0,0,0,0,0,0,0,0,0,0,0,Matches
Anthony Koura\Anthony-Koura,bf BFA,FWMF,Nancy,23,1993,15,766,8.5,1,0,1,0,0,1,0,0.12,0,0.12,0.12,0.12,Matches
Vincent Koziello\Vincent-Koziello,fr FRA,MF,Nice,20,1995,27,1669,18.5,1,1,1,0,0,4,0,0.05,0.05,0.11,0.05,0.11,Matches
Grzegorz Krychowiak\Grzegorz-Krychowiak,pl POL,MF,Paris S-G,26,1990,11,659,7.3,0,0,0,0,0,2,0,0,0,0,0,0,Matches
Layvin Kurzawa\Layvin-Kurzawa,fr FRA,DF,Paris S-G,23,1992,18,1527,17,2,2,2,0,0,3,0,0.12,0.12,0.24,0.12,0.24,Matches
Enock Kwateng\Enock-Kwateng,fr FRA,DF,Nantes,19,1997,7,430,4.8,0,0,0,0,0,2,0,0,0,0,0,0,Matches
Gaëtan Laborde\Gaetan-Laborde,fr FRA,FW,Bordeaux,22,1994,36,2033,22.6,6,5,6,0,0,3,0,0.27,0.22,0.49,0.27,0.49,Matches
Alexandre Lacazette\Alexandre-Lacazette,fr FRA,FW,Lyon,25,1991,30,2405,26.7,28,3,18,10,12,3,0,1.05,0.11,1.16,0.67,0.79,Matches
Léo Lacroix\Leo-Lacroix,ch SUI,DF,Saint-Étienne,24,1992,20,1681,18.7,0,0,0,0,0,6,0,0,0,0,0,0,Matches
Alban Lafont\Alban-Lafont,fr FRA,GK,Toulouse,17,1999,36,3240,36,0,0,0,0,0,5,0,0,0,0,0,0,Matches
Ádám Lang\Adam-Lang,hu HUN,DF,Dijon,23,1993,19,1625,18.1,0,0,0,0,0,4,0,0,0,0,0,0,Matches
Paul Lasne\Paul-Lasne,fr FRA,MF,Montpellier,27,1989,24,1485,16.5,3,2,3,0,0,1,0,0.18,0.12,0.3,0.18,0.3,Matches
Wesley Lautoa\Wesley-Lautoa,nc NCL,MFDF,Lorient,28,1987,21,1507,16.7,1,0,1,0,0,6,0,0.06,0,0.06,0.06,0.06,Matches
Mickaël Le Bihan\Mickael-Le-Bihan,fr FRA,FW,Nice,26,1990,10,306,3.4,3,0,3,0,0,0,0,0.88,0,0.88,0.88,0.88,Matches
Vincent Le Goff\Vincent-Le-Goff,fr FRA,DF,Lorient,26,1989,38,3336,37.1,1,0,1,0,0,5,0,0.03,0,0.03,0.03,0.03,Matches
Maxime Le Marchand\Maxime-Le-Marchand,fr FRA,DF,Nice,26,1989,10,707,7.9,0,0,0,0,0,1,0,0,0,0,0,0,Matches
James Lea Siliki\James-Lea-Siliki,fr FRA,FWMF,Rennes,20,1996,1,13,0.1,0,0,0,0,0,0,0,0,0,0,0,0,Matches
Jordan Leborgne\Jordan-Leborgne,fr FRA,DF,Caen,20,1995,6,248,2.8,0,0,0,0,0,0,0,0,0,0,0,0,Matches
Jean-Louis Leca\Jean-Louis-Leca,fr FRA,GK,Bastia,30,1985,34,3017,33.5,0,0,0,0,0,5,1,0,0,0,0,0,Matches
Benjamin Lecomte\Benjamin-Lecomte,fr FRA,GK,Lorient,25,1991,31,2790,31,0,0,0,0,0,0,0,0,0,0,0,0,Matches
Pierre Lees-Melou\Pierre-Lees-Melou,fr FRA,MFFW,Dijon,23,1993,32,2484,27.6,7,3,7,0,0,3,0,0.25,0.11,0.36,0.25,0.36,Matches
Kevin Lejeune\Kevin-Lejeune,fr FRA,MF,Metz,31,1985,14,636,7.1,0,0,0,0,0,0,0,0,0,0,0,0,Matches
Thomas Lemar\Thomas-Lemar,fr FRA,MF,Monaco,20,1995,34,2610,29,9,11,9,0,0,1,0,0.31,0.38,0.69,0.31,0.69,Matches
Fabien Lemoine\Fabien-Lemoine,fr FRA,MF,Saint-Étienne,29,1987,16,780,8.7,0,0,0,0,0,0,1,0,0,0,0,0,Matches
Clément Lenglet\Clement-Lenglet,fr FRA,DF,Nancy,21,1995,18,1620,18,0,0,0,0,0,4,0,0,0,0,0,0,Matches
Ermir Lenjani\Ermir-Lenjani,al ALB,DFFW,Rennes,26,1989,2,26,0.3,0,0,0,0,0,0,0,0,0,0,0,0,Matches
Benjamin Leroy\Benjamin-Leroy,fr FRA,GK,Dijon,27,1989,1,90,1,0,0,0,0,0,0,0,0,0,0,0,0,Matches
Alexandre Letellier\Alexandre-Letellier,fr FRA,GK,Angers,25,1990,6,540,6,0,0,0,0,0,0,0,0,0,0,0,0,Matches
Dorian Lévêque\Dorian-Leveque,fr FRA,DF,Guingamp,26,1989,2,165,1.8,0,0,0,0,0,1,0,0,0,0,0,0,Matches
Igor Lewczuk\Igor-Lewczuk,pl POL,DF,Bordeaux,31,1985,25,2113,23.5,1,0,1,0,0,3,0,0.04,0,0.04,0.04,0.04,Matches
Aaron Leya Iseka\Aaron-Leya-Iseka,be BEL,MFFW,Marseille,18,1997,8,260,2.9,0,1,0,0,0,0,0,0,0.35,0.35,0,0.35,Matches
Lucas Lima\Lucas-Lima,br BRA,DF,Nantes,24,1991,38,3382,37.6,1,2,0,1,2,5,2,0.03,0.05,0.08,0,0.05,Matches
Alexandre Llovet\Alexandre-Llovet,fr FRA,FW,Montpellier,18,1997,2,18,0.2,0,0,0,0,0,0,0,0,0,0,0,0,Matches
Giovani Lo Celso\Giovani-Lo-Celso,ar ARG,MF,Paris S-G,20,1996,4,82,0.9,0,0,0,0,0,1,0,0,0,0,0,0,Matches
Anthony Lopes\Anthony-Lopes,pt POR,GK,Lyon,25,1990,37,3330,37,0,0,0,0,0,0,0,0,0,0,0,0,Matches
Rony Lopes\Rony-Lopes,pt POR,MFFW,Lille,20,1995,25,1861,20.7,4,4,4,0,0,2,0,0.19,0.19,0.39,0.19,0.39,Matches
Maxime Lopez\Maxime-Lopez,fr FRA,MF,Marseille,18,1997,30,2173,24.1,3,7,3,0,0,4,0,0.12,0.29,0.41,0.12,0.41,Matches
Jordan Lotiès\Jordan-Loties,fr FRA,DF,Dijon,31,1984,24,2046,22.7,2,0,2,0,0,5,2,0.09,0,0.09,0.09,0.09,Matches
Jeff Louis\Jeff-Louis,ht HAI,MFFW,Caen,23,1992,5,230,2.6,0,0,0,0,0,0,0,0,0,0,0,0,Matches
David Luiz\David-Luiz,br BRA,DF,Paris S-G,29,1987,3,241,2.7,0,0,0,0,0,1,0,0,0,0,0,0,Matches
Dodi Lukebakio\Dodi-Lukebakio,be BEL,FWMF,Toulouse,18,1997,5,92,1,0,0,0,0,0,0,0,0,0,0,0,0,Matches
Arnaud Lusamba\Arnaud-Lusamba,fr FRA,FWMF,Nice,19,1997,6,253,2.8,0,0,0,0,0,0,0,0,0,0,0,0,Matches
Cheikh M'Bengue\Cheikh-MBengue,sn SEN,DFMF,Saint-Étienne,28,1988,15,1179,13.1,0,1,0,0,0,4,0,0,0.08,0.08,0,0.08,Matches
Zinédine Machach\Zinedine-Machach,fr FRA,MF,Marseille,20,1996,10,417,4.6,0,0,0,0,0,4,2,0,0,0,0,0,Matches
Hicham Mahou\Hicham-Mahou,fr FRA,MF,Nice,17,1999,1,16,0.2,0,0,0,0,0,0,0,0,0,0,0,0,Matches
Habib Maïga\Habib-Maiga,ci CIV,DFMF,Saint-Étienne,20,1996,5,295,3.3,0,0,0,0,0,0,0,0,0,0,0,0,Matches
Mike Maignan\Mike-Maignan,fr FRA,GK,Lille,20,1995,7,566,6.3,0,0,0,0,0,0,0,0,0,0,0,0,Matches
Anthony Maisonnial\Anthony-Maisonnial,fr FRA,GK,Saint-Étienne,18,1998,2,168,1.9,0,0,0,0,0,0,0,0,0,0,0,0,Matches
Abdul Majeed Waris\Abdul-Majeed-Waris,gh GHA,FWMF,Lorient,24,1991,35,2840,31.6,9,5,8,1,3,5,0,0.29,0.16,0.44,0.25,0.41,Matches
Jean-Victor Makengo\Jean-Victor-Makengo,fr FRA,MF,Caen,18,1998,17,877,9.7,0,0,0,0,0,2,0,0,0,0,0,0,Matches
Steed Malbranque\Steed-Malbranque,fr FRA,MF,Caen,36,1980,13,370,4.1,0,0,0,0,0,2,0,0,0,0,0,0,Matches
Malcom\Malcom,br BRA,FWMF,Bordeaux,19,1997,37,2728,30.3,7,4,7,0,1,2,0,0.23,0.13,0.36,0.23,0.36,Matches
Kévin Malcuit\Kevin-Malcuit,ma MAR,DFMF,Saint-Étienne,25,1991,25,2092,23.2,0,2,0,0,0,4,2,0,0.09,0.09,0,0.09,Matches
Emanuel Mammana\Emanuel-Mammana,ar ARG,DF,Lyon,20,1996,17,1514,16.8,1,0,1,0,0,3,0,0.06,0,0.06,0.06,0.06,Matches
Vincent Manceau\Vincent-Manceau,fr FRA,DF,Angers,27,1989,33,2865,31.8,1,0,1,0,0,5,0,0.03,0,0.03,0.03,0.03,Matches
Christophe Mandanne\Christophe-Mandanne,fr FRA,FW,Nancy,31,1985,20,932,10.4,1,1,1,0,0,2,0,0.1,0.1,0.19,0.1,0.19,Matches
Georges Mandjeck\Georges-Mandjeck,cm CMR,MF,Metz,27,1988,29,2336,26,3,0,3,0,0,7,0,0.12,0,0.12,0.12,0.12,Matches
Alexis Mané\Alexis-Mane,sn SEN,MF,Guingamp,19,1997,4,41,0.5,0,0,0,0,0,0,0,0,0,0,0,0,Matches
Thomas Mangani\Thomas-Mangani,fr FRA,MF,Angers,29,1987,34,2844,31.6,3,6,1,2,2,3,0,0.09,0.19,0.28,0.03,0.22,Matches
Faitout Maouassa\Faitout-Maouassa,fr FRA,MFFW,Nancy,18,1998,14,1039,11.5,3,3,3,0,0,4,2,0.26,0.26,0.52,0.26,0.52,Matches
Mohamed Mara\Mohamed-Mara,gn GUI,MFFW,Lorient,19,1996,9,626,7,0,1,0,0,0,2,0,0,0.14,0.14,0,0.14,Matches
Florian Marange\Florian-Marange,fr FRA,DF,Bastia,30,1986,19,1452,16.1,0,0,0,0,0,3,1,0,0,0,0,0,Matches
Fernando Marçal\Fernando-Marcal,br BRA,DF,Guingamp,27,1989,31,2688,29.9,0,6,0,0,0,4,2,0,0.2,0.2,0,0.2,Matches
Vincent Marcel\Vincent-Marcel,fr FRA,FWMF,Nice,19,1997,6,230,2.6,0,0,0,0,0,0,0,0,0,0,0,0,Matches
Vincent Marchetti\Vincent-Marchetti,fr FRA,MF,Nancy,19,1997,17,977,10.9,0,1,0,0,0,3,0,0,0.09,0.09,0,0.09,Matches
Jordan Marié\Jordan-Marie,fr FRA,MF,Dijon,24,1991,24,1437,16,1,1,1,0,0,4,2,0.06,0.06,0.13,0.06,0.13,Matches
Marquinhos\Marquinhos,br BRA,DF,Paris S-G,22,1994,29,2501,27.8,3,0,3,0,0,1,0,0.11,0,0.11,0.11,0.11,Matches
Marvin Martin\Marvin-Martin,fr FRA,FWMF,Dijon,28,1988,12,499,5.5,0,1,0,0,0,0,0,0,0.18,0.18,0,0.18,Matches
Pablo Martinez\Pablo-Martinez,fr FRA,DF,Angers,27,1989,9,622,6.9,0,0,0,0,0,4,0,0,0,0,0,0,Matches
Jonathan Martins Pereira\Jonathan-Martins-Pereira,fr FRA,DF,Guingamp,30,1986,13,1010,11.2,0,0,0,0,0,4,2,0,0,0,0,0,Matches
Joris Marveaux\Joris-Marveaux,mq MTQ,MF,Montpellier,33,1982,8,366,4.1,0,0,0,0,0,0,0,0,0,0,0,0,Matches
Sylvain Marveaux\Sylvain-Marveaux,fr FRA,MFFW,Lorient,30,1986,24,1907,21.2,5,7,5,0,0,1,0,0.24,0.33,0.57,0.24,0.57,Matches
Jean-Philippe Mateta\Jean-Philippe-Mateta,fr FRA,FW,Lyon,19,1997,2,86,1,0,0,0,0,0,0,0,0,0,0,0,0,Matches
Boris Mathis\Boris-Mathis,fr FRA,FW,Metz,18,1997,2,22,0.2,0,0,0,0,0,0,0,0,0,0,0,0,Matches
Blaise Matuidi\Blaise-Matuidi,fr FRA,MF,Paris S-G,29,1987,34,2415,26.8,4,4,4,0,0,4,0,0.15,0.15,0.3,0.15,0.3,Matches
Rio Mavuba\Rio-Mavuba,fr FRA,MF,Lille,32,1984,18,1117,12.4,0,0,0,0,0,4,1,0,0,0,0,0,Matches
Maxwell\Maxwell,br BRA,DF,Paris S-G,34,1981,20,1713,19,0,6,0,0,0,0,0,0,0.32,0.32,0,0.32,Matches
Youssef Maziz\Youssef-Maziz,fr FRA,MF,Metz,18,1998,1,15,0.2,0,0,0,0,0,0,0,0,0,0,0,0,Matches
Kylian Mbappé\Kylian-Mbappe,fr FRA,FWMF,Monaco,17,1998,29,1498,16.6,15,7,15,0,0,2,0,0.9,0.42,1.32,0.9,1.32,Matches
Isaac Mbenza\Isaac-Mbenza,be BEL,MF,Montpellier,20,1996,16,945,10.5,3,1,3,0,0,0,0,0.29,0.1,0.38,0.29,0.38,Matches
Pedro Mendes\Pedro-Mendes,pt POR,DF,Rennes,25,1990,19,1664,18.5,0,0,0,0,0,7,0,0,0,0,0,0,Matches
Ryan Mendes\Ryan-Mendes,cv CPV,MFFW,Lille,26,1990,7,236,2.6,0,0,0,0,0,0,0,0,0,0,0,0,Matches
Alexandre Mendy\Alexandre-Mendy,gw GNB,FW,Guingamp,22,1994,22,814,9,3,0,3,0,0,2,0,0.33,0,0.33,0.33,0.33,Matches
Benjamin Mendy\Benjamin-Mendy,fr FRA,DF,Monaco,22,1994,25,2056,22.8,0,5,0,0,0,6,1,0,0.22,0.22,0,0.22,Matches
Hamza Mendyl\Hamza-Mendyl,ma MAR,DF,Lille,18,1997,1,12,0.1,0,0,0,0,0,0,0,0,0,0,0,0,Matches
Jérémy Ménez\Jeremy-Menez,fr FRA,FW,Bordeaux,29,1987,26,1472,16.4,3,3,3,0,1,4,1,0.18,0.18,0.37,0.18,0.37,Matches
Walid Mesloub\Walid-Mesloub,dz ALG,MF,Lorient,30,1985,21,1181,13.1,0,1,0,0,0,2,1,0,0.08,0.08,0,0.08,Matches
Thomas Meunier\Thomas-Meunier,be BEL,DF,Paris S-G,24,1991,22,1695,18.8,1,4,1,0,0,3,0,0.05,0.21,0.27,0.05,0.27,Matches
Mexer\Mexer,mz MOZ,DF,Rennes,27,1988,23,1817,20.2,1,1,1,0,0,3,0,0.05,0.05,0.1,0.05,0.1,Matches
Mathieu Michel\Mathieu-Michel,fr FRA,GK,Angers,24,1991,23,2070,23,0,0,0,0,0,1,0,0,0,0,0,0,Matches
Clément Michelin\Clement-Michelin,fr FRA,MFDF,Toulouse,19,1997,8,480,5.3,0,0,0,0,0,1,0,0,0,0,0,0,Matches
Guido Milán\Guido-Milan,ar ARG,DF,Metz,29,1987,22,1734,19.3,1,0,1,0,0,2,0,0.05,0,0.05,0.05,0.05,Matches
Wilfried Moimbé\Wilfried-Moimbe,fr FRA,MF,Nantes,27,1988,8,174,1.9,0,0,0,0,0,0,0,0,0,0,0,0,Matches
Florent Mollet\Florent-Mollet,fr FRA,MF,Metz,24,1991,25,892,9.9,0,1,0,0,0,4,0,0,0.1,0.1,0,0.1,Matches
Cédric Mongongu\Cedric-Mongongu,cd COD,DF,Montpellier,27,1989,3,29,0.3,0,0,0,0,0,0,0,0,0,0,0,0,Matches
Kévin Monnet-Paquet\Kevin-Monnet-Paquet,fr FRA,MFFW,Saint-Étienne,27,1988,34,2368,26.3,4,4,4,0,0,0,0,0.15,0.15,0.3,0.15,0.3,Matches
Steven Moreira\Steven-Moreira,fr FRA,DF,Rennes,21,1994,1,90,1,0,0,0,0,0,0,0,0,0,0,0,0,Matches
Steven Moreira\Steven-Moreira,fr FRA,DF,Lorient,21,1994,28,2514,27.9,0,2,0,0,0,6,0,0,0.07,0.07,0,0.07,Matches
Jérémy Morel\Jeremy-Morel,mg MAD,DF,Lyon,32,1984,29,2541,28.2,0,4,0,0,0,3,0,0,0.14,0.14,0,0.14,Matches
Mehdi Mostefa\Mehdi-Mostefa,dz ALG,MF,Bastia,32,1983,31,2339,26,0,1,0,0,0,9,0,0,0.04,0.04,0,0.04,Matches
Thiago Motta\Thiago-Motta,it ITA,MF,Paris S-G,33,1982,30,2228,24.8,0,1,0,0,0,7,1,0,0.04,0.04,0,0.04,Matches
François Moubandje\Francois-Moubandje,ch SUI,DF,Toulouse,26,1990,34,3035,33.7,0,1,0,0,0,4,0,0,0.03,0.03,0,0.03,Matches
Benjamin Moukandjo\Benjamin-Moukandjo,cm CMR,FWMF,Lorient,27,1988,25,1999,22.2,13,1,10,3,3,1,0,0.59,0.05,0.63,0.45,0.5,Matches
Jessy Moulin\Jessy-Moulin,fr FRA,GK,Saint-Étienne,30,1986,6,460,5.1,0,0,0,0,0,0,1,0,0,0,0,0,Matches
Steve Mounié\Steve-Mounie,bj BEN,FW,Montpellier,21,1994,35,2825,31.4,14,2,14,0,0,5,2,0.45,0.06,0.51,0.45,0.51,Matches
Lucas Moura\Lucas-Moura,br BRA,FWMF,Paris S-G,23,1992,37,2421,26.9,12,6,11,1,1,0,0,0.45,0.22,0.67,0.41,0.63,Matches
João Moutinho\Joao-Moutinho,pt POR,MF,Monaco,29,1986,31,1778,19.8,2,4,2,0,0,0,0,0.1,0.2,0.3,0.1,0.3,Matches
Ndombe Mubele\Ndombe-Mubele,cd COD,MFFW,Rennes,22,1994,15,1163,12.9,3,0,3,0,0,0,0,0.23,0,0.23,0.23,0.23,Matches
Nordi Mukiele\Nordi-Mukiele,fr FRA,DF,Montpellier,18,1997,17,1440,16,0,0,0,0,0,2,0,0,0,0,0,0,Matches
Vincent Muratori\Vincent-Muratori,fr FRA,DF,Nancy,28,1987,17,1399,15.5,0,0,0,0,0,5,1,0,0,0,0,0,Matches
Yrondu Musavu-King\Yrondu-Musavu-King,ga GAB,DF,Toulouse,24,1992,3,270,3,0,0,0,0,0,0,0,0,0,0,0,0,Matches
Arnold Mvuemba\Arnold-Mvuemba,cd COD,MF,Lorient,31,1985,32,2776,30.8,1,1,1,0,0,5,0,0.03,0.03,0.06,0.03,0.06,Matches
Mamadou N'Diaye\Mamadou-NDiaye,sn SEN,MF,Montpellier,21,1995,3,88,1,0,0,0,0,0,0,0,0,0,0,0,0,Matches
Kévin N'Doram\Kevin-NDoram,fr FRA,MF,Monaco,20,1996,5,321,3.6,0,0,0,0,0,0,0,0,0,0,0,0,Matches
Cheikh N'Doye\Cheikh-NDoye,sn SEN,MF,Angers,30,1986,33,2912,32.4,5,3,5,0,0,5,1,0.15,0.09,0.25,0.15,0.25,Matches
Guy N'dy Assembé\Guy-Ndy-Assembe,cm CMR,GK,Nancy,30,1986,23,2043,22.7,0,0,0,0,0,0,0,0,0,0,0,0,Matches
Serge N'Guessan\Serge-NGuessan,ci CIV,MF,Nancy,22,1994,9,560,6.2,0,0,0,0,0,4,0,0,0,0,0,0,Matches
Clinton N'Jie\Clinton-NJie,cm CMR,FWMF,Marseille,22,1993,22,1026,11.4,4,1,4,0,0,1,0,0.35,0.09,0.44,0.35,0.44,Matches
Mickael Nade\Mickael-Nade,fr FRA,DF,Saint-Étienne,17,1999,1,90,1,0,0,0,0,0,0,0,0,0,0,0,0,Matches
Préjuce Nakoulma\Prejuce-Nakoulma,bf BFA,FWMF,Nantes,29,1987,11,814,9,6,1,6,0,0,3,0,0.66,0.11,0.77,0.66,0.77,Matches
Lenny Nangis\Lenny-Nangis,fr FRA,MFFW,Bastia,22,1994,30,1382,15.4,0,2,0,0,0,8,0,0,0.13,0.13,0,0.13,Matches
Axel Ngando\Axel-Ngando,fr FRA,MFFW,Bastia,23,1993,20,907,10.1,0,1,0,0,0,1,0,0,0.1,0.1,0,0.1,Matches
Exaucé Ngassaki\Exauce-Ngassaki,cg CGO,FW,Caen,19,1997,1,3,0,0,0,0,0,0,0,0,0,0,0,0,0,Matches
Opa Nguette\Opa-Nguette,sn SEN,MFFW,Metz,22,1994,33,2219,24.7,2,2,2,0,0,4,0,0.08,0.08,0.16,0.08,0.16,Matches
Casimir Ninga\Casimir-Ninga,td CHA,MFFW,Montpellier,23,1993,9,514,5.7,5,2,5,0,0,2,0,0.88,0.35,1.23,0.88,1.23,Matches
Pavle Ninkov\Pavle-Ninkov,rs SRB,DF,Toulouse,31,1985,9,196,2.2,0,0,0,0,0,2,0,0,0,0,0,0,Matches
Nicolas Nkoulou\Nicolas-Nkoulou,cm CMR,DF,Lyon,26,1990,13,1170,13,0,0,0,0,0,2,0,0,0,0,0,0,Matches
Christopher Nkunku\Christopher-Nkunku,fr FRA,MFFW,Paris S-G,18,1997,8,398,4.4,1,0,1,0,0,2,0,0.23,0,0.23,0.23,0.23,Matches
Arnaud Nordin\Arnaud-Nordin,fr FRA,MFFW,Saint-Étienne,18,1998,15,608,6.8,2,0,2,0,0,1,0,0.3,0,0.3,0.3,0.3,Matches
Paul-Georges Ntep\Paul-Georges-Ntep,cm CMR,MF,Rennes,24,1992,15,1123,12.5,2,5,2,0,0,1,0,0.16,0.4,0.56,0.16,0.56,Matches
Dickson Nwakaeme\Dickson-Nwakaeme,ng NGA,FW,Angers,30,1986,6,92,1,0,0,0,0,0,1,0,0,0,0,0,0,Matches
Mounir Obbadi\Mounir-Obbadi,ma MAR,MF,Lille,33,1983,5,335,3.7,0,0,0,0,0,2,0,0,0,0,0,0,Matches
Mounir Obbadi\Mounir-Obbadi,ma MAR,MF,Nice,33,1983,6,304,3.4,0,0,0,0,0,2,0,0,0,0,0,0,Matches
David Oberhauser\David-Oberhauser,fr FRA,GK,Metz,25,1990,1,90,1,0,0,0,0,0,0,0,0,0,0,0,0,Matches
Sérgio Oliveira\Sergio-Oliveira,pt POR,MF,Nantes,24,1992,6,114,1.3,0,0,0,0,0,1,0,0,0,0,0,0,Matches
Prince Oniangué\Prince-Oniangue,cg CGO,MFFW,Bastia,27,1988,14,1115,12.4,3,0,3,0,0,2,0,0.24,0,0.24,0.24,0.24,Matches
Adam Ounas\Adam-Ounas,dz ALG,MFFW,Bordeaux,19,1996,26,1224,13.6,3,2,2,1,1,5,1,0.22,0.15,0.37,0.15,0.29,Matches
Vincent Pajot\Vincent-Pajot,fr FRA,MF,Saint-Étienne,25,1990,21,1364,15.2,3,0,3,0,0,2,0,0.2,0,0.2,0.2,0.2,Matches
Nicolas Pallois\Nicolas-Pallois,fr FRA,DF,Bordeaux,28,1987,31,2790,31,2,1,2,0,0,9,3,0.06,0.03,0.1,0.06,0.1,Matches
Julian Palmieri\Julian-Palmieri,fr FRA,DFMF,Lille,29,1986,22,1523,16.9,1,2,1,0,0,4,2,0.06,0.12,0.18,0.06,0.18,Matches
Felipe Pardo\Felipe-Pardo,co COL,MF,Nantes,25,1990,13,585,6.5,1,1,1,0,0,3,0,0.15,0.15,0.31,0.15,0.31,Matches
Bryan Passi\Bryan-Passi,fr FRA,DF,Montpellier,18,1997,3,145,1.6,0,0,0,0,0,1,0,0,0,0,0,0,Matches
Javier Pastore\Javier-Pastore,ar ARG,MFFW,Paris S-G,27,1989,15,864,9.6,0,4,0,0,0,0,0,0,0.42,0.42,0,0.42,Matches
Mateo Pavlovi_\Mateo-Pavlovic,ba BIH,DFFW,Angers,26,1990,12,856,9.5,1,1,1,0,0,2,1,0.11,0.11,0.21,0.11,0.21,Matches
Dimitri Payet\Dimitri-Payet,fr FRA,FW,Marseille,29,1987,15,1246,13.8,4,3,4,0,0,3,0,0.29,0.22,0.51,0.29,0.51,Matches
Benoît Pedretti\Benoit-Pedretti,fr FRA,MF,Nancy,35,1980,26,1870,20.8,1,2,1,0,0,7,1,0.05,0.1,0.14,0.05,0.14,Matches
Yohann Pelé\Yohann-Pele,fr FRA,GK,Marseille,33,1982,38,3420,38,0,0,0,0,0,3,0,0,0,0,0,0,Matches
Théo Pellenard\Theo-Pellenard,fr FRA,DF,Bordeaux,22,1994,6,459,5.1,0,0,0,0,0,1,0,0,0,0,0,0,Matches
Nicolas Pépé\Nicolas-Pepe,ci CIV,FW,Angers,21,1995,33,1321,14.7,3,1,3,0,0,2,0,0.2,0.07,0.27,0.2,0.27,Matches
Ricardo Pereira\Ricardo-Pereira,pt POR,MFDF,Nice,22,1993,24,2055,22.8,2,4,2,0,0,2,0,0.09,0.18,0.26,0.09,0.26,Matches
Loïc Perrin\Loic-Perrin,fr FRA,DF,Saint-Étienne,30,1985,27,2245,24.9,4,0,4,0,0,1,0,0.16,0,0.16,0.16,0.16,Matches
Denis Petri_\Denis-Petric,rs SRB,GK,Angers,28,1988,9,810,9,0,0,0,0,0,1,0,0,0,0,0,0,Matches
Mathieu Peybernes\Mathieu-Peybernes,fr FRA,DF,Bastia,25,1990,19,1640,18.2,0,0,0,0,0,0,0,0,0,0,0,0,Matches
Mathieu Peybernes\Mathieu-Peybernes,fr FRA,DF,Lorient,25,1990,18,1530,17,0,0,0,0,0,5,0,0,0,0,0,0,Matches
Romain Philippoteaux\Romain-Philippoteaux,fr FRA,MF,Lorient,28,1988,30,1557,17.3,2,1,2,0,0,3,0,0.12,0.06,0.17,0.12,0.17,Matches
Chris Philipps\Chris-Philipps,lu LUX,MFDF,Metz,22,1994,11,815,9.1,0,0,0,0,0,4,0,0,0,0,0,0,Matches
Jessy Pi\Jessy-Pi,fr FRA,MF,Toulouse,22,1993,15,428,4.8,0,0,0,0,0,1,0,0,0,0,0,0,Matches
Ronaël Pierre-Gabriel\Ronael-Pierre-Gabriel,fr FRA,DF,Saint-Étienne,18,1998,14,963,10.7,0,0,0,0,0,4,0,0,0,0,0,0,Matches
Laurent Pionnier\Laurent-Pionnier,fr FRA,GK,Montpellier,34,1982,25,2250,25,0,0,0,0,0,0,0,0,0,0,0,0,Matches
Jaroslav Pla_il\Jaroslav-Plasil,cz CZE,MF,Bordeaux,34,1982,37,2400,26.7,1,4,1,0,0,2,0,0.04,0.15,0.19,0.04,0.19,Matches
Alassane Pléa\Alassane-Plea,fr FRA,FW,Nice,23,1993,25,1840,20.4,11,2,10,1,2,1,0,0.54,0.1,0.64,0.49,0.59,Matches
Morgan Poaty\Morgan-Poaty,cg CGO,DF,Montpellier,19,1997,3,51,0.6,0,0,0,0,0,0,1,0,0,0,0,0,Matches
Florentin Pogba\Florentin-Pogba,gn GUI,DF,Saint-Étienne,25,1990,17,1363,15.1,1,1,1,0,0,1,0,0.07,0.07,0.13,0.07,0.13,Matches
Luká_ Pokorn_\Lukas-Pokorny,cz CZE,DF,Montpellier,23,1993,13,1089,12.1,0,0,0,0,0,2,0,0,0,0,0,0,Matches
Pierre-Yves Polomat\Pierre-Yves-Polomat,fr FRA,DFMF,Saint-Étienne,22,1993,11,645,7.2,0,1,0,0,0,2,0,0,0.14,0.14,0,0.14,Matches
Maxime Poundjé\Maxime-Poundje,fr FRA,DF,Bordeaux,23,1992,7,585,6.5,0,0,0,0,0,0,0,0,0,0,0,0,Matches
Sanjin Prci_\Sanjin-Prcic,ba BIH,MF,Rennes,22,1993,25,1852,20.6,1,1,1,0,0,3,2,0.05,0.05,0.1,0.05,0.1,Matches
Nicolas de Préville\Nicolas-de-Preville,fr FRA,MFFW,Lille,25,1991,30,2059,22.9,14,5,10,4,4,2,0,0.61,0.22,0.83,0.44,0.66,Matches
Jérôme Prior\Jerome-Prior,fr FRA,GK,Bordeaux,20,1995,14,1260,14,0,0,0,0,0,0,0,0,0,0,0,0,Matches
Sloan Privat\Sloan-Privat,fr FRA,FW,Guingamp,27,1989,20,881,9.8,3,1,3,0,0,1,0,0.31,0.1,0.41,0.31,0.41,Matches
Loïc Puyo\Loic-Puyo,fr FRA,FW,Nancy,27,1988,22,1433,15.9,2,0,2,0,0,3,0,0.13,0,0.13,0.13,0.13,Matches
Antoine Rabillard\Antoine-Rabillard,fr FRA,FW,Marseille,20,1995,2,16,0.2,0,0,0,0,0,0,0,0,0,0,0,0,Matches
Adrien Rabiot\Adrien-Rabiot,fr FRA,MF,Paris S-G,21,1995,27,1935,21.5,3,2,3,0,0,2,0,0.14,0.09,0.23,0.14,0.23,Matches
Rafael\Rafael,br BRA,DFMF,Lyon,26,1990,27,2149,23.9,0,3,0,0,0,7,2,0,0.13,0.13,0,0.13,Matches
Andrea Raggi\Andrea-Raggi,it ITA,DF,Monaco,32,1984,14,966,10.7,0,0,0,0,0,0,0,0,0,0,0,0,Matches
Florian Raspentino\Florian-Raspentino,fr FRA,FW,Bastia,27,1989,9,282,3.1,0,0,0,0,0,0,0,0,0,0,0,0,Matches
Karim Rekik\Karim-Rekik,nl NED,DF,Marseille,21,1994,10,761,8.5,0,0,0,0,0,0,0,0,0,0,0,0,Matches
William Rémy\William-Remy,fr FRA,DFMF,Montpellier,25,1991,15,946,10.5,0,1,0,0,0,1,1,0,0.1,0.1,0,0.1,Matches
Paul Reulet\Paul-Reulet,fr FRA,GK,Caen,22,1994,3,197,2.2,0,0,0,0,0,0,0,0,0,0,0,0,Matches
Baptiste Reynet\Baptiste-Reynet,fr FRA,GK,Dijon,25,1990,37,3330,37,0,0,0,0,0,1,0,0,0,0,0,0,Matches
Rémy Riou\Remy-Riou,fr FRA,GK,Nantes,28,1987,22,1980,22,0,0,0,0,0,0,0,0,0,0,0,0,Matches
Yohann Rivière\Yohann-Riviere,fr FRA,FW,Dijon,31,1984,14,152,1.7,1,0,1,0,0,2,0,0.59,0,0.59,0.59,0.59,Matches
Jonathan Rivierez\Jonathan-Rivierez,fr FRA,DF,Metz,27,1989,16,1252,13.9,0,1,0,0,0,3,0,0,0.07,0.07,0,0.07,Matches
Antony Robic\Antony-Robic,fr FRA,FWMF,Nancy,30,1986,24,1162,12.9,0,0,0,0,1,3,0,0,0,0,0,0,Matches
Kenny Rocha Santos\Kenny-Rocha-Santos,cv CPV,MF,Saint-Étienne,16,2000,3,61,0.7,0,0,0,0,0,0,0,0,0,0,0,0,Matches
Ronny Rodelin\Ronny-Rodelin,fr FRA,MFFW,Caen,26,1989,37,2955,32.8,9,3,8,1,1,4,0,0.27,0.09,0.37,0.24,0.34,Matches
Diego Rolán\Diego-Rolan,uy URU,FW,Bordeaux,23,1993,29,1763,19.6,9,0,9,0,1,3,1,0.46,0,0.46,0.46,0.46,Matches
Rolando\Rolando,pt POR,DF,Marseille,30,1985,30,2618,29.1,4,0,4,0,0,2,0,0.14,0,0.14,0.14,0.14,Matches
Valentin Rongier\Valentin-Rongier,fr FRA,MF,Nantes,21,1994,31,2162,24,2,2,2,0,0,1,0,0.08,0.08,0.17,0.08,0.17,Matches
Lindsay Rose\Lindsay-Rose,mu MRI,DF,Lorient,24,1992,3,270,3,0,0,0,0,0,0,0,0,0,0,0,0,Matches
Lindsay Rose\Lindsay-Rose,mu MRI,DF,Bastia,24,1992,9,690,7.7,0,0,0,0,0,1,0,0,0,0,0,0,Matches
Valentin Rosier\Valentin-Rosier,fr FRA,DF,Dijon,19,1996,3,270,3,0,0,0,0,0,0,0,0,0,0,0,0,Matches
Jérôme Roussillon\Jerome-Roussillon,fr FRA,DF,Montpellier,23,1993,32,2740,30.4,1,2,1,0,0,3,0,0.03,0.07,0.1,0.03,0.1,Matches
Nolan Roux\Nolan-Roux,fr FRA,FW,Saint-Étienne,28,1988,21,1226,13.6,4,2,1,3,3,2,0,0.29,0.15,0.44,0.07,0.22,Matches
Stéphane Ruffier\Stephane-Ruffier,fr FRA,GK,Saint-Étienne,29,1986,31,2790,31,0,0,0,0,0,0,0,0,0,0,0,0,Matches
Vincent Rüfli\Vincent-Rufli,ch SUI,DFMF,Dijon,28,1988,19,1480,16.4,0,2,0,0,0,8,0,0,0.12,0.12,0,0.12,Matches
Maciej Rybus\Maciej-Rybus,pl POL,DFMF,Lyon,26,1989,19,1235,13.7,0,1,0,0,0,1,0,0,0.07,0.07,0,0.07,Matches
Youssouf Sabaly\Youssouf-Sabaly,sn SEN,DF,Bordeaux,23,1993,30,2646,29.4,0,4,0,0,0,3,0,0,0.14,0.14,0,0.14,Matches
Wesley Saïd\Wesley-Said,fr FRA,MFFW,Rennes,21,1995,25,1031,11.5,4,0,4,0,0,1,0,0.35,0,0.35,0.35,0.35,Matches
Jamel Saihi\Jamel-Saihi,tn TUN,MF,Angers,29,1987,5,235,2.6,0,0,0,0,0,0,0,0,0,0,0,0,Matches
Jamel Saihi\Jamel-Saihi,tn TUN,MF,Montpellier,29,1987,2,61,0.7,0,0,0,0,0,0,0,0,0,0,0,0,Matches
Dylan Saint-Louis\Dylan-Saint-Louis,cg CGO,MF,Saint-Étienne,21,1995,1,83,0.9,1,0,1,0,0,0,0,1.08,0,1.08,1.08,1.08,Matches
Allan Saint-Maximin\Allan-Saint-Maximin,fr FRA,MFFW,Bastia,19,1997,34,2696,30,3,3,3,0,0,1,1,0.1,0.1,0.2,0.1,0.2,Matches
Nicolas Saint-Ruf\Nicolas-Saint-Ruf,fr FRA,DF,Montpellier,23,1992,7,620,6.9,0,0,0,0,0,0,0,0,0,0,0,0,Matches
Nicolas Saint-Ruf\Nicolas-Saint-Ruf,fr FRA,DF,Bastia,23,1992,5,316,3.5,0,0,0,0,0,1,3,0,0,0,0,0,Matches
Henri Saivet\Henri-Saivet,sn SEN,MF,Saint-Étienne,25,1990,27,1765,19.6,1,2,1,0,0,3,0,0.05,0.1,0.15,0.05,0.15,Matches
Hiroki Sakai\Hiroki-Sakai,jp JPN,DF,Marseille,26,1990,35,3012,33.5,0,2,0,0,0,6,0,0,0.06,0.06,0,0.06,Matches
Emiliano Sala\Emiliano-Sala,ar ARG,FW,Nantes,25,1990,34,2562,28.5,12,5,11,1,2,6,0,0.42,0.18,0.6,0.39,0.56,Matches
Yannis Salibur\Yannis-Salibur,fr FRA,MFFW,Guingamp,25,1991,35,2809,31.2,8,4,7,1,1,2,0,0.26,0.13,0.38,0.22,0.35,Matches
Romain Salin\Romain-Salin,fr FRA,GK,Guingamp,32,1984,1,90,1,0,0,0,0,0,0,0,0,0,0,0,0,Matches
Frédéric Sammaritano\Frederic-Sammaritano,fr FRA,MFFW,Dijon,30,1986,31,1965,21.8,4,4,3,1,2,3,0,0.18,0.18,0.37,0.14,0.32,Matches
Pape Sané\Pape-Sane,sn SEN,FW,Caen,24,1991,13,341,3.8,1,0,1,0,0,0,0,0.26,0,0.26,0.26,0.26,Matches
Ibrahim Sangaré\Ibrahim-Sangare,ci CIV,MF,Toulouse,18,1997,5,262,2.9,0,0,0,0,0,1,0,0,0,0,0,0,Matches
Younousse Sankharé\Younousse-Sankhare,sn SEN,MF,Lille,26,1989,21,1576,17.5,2,1,2,0,0,3,2,0.11,0.06,0.17,0.11,0.17,Matches
Younousse Sankharé\Younousse-Sankhare,sn SEN,MF,Bordeaux,26,1989,16,1391,15.5,4,2,4,0,0,2,0,0.26,0.13,0.39,0.26,0.39,Matches
Baissama Sankoh\Baissama-Sankoh,gn GUI,MFDF,Guingamp,24,1992,17,1046,11.6,0,0,0,0,0,3,0,0,0,0,0,0,Matches
Killian Sanson\Killian-Sanson,fr FRA,MF,Montpellier,19,1997,1,15,0.2,0,0,0,0,0,0,0,0,0,0,0,0,Matches
Morgan Sanson\Morgan-Sanson,fr FRA,MF,Montpellier,21,1994,20,1742,19.4,3,3,3,0,0,2,0,0.15,0.15,0.31,0.15,0.31,Matches
Morgan Sanson\Morgan-Sanson,fr FRA,MF,Marseille,21,1994,17,1358,15.1,1,3,1,0,0,1,0,0.07,0.2,0.27,0.07,0.27,Matches
Baptiste Santamaria\Baptiste-Santamaria,fr FRA,MF,Angers,21,1995,37,3070,34.1,0,0,0,0,0,2,0,0,0,0,0,0,Matches
Ivan Santini\Ivan-Santini,hr CRO,FW,Caen,27,1989,34,2874,31.9,15,3,12,3,4,7,0,0.47,0.09,0.56,0.38,0.47,Matches
Bouna Sarr\Bouna-Sarr,gn GUI,MFFW,Marseille,24,1992,26,941,10.5,0,1,0,0,0,1,0,0,0.1,0.1,0,0.1,Matches
Ismaila Sarr\Ismaila-Sarr,sn SEN,MF,Metz,18,1998,31,1943,21.6,5,1,5,0,0,2,0,0.23,0.05,0.28,0.23,0.28,Matches
Malang Sarr\Malang-Sarr,fr FRA,DF,Nice,17,1999,27,2207,24.5,1,1,1,0,0,4,0,0.04,0.04,0.08,0.04,0.08,Matches
Faïz Selemani\Faiz-Selemani,km COM,FWMF,Lorient,22,1993,3,67,0.7,0,0,0,0,0,2,0,0,0,0,0,0,Matches
Ole Selnæs\Ole-Selnaes,no NOR,MF,Saint-Étienne,22,1994,26,2067,23,0,0,0,0,0,4,0,0,0,0,0,0,Matches
Jean Seri\Jean-Seri,ci CIV,MF,Nice,25,1991,34,2982,33.1,7,9,5,2,2,4,0,0.21,0.27,0.48,0.15,0.42,Matches
Grégory Sertic\Gregory-Sertic,fr FRA,DFMF,Marseille,26,1989,8,654,7.3,0,0,0,0,0,0,0,0,0,0,0,0,Matches
Grégory Sertic\Gregory-Sertic,fr FRA,MFDF,Bordeaux,26,1989,17,1365,15.2,1,1,1,0,0,2,0,0.07,0.07,0.13,0.07,0.13,Matches
Stéphane Sessègnon\Stephane-Sessegnon,bj BEN,MF,Montpellier,32,1984,27,2314,25.7,2,2,2,0,0,4,2,0.08,0.08,0.16,0.08,0.16,Matches
Nicolas Seube\Nicolas-Seube,fr FRA,MF,Caen,36,1979,20,1031,11.5,0,0,0,0,0,3,0,0,0,0,0,0,Matches
Moussa Seydi\Moussa-Seydi,sn SEN,FW,Metz,19,1996,1,22,0.2,0,0,0,0,0,0,0,0,0,0,0,0,Matches
Djibril Sidibé\Djibril-Sidibe,fr FRA,DF,Monaco,24,1992,29,2321,25.8,2,5,2,0,0,7,0,0.08,0.19,0.27,0.08,0.27,Matches
Franck Signorino\Franck-Signorino,fr FRA,DF,Metz,34,1981,17,1476,16.4,0,0,0,0,0,3,0,0,0,0,0,0,Matches
Kolbeinn Sig_órsson\Kolbeinn-Sigthorsson,is ISL,FW,Nantes,26,1990,2,155,1.7,0,0,0,0,0,0,0,0,0,0,0,0,Matches
Bernardo Silva\Bernardo-Silva,pt POR,MF,Monaco,21,1994,37,2782,30.9,8,8,8,0,0,3,0,0.26,0.26,0.52,0.26,0.52,Matches
Thiago Silva\Thiago-Silva,br BRA,DF,Paris S-G,31,1984,27,2385,26.5,3,1,3,0,0,1,0,0.11,0.04,0.15,0.11,0.15,Matches
Giovanni Sio\Giovanni-Sio,ci CIV,FW,Rennes,27,1989,34,2678,29.8,9,1,9,0,0,6,0,0.3,0.03,0.34,0.3,0.34,Matches
Pantxi Sirieix\Pantxi-Sirieix,fr FRA,MF,Toulouse,35,1980,4,43,0.5,0,0,0,0,0,0,0,0,0,0,0,0,Matches
Ellyes Skhiri\Ellyes-Skhiri,tn TUN,MF,Montpellier,21,1995,37,3281,36.5,1,1,1,0,0,3,0,0.03,0.03,0.05,0.03,0.05,Matches
Naïm Sliti\Naim-Sliti,tn TUN,MFFW,Lille,24,1992,16,955,10.6,1,2,1,0,0,1,0,0.09,0.19,0.28,0.09,0.28,Matches
Somália\Somalia,br BRA,MFDF,Toulouse,27,1988,28,1812,20.1,0,1,0,0,0,2,1,0,0.05,0.05,0,0.05,Matches
Jérémy Sorbon\Jeremy-Sorbon,fr FRA,DF,Guingamp,32,1983,33,2945,32.7,1,0,1,0,0,1,0,0.03,0,0.03,0.03,0.03,Matches
Adama Soumaoro\Adama-Soumaoro,fr FRA,DF,Lille,24,1992,27,2326,25.8,0,0,0,0,0,1,1,0,0,0,0,0,Matches
Arnaud Souquet\Arnaud-Souquet,fr FRA,DFMF,Nice,24,1992,26,2340,26,1,4,1,0,0,3,0,0.04,0.15,0.19,0.04,0.19,Matches
Sébastien Squillaci\Sebastien-Squillaci,fr FRA,DF,Bastia,35,1980,10,855,9.5,0,0,0,0,0,2,0,0,0,0,0,0,Matches
Bassem Srarfi\Bassem-Srarfi,tn TUN,FWMF,Nice,19,1997,5,41,0.5,0,0,0,0,0,0,0,0,0,0,0,0,Matches
Mariusz St_pi_ski\Mariusz-Stepinski,pl POL,FW,Nantes,21,1995,21,1174,13,4,3,4,0,0,1,0,0.31,0.23,0.54,0.31,0.54,Matches
Danijel Suba_i_\Danijel-Subasic,hr CRO,GK,Monaco,31,1984,36,3240,36,0,0,0,0,0,1,0,0,0,0,0,0,Matches
Gilles Sunu\Gilles-Sunu,tg TOG,FW,Angers,25,1991,23,814,9,0,0,0,0,0,1,0,0,0,0,0,0,Matches
Stoppila Sunzu\Stoppila-Sunzu,zm ZAM,DF,Lille,27,1989,4,198,2.2,0,0,0,0,0,0,0,0,0,0,0,0,Matches
Seydou Sy\Seydou-Sy,sn SEN,GK,Monaco,20,1995,1,45,0.5,0,0,0,0,0,0,0,0,0,0,0,0,Matches
Issiaga Sylla\Issiaga-Sylla,gn GUI,MFDF,Toulouse,22,1994,27,1674,18.6,1,1,1,0,0,6,0,0.05,0.05,0.11,0.05,0.11,Matches
Yacouba Sylla\Yacouba-Sylla,ml MLI,MF,Montpellier,25,1990,19,1076,12,1,0,1,0,0,4,0,0.08,0,0.08,0.08,0.08,Matches
Alexander Søderlund\Alexander-Soderlund,no NOR,FW,Saint-Étienne,28,1987,17,903,10,1,1,1,0,0,2,0,0.1,0.1,0.2,0.1,0.2,Matches
Mehdi Tahrat\Mehdi-Tahrat,dz ALG,MF,Angers,26,1990,7,297,3.3,0,0,0,0,0,2,0,0,0,0,0,0,Matches
Flavien Tait\Flavien-Tait,fr FRA,FWMF,Angers,23,1993,11,438,4.9,2,2,2,0,0,1,0,0.41,0.41,0.82,0.41,0.82,Matches
Oussama Tannane\Oussama-Tannane,ma MAR,FWMF,Saint-Étienne,22,1994,17,1279,14.2,1,1,1,0,0,3,2,0.07,0.07,0.14,0.07,0.14,Matches
Júlio Tavares\Julio-Tavares,cv CPV,FW,Dijon,27,1988,35,2760,30.7,9,3,7,2,2,3,0,0.29,0.1,0.39,0.23,0.33,Matches
Jordan Tell\Jordan-Tell,fr FRA,FW,Caen,19,1997,5,61,0.7,0,0,0,0,0,0,0,0,0,0,0,0,Matches
Martin Terrier\Martin-Terrier,fr FRA,MF,Lille,19,1997,11,256,2.8,1,0,1,0,0,0,0,0.35,0,0.35,0.35,0.35,Matches
Florian Thauvin\Florian-Thauvin,fr FRA,FWMF,Marseille,23,1993,38,2956,32.8,15,9,14,1,1,2,0,0.46,0.27,0.73,0.43,0.7,Matches
Alexis Thébaux\Alexis-Thebaux,fr FRA,GK,Bastia,31,1985,1,90,1,0,0,0,0,0,0,0,0,0,0,0,0,Matches
Kévin Théophile-Catherine\Kevin-Theophile-Catherine,fr FRA,DF,Saint-Étienne,26,1989,31,2730,30.3,0,2,0,0,0,3,0,0,0.07,0.07,0,0.07,Matches
Vincent Thill\Vincent-Thill,lu LUX,MF,Metz,16,2000,1,9,0.1,0,0,0,0,0,0,0,0,0,0,0,0,Matches
Romain Thomas\Romain-Thomas,fr FRA,DF,Angers,28,1988,36,3208,35.6,1,0,1,0,0,5,1,0.03,0,0.03,0.03,0.03,Matches
Adrien Thomasson\Adrien-Thomasson,fr FRA,MF,Nantes,22,1993,29,1935,21.5,2,2,2,0,0,5,1,0.09,0.09,0.19,0.09,0.19,Matches
Nicolaj Thomsen\Nicolaj-Thomsen,dk DEN,MFFW,Nantes,23,1993,13,744,8.3,1,0,1,0,0,1,0,0.12,0,0.12,0.12,0.12,Matches
Marcel Tisserand\Marcel-Tisserand,cd COD,DF,Monaco,23,1993,1,90,1,0,0,0,0,0,1,0,0,0,0,0,0,Matches
Ola Toivonen\Ola-Toivonen,se SWE,MFFW,Toulouse,30,1986,35,1805,20.1,7,2,7,0,0,9,0,0.35,0.1,0.45,0.35,0.45,Matches
Karl Toko Ekambi\Karl-Toko-Ekambi,cm CMR,FW,Angers,23,1992,31,2428,27,7,4,7,0,0,0,0,0.26,0.15,0.41,0.26,0.41,Matches
Corentin Tolisso\Corentin-Tolisso,fr FRA,MF,Lyon,21,1994,31,2573,28.6,8,5,8,0,0,1,1,0.28,0.17,0.45,0.28,0.45,Matches
Jérémy Toulalan\Jeremy-Toulalan,fr FRA,MF,Bordeaux,32,1983,30,2601,28.9,0,0,0,0,0,5,0,0,0,0,0,0,Matches
Abdoulaye Touré\Abdoulaye-Toure,fr FRA,MF,Nantes,22,1994,12,377,4.2,0,0,0,0,0,1,0,0,0,0,0,0,Matches
Almamy Touré\Almamy-Toure,ml MLI,DF,Monaco,20,1996,15,1084,12,0,4,0,0,0,0,0,0,0.33,0.33,0,0.33,Matches
Thomas Touré\Thomas-Toure,ci CIV,MF,Bordeaux,22,1993,6,366,4.1,0,1,0,0,0,2,0,0,0.25,0.25,0,0.25,Matches
Zargo Touré\Zargo-Toure,sn SEN,DF,Lorient,26,1989,23,1885,20.9,1,0,1,0,0,5,1,0.05,0,0.05,0.05,0.05,Matches
Lucas Tousart\Lucas-Tousart,fr FRA,MF,Lyon,19,1997,22,1636,18.2,1,1,1,0,0,1,0,0.06,0.06,0.11,0.06,0.11,Matches
Abdou Traoré\Abdou-Traore,ml MLI,MF,Bordeaux,28,1988,6,97,1.1,0,0,0,0,0,0,0,0,0,0,0,0,Matches
Adama Traoré\Adama-Traore,ml MLI,MF,Monaco,21,1995,5,279,3.1,2,0,2,0,0,1,0,0.65,0,0.65,0.65,0.65,Matches
Ismaël Traoré\Ismael-Traore,ci CIV,DF,Angers,29,1986,32,2809,31.2,1,1,1,0,0,3,0,0.03,0.03,0.06,0.03,0.06,Matches
Kevin Trapp\Kevin-Trapp,de GER,GK,Paris S-G,26,1990,24,2123,23.6,0,0,0,0,0,0,0,0,0,0,0,0,Matches
Óscar Trejo\Oscar-Trejo,ar ARG,MF,Toulouse,28,1988,29,2308,25.6,2,5,2,0,0,4,0,0.08,0.19,0.27,0.08,0.27,Matches
Matthieu Udol\Matthieu-Udol,fr FRA,DF,Metz,20,1996,3,270,3,0,0,0,0,0,0,0,0,0,0,0,0,Matches
Valentín Vada\Valentin-Vada,ar ARG,MF,Bordeaux,20,1996,28,1879,20.9,6,2,4,2,2,4,0,0.29,0.1,0.38,0.19,0.29,Matches
William Vainqueur\William-Vainqueur,fr FRA,MF,Marseille,27,1988,29,2545,28.3,0,1,0,0,0,6,0,0,0.04,0.04,0,0.04,Matches
Mathieu Valbuena\Mathieu-Valbuena,fr FRA,MFFW,Lyon,31,1984,30,1558,17.3,8,5,8,0,0,6,0,0.46,0.29,0.75,0.46,0.75,Matches
Anthony Vanden Borre\Anthony-Vanden-Borre,be BEL,DF,Montpellier,28,1987,10,794,8.8,0,0,0,0,0,2,0,0,0,0,0,0,Matches
Cédric Varrault\Cedric-Varrault,fr FRA,DF,Dijon,36,1980,32,2792,31,3,0,3,0,0,4,2,0.1,0,0.1,0.1,0.1,Matches
Rémy Vercoutre\Remy-Vercoutre,fr FRA,GK,Caen,36,1980,34,3043,33.8,0,0,0,0,0,2,0,0,0,0,0,0,Matches
Jordan Veretout\Jordan-Veretout,fr FRA,MF,Saint-Étienne,23,1993,35,2942,32.7,3,4,3,0,0,6,0,0.09,0.12,0.21,0.09,0.21,Matches
Marco Verratti\Marco-Verratti,it ITA,MF,Paris S-G,23,1992,28,2148,23.9,3,5,3,0,0,6,0,0.13,0.21,0.34,0.13,0.34,Matches
Du_an Ve_kovac\Dusan-Veskovac,rs SRB,DF,Toulouse,30,1986,1,90,1,0,0,0,0,0,0,0,0,0,0,0,0,Matches
Thomas Vincensini\Thomas-Vincensini,fr FRA,GK,Bastia,22,1993,3,270,3,0,0,0,0,0,0,0,0,0,0,0,0,Matches
Thibaut Vion\Thibaut-Vion,fr FRA,FWMF,Metz,22,1993,13,532,5.9,2,1,2,0,0,2,0,0.34,0.17,0.51,0.34,0.51,Matches
Oswaldo Vizcarrondo\Oswaldo-Vizcarrondo,ve VEN,DF,Nantes,32,1984,20,1410,15.7,0,0,0,0,0,10,0,0,0,0,0,0,Matches
Alhassan Wakaso\Alhassan-Wakaso,gh GHA,MF,Lorient,24,1992,13,683,7.6,0,0,0,0,0,2,0,0,0,0,0,0,Matches
Anthony Walongwa\Anthony-Walongwa,cd COD,DF,Nantes,22,1993,3,249,2.8,0,0,0,0,0,1,0,0,0,0,0,0,Matches
Rémi Walter\Remi-Walter,fr FRA,MF,Nice,21,1995,22,1411,15.7,0,1,0,0,0,0,0,0,0.06,0.06,0,0.06,Matches
Yoane Wissa\Yoane-Wissa,cd COD,FWMF,Angers,19,1996,2,27,0.3,0,0,0,0,0,0,0,0,0,0,0,0,Matches
Xeka\Xeka,pt POR,MF,Lille,21,1994,13,1115,12.4,1,2,1,0,0,2,0,0.08,0.16,0.24,0.08,0.24,Matches
Steeve Yago\Steeve-Yago,bf BFA,DF,Toulouse,23,1992,22,1860,20.7,0,0,0,0,0,13,0,0,0,0,0,0,Matches
Alaeddine Yahia\Alaeddine-Yahia,tn TUN,DF,Caen,34,1981,31,2546,28.3,1,0,1,0,0,7,0,0.04,0,0.04,0.04,0.04,Matches
Mapou Yanga-Mbiwa\Mapou-Yanga-Mbiwa,fr FRA,DF,Lyon,27,1989,25,2131,23.7,0,0,0,0,0,7,0,0,0,0,0,0,Matches
Zaydou Youssouf\Zaydou-Youssouf,fr FRA,MF,Bordeaux,17,1999,2,69,0.8,0,0,0,0,0,0,0,0,0,0,0,0,Matches
Andre-Frank Zambo Anguissa\Andre-Frank-Zambo-Anguissa,cm CMR,MF,Marseille,20,1995,33,1969,21.9,0,1,0,0,0,3,0,0,0.05,0.05,0,0.05,Matches
Mehdi Zeffane\Mehdi-Zeffane,dz ALG,MF,Rennes,24,1992,1,74,0.8,0,0,0,0,0,0,0,0,0,0,0,0,Matches